Unnamed: 0,SuperMarketNew2004,SuperMarketPre1980,QuickServiceRestaurantNew2004,QuickServiceRestaurantPre1980,PrimarySchoolNew2004,PrimarySchoolPre1980,StripMallNew2004,StripMallPre1980,WarehouseNew2004,WarehousePre1980,Stand-aloneRetailNew2004,Stand-aloneRetailPre1980,SecondarySchoolNew2004,SecondarySchoolPre1980,FullServiceRestaurantNew2004,FullServiceRestaurantPre1980,SmallOfficeNew2004,SmallOfficePre1980,MediumOfficeNew2004,MediumOfficePre1980,LargeOfficeNew2004,LargeOfficePre1980,HospitalNew2004,HospitalPre1980,MidriseApartmentNew2004,MidriseApartmentPre1980,SmallHotelNew2004,SmallHotelPre1980,LargeHotelNew2004,LargeHotelPre1980
0,54.7942676045,58.7514739397,6.87293854685,7.95930391701,27.7723400695,32.7087072097,7.3287903758,9.4338607603,8.25213839426,8.82238741759,5.98564634105,7.74893270815,58.8784021124,65.4320256397,11.1487355369,13.8833967443,2.1140093842,2.4569416974,16.7876760881,19.0536960766,118.964310059,171.767654259,245.301178778,303.136499907,8.06629538894,9.87789512574,20.0256332553,25.5542504843,69.0082731468,79.7836197809
1,54.2962218895,58.1575998857,6.86031589427,7.94932584507,27.7719070418,32.7079735182,7.3287903758,9.4338607603,7.70791213723,7.58786692168,5.98564634105,7.74893270815,58.8779192764,65.431042042,11.1338904549,13.8649289661,2.1140093842,2.4569416974,16.7876760881,19.0536960766,118.964309955,130.360900723,244.619431657,302.237422597,8.05370254913,9.90948483675,19.766772711,25.235340792,68.4057937096,79.9152360427
2,53.7453088058,57.7654864463,4.82641000899,5.29018926756,27.7708625688,32.7067985399,7.3287903758,9.4338607603,8.34177073232,8.91392247717,5.98564634105,7.74893270815,58.8761115864,65.4291328653,7.4085068778,7.99035744277,2.1140093842,2.4569416974,16.7876760881,19.0536960766,118.964310011,171.740566445,243.954501074,301.362466541,7.75704064198,9.64203276071,19.6553730878,25.0912880316,68.0766133616,80.277831044
3,53.1778929468,57.5205102394,4.85363678419,5.29563265741,27.7706979113,32.7063260525,7.3287903758,9.4338607603,7.70791213723,7.58786692168,5.98564634105,7.74893270815,58.876051036,65.4288108495,7.43838820852,7.99274044204,2.1140093842,2.4569416974,16.7876760881,19.0536960766,118.964309945,130.360900714,243.722493743,301.024942954,7.75515955496,9.6610585499,19.5244748935,24.9532355885,67.8660991295,80.3525714098
4,52.6745182379,57.3596193717,4.85415277709,5.29204110344,27.7695697772,32.7049524261,7.3287903758,9.4338607603,8.36292127582,9.00301579208,5.98564634105,7.74893270815,58.8741132315,65.4267497706,7.43330096028,7.9859146576,2.1140093842,2.4569416974,16.7876760881,19.0536960766,118.964310044,131.641365507,243.298991563,300.480776457,7.60679424329,9.53613122681,16.9773102347,21.0488916264,58.7077214591,67.4383834204
5,52.2114270681,57.2023195362,4.85980762833,5.29032513023,27.7685438507,32.7036564511,7.3287903758,9.4338607603,7.70791213723,7.58786692168,5.98564634105,7.74893270815,58.8723735784,65.4247809505,7.43983346563,7.98383636017,2.1140093842,2.4569416974,16.7876760881,19.0536960766,118.964310015,130.360900783,243.034491419,300.136614017,7.60658370087,9.56390456919,16.8646603787,20.8792083243,58.2872996485,67.4901758106
6,51.823836163,57.098856872,4.86206552085,5.28834255714,27.7672684939,32.7021461726,7.3287903758,9.4338607603,8.38702420199,9.07597684317,5.98564634105,7.74893270815,58.8702508456,65.422454481,7.44184229653,7.98109702593,2.1140093842,2.4569416974,16.7876760881,19.0536960766,118.964310155,131.642888474,242.837998157,299.883251915,7.53371561436,9.51482467149,16.7951333078,20.7710282887,57.8820987103,67.573391828
7,51.5444220753,57.0826179148,4.86494698399,5.2873754839,27.7668720362,32.7015026483,7.3287903758,9.4338607603,7.70791213723,7.58786692168,5.98564634105,7.74893270815,58.8699236858,65.4218817369,7.44480536301,7.97961281706,2.1140093842,2.4569416974,16.7876760881,19.0536960766,118.96431016,130.360900936,242.701104035,299.703588949,7.53508009051,9.5204239635,16.7595681761,20.7106640791,57.9230407973,67.7054123752
8,54.6895861917,60.45715778,4.94098348445,5.36049930667,27.8778435078,32.8122557786,7.3287903758,9.4338607603,8.40063044059,9.1170582527,5.98564634105,7.74893270815,59.0921651617,65.6439559607,7.52092508303,8.05230742002,2.1140093842,2.4569416974,16.7876760881,19.0536960766,125.075408957,137.754573266,247.51836965,315.78058475,8.57618991332,10.568279332,17.5031615396,21.4546486006,61.2019159452,71.0673221165
9,54.4745173113,60.4188560571,4.94193977079,5.35927248539,27.8774629555,32.8116544325,7.3287903758,9.4338607603,7.70791213723,7.58786692168,5.98564634105,7.74893270815,59.0918335935,65.6434123077,7.52230670439,8.05077671939,2.1140093842,2.4569416974,16.7876760881,19.0536960766,125.075409008,136.47199997,247.358910995,315.576437471,8.57669773965,10.5783056566,17.4498353563,21.3988391656,61.3589951755,71.3488317333
10,54.0721427235,60.1716629791,6.96922724476,8.01164845696,27.8697883762,32.8038583935,7.3287903758,9.4338607603,8.40650223253,9.13587449164,5.98564634105,7.74893270815,59.0769709245,65.6284078666,11.2403388841,13.9476570612,2.1140093842,2.4569416974,16.7876760881,20.2287180373,137.298311191,149.97809248,247.397073706,315.635871978,10.8545912379,12.8201412679,19.5292146156,23.5626588526,67.5682761023,77.643110934
11,53.8778686184,60.1431889654,6.92615319478,8.01486603376,27.868851802,32.8027903831,7.3287903758,9.4338607603,7.70791213723,7.58786692168,5.98564634105,7.74893270815,59.0752941247,65.626561078,11.1936411038,13.9353951761,2.1140093842,2.4569416974,16.7876760881,19.0536960766,137.298311194,148.694901751,247.214779726,315.396724866,10.8581008369,12.8227978842,19.4745896369,23.5022794327,67.7279204091,77.9260573404
12,68.999707403,80.5325749801,14.1699953596,16.001741255,27.8746517246,32.8085265951,7.3287903758,9.4338607603,8.41320167079,9.15432501841,5.98564634105,7.74893270815,59.0873379593,65.6384245846,19.1880969168,22.436429434,2.1140093842,3.09916833665,16.7876760881,21.0242122535,161.742002449,174.423757753,283.66640356,363.084504422,13.5257607342,15.4659033151,29.8149262523,36.663704356,103.700018245,121.019676401
13,70.030104768,80.2750892787,14.1754305232,16.0050606705,27.8742217266,32.8080897606,7.3287903758,9.4338607603,7.70791213723,7.58786692168,5.98564634105,7.74893270815,59.0868939083,65.6378270511,19.1817738006,22.4359687942,2.1140093842,2.62886123276,16.7876760881,19.0536960766,161.74200242,173.138593226,283.617188172,363.028554035,13.5553751489,15.4308549767,29.9374833946,36.8753186886,104.206986362,122.045225026
14,70.7351546391,79.0280832843,12.8890623786,14.4999864459,23.5541033579,27.5153606218,1.5862903758,2.6843607603,3.9579679956,3.68317306524,1.85264634105,2.75143270815,50.0582353818,54.6347217424,20.8087593657,23.6345262971,0.962509384202,1.7172994175,9.3856760881,12.1197136889,148.333200338,155.84847115,279.34039189,355.939514351,12.2513230349,13.5702766855,35.3041521986,37.7705656631,123.057386484,158.893914399
15,70.9260283584,78.7426230122,12.8918235701,14.5023225868,23.5538435088,27.5163385064,1.5862903758,2.6843607603,3.24641213723,2.10886692168,1.85264634105,2.75143270815,50.0566507838,54.6351868979,20.8042057255,23.615403916,0.962509384202,1.33812005448,9.3856760881,10.1491960766,148.333200344,154.563291174,279.427218307,356.06793671,12.259857052,13.5460607119,35.6441125463,38.0421274797,124.598865618,156.630017597
16,97.2040310283,104.672719073,10.3938853897,12.0041362678,23.5540402134,27.5165809855,6.40836021779,11.3986958808,3.92785036233,3.60505575774,6.86334694081,13.7134292898,50.0578841797,54.6362492854,20.8034411915,23.6379171619,0.962509384202,1.72206084032,9.3856760881,12.1256268055,148.333200175,155.84405411,319.139027903,398.524596514,11.1582157863,12.4170209078,49.5198021428,54.5841906047,142.273971894,173.428618742
17,78.1506085859,85.3680126096,10.3913357881,12.0025235929,23.5595000302,27.5232465855,6.40836021779,11.3986958808,3.24641213723,2.10886692168,6.83095900059,13.6727044637,50.0676540448,54.6482086528,20.8075265829,23.6379339674,0.962509384202,1.0739416974,9.3856760881,10.1491960766,148.333200399,154.563291298,319.004418192,398.331198036,11.1545104281,12.3618322391,49.935148434,55.7484164455,144.129009469,173.073664193
18,78.0115255558,85.1000483836,10.3969288613,12.0077482365,23.5665411226,27.5312958722,6.40836021779,11.3986958808,3.8595981333,3.44112717646,6.78415738605,13.5754651722,50.0814583667,54.6629268578,17.065937382,19.884220767,0.962509384202,1.0739416974,9.3856760881,10.1491960766,129.999903513,137.51009707,315.040442935,394.277290108,9.722187628,10.9421378324,41.0207455946,47.9425705612,116.50700411,142.806303948
19,74.6325528091,81.8128519136,10.3988889448,12.0100315703,23.569684465,27.5351691821,6.40836021779,11.3986958808,3.24641213723,2.10886692168,6.69485431664,13.4439010468,50.0879539436,54.6695301952,17.060269465,19.8805580025,0.962509384202,1.0739416974,9.3856760881,10.1491960766,129.999903727,136.229994601,315.269230961,394.628751926,9.7658120706,10.8492966154,41.4458603549,48.6087790556,117.410645373,144.159979377
20,92.6328100762,106.153999805,12.8970529459,14.5079680155,23.5679949379,27.5345892865,13.2295917366,24.8083497066,3.77031515131,3.20880519783,14.0769297984,26.2159757457,50.083736509,54.6661444961,20.8067879347,23.6473050516,0.962509384202,1.0739416974,9.3856760881,10.1491960766,105.555507908,111.785598783,319.228682172,398.652491244,8.53409035707,9.25312715583,28.5153544758,34.5382581899,95.6662313454,118.231817887
21,92.8186483683,106.284464757,12.9069745912,14.517541999,23.5729920374,27.5412973518,13.2295917366,24.8083497066,3.24641213723,2.10886692168,14.098680808,26.2159757457,50.0926431489,54.6768180577,20.819835156,23.6539286389,0.962509384202,1.0739416974,9.3856760881,10.1491960766,105.555508035,111.785598918,319.848481222,399.429556903,8.50125254188,9.2116339287,28.2307302209,34.6330729034,95.4501689722,118.469113968
22,103.051779299,116.321568375,13.6940291612,15.3045312145,23.8932856317,27.8629847094,13.2295917366,24.8083497066,3.65713170413,3.00675395565,14.0685395644,26.2159757457,50.3897354475,54.9751953432,21.2178491437,24.0344862346,0.962509384202,1.0739416974,9.3856760881,10.1491960766,105.555977441,111.786068313,320.628567045,400.36408901,8.67497253732,9.2254098821,27.1260142301,32.8488349678,93.9035993482,116.035397035
23,110.868092483,124.075202946,13.228267481,14.8389257503,23.9274581817,27.8974919244,13.2295917366,24.8083497066,3.24641213723,2.10886692168,14.0685395644,26.2159757457,50.630324309,55.2140833721,21.1300109658,23.9688172436,0.962509384202,1.0739416974,9.3856760881,10.1491960766,105.555977369,111.786068241,321.519937923,401.445489348,8.68457682316,9.2078063412,27.0981977088,32.797849391,93.3770079464,115.590090439
24,114.062373616,131.651406472,13.1568967274,14.7670866154,23.5648723674,27.5360137594,17.7770794158,33.7481189238,3.59389811848,2.91119414543,19.0855610152,34.8281426649,50.0744315748,54.6585796775,20.8702620877,23.6892382307,0.962509384202,1.0739416974,9.3856760881,10.1491960766,105.555977355,111.786068227,320.963133505,400.999393462,8.82014827211,9.10189156932,27.7394801707,33.3132035214,92.9941605757,115.859171752
25,111.661644053,129.282166332,12.9127822193,14.5231103056,23.5665116102,27.5383055076,17.7770794158,33.7481189238,3.24641213723,2.10886692168,19.0855610152,34.8281426649,50.0767519226,54.6606471106,20.8143245727,23.6470447365,0.962509384202,1.0739416974,9.3856760881,10.1491960766,105.555977565,111.786068439,321.506733558,401.715479041,8.88923706335,9.07218031481,27.8458245258,33.5134954709,92.8500175469,117.44112403
26,113.22420796,130.881393167,12.929457375,14.53928608,23.5855862779,27.5580443746,17.7770794158,33.7481189238,3.53614345369,2.81458591462,19.0855610152,34.8281426649,50.1138308934,54.6977339192,17.0850321564,19.9048269368,0.962509384202,1.0739416974,9.3856760881,10.1491960766,105.556681797,111.786772666,318.08747118,398.381139648,8.71114194952,8.83326498064,27.8538444612,33.8840099296,83.2779100043,105.414958849
27,111.439696224,129.155958124,12.9274001484,14.5377481977,23.5847628857,27.5578509093,17.7770794158,33.7481189238,3.24641213723,2.10886692168,19.0855610152,34.8281426649,50.1109174033,54.6949170342,17.0778816798,19.8990808566,0.962509384202,1.0739416974,9.3856760881,10.1491960766,105.556681736,111.786772607,318.086085181,398.389053957,8.67027014576,8.83994211692,27.7517918887,33.7094262116,82.7123066727,104.206092074
28,109.705074191,127.391951488,10.4302283621,12.0414613108,23.5906587838,27.5642130274,17.7770794158,33.7481189238,3.52958792956,2.84303174121,19.0855610152,34.8281426649,50.1210273155,54.7051141878,17.0810550897,19.9027561787,0.962509384202,1.0739416974,9.3856760881,10.1491960766,105.55597748,111.786068355,318.156755511,398.483066795,8.5524423666,8.77487328719,27.628302454,33.4740363198,82.3712564463,103.790967461
29,109.577085497,127.266233905,10.4222503816,12.0335973849,23.5896723973,27.5634443975,17.7770794158,33.7481189238,3.24641213723,2.10886692168,19.0855610152,34.8281426649,50.1176601665,54.7018488134,17.0767979779,19.8995228786,0.962509384202,1.0739416974,9.3856760881,10.1491960766,105.555977635,111.786068511,317.992589753,398.282698208,8.49927987552,8.79983433188,27.504392327,33.1763218088,81.8720779705,102.491118016
30,107.515872364,125.205523319,10.4123588073,12.0247615031,23.5808478184,27.554493019,17.7770794158,33.7481189238,3.56224034822,2.93704650023,19.0855610152,34.8281426649,50.0987526095,54.6829434016,17.0679689947,19.8905545666,0.962509384202,1.0739416974,9.3856760881,10.1491960766,105.555508024,111.785598903,317.691434758,397.918160481,9.19736459559,9.50303001882,27.320792875,32.7394111771,81.1519381416,101.434080361
31,107.394681587,125.085126921,10.4092764088,12.0212137699,23.5794149506,27.55258799,17.7770794158,33.7481189238,3.24641213723,2.10886692168,19.0855610152,34.8281426649,50.0949393276,54.6789970914,17.0673688688,19.8893585108,0.962509384202,1.0739416974,9.3856760881,10.1491960766,105.555508221,111.785599097,317.477931158,397.639450717,9.04107182532,9.5490217613,26.9312498299,32.147954704,80.0546803087,100.227154197
32,107.255267156,124.947054179,10.3661015496,11.9774636257,23.5280321273,27.5004525999,17.7770794158,33.7481189238,3.63731703778,3.11300168121,19.0855610152,34.8281426649,49.9913482415,54.5751654359,20.7775172665,23.6125404297,0.962509384202,1.0739416974,9.3856760881,10.1491960766,129.999903573,136.229994452,304.472026675,384.539312388,12.7318616768,13.3090480654,28.8413291376,33.5991312219,93.286748939,112.811708792
33,114.033453173,133.139893271,11.6297238208,13.4577676472,27.8141844336,32.7575998685,23.5195794158,40.4976189238,7.70791213723,7.58786692168,23.2739388972,39.8256426649,58.9518823137,65.5088216722,22.8983416114,26.1378694565,2.1140093842,2.4569416974,16.7876760881,19.0536960766,155.630903844,167.027494724,312.065814679,394.775584011,15.2945521803,16.5817655555,32.3181114259,41.1747353006,100.833663,125.126133728
34,99.6948399779,114.471294222,14.1281467488,15.9560420003,27.8121725327,32.7544501916,18.9720917366,31.5578497066,8.18692889428,8.78556917073,18.2208817559,31.2134757457,58.9477059201,65.5042912529,22.8957746863,26.1502448933,2.1140093842,2.4569416974,16.7876760881,19.0536960766,173.964200366,185.360791199,288.299792865,368.078475516,18.9856641133,20.1878861306,37.1351754084,44.308316358,113.819983145,136.112809545
35,99.7135995746,114.723038738,14.1311565744,15.9587250402,27.8117057598,32.7527660416,18.9720917366,31.5578497066,7.70791213723,7.58786692168,18.245964021,31.2148974492,58.9469922624,65.5032786043,22.8994800236,26.1384243117,2.1140093842,2.4569416974,16.7876760881,19.0536960766,173.964200466,185.360791348,288.147328796,367.854520002,18.9488016292,20.220141573,37.0568562645,44.1029939239,113.915228392,136.13337538
36,111.390730482,122.067056998,14.1322541903,15.9600501646,27.8116596739,32.7516905224,14.4246040574,22.6180804894,8.22823780301,8.88574601903,13.2406335103,22.6462874406,58.9475400086,65.5036612445,22.8984445223,26.1402777949,2.1140093842,2.4569416974,16.7876760881,19.0536960766,173.964200482,185.360791364,273.143298446,341.482197389,20.1614672689,21.3187380843,44.9111693092,56.2701219509,145.623113791,183.681153206
37,92.3995003115,103.13688673,14.1335512886,15.9612178991,27.8114075144,32.7505594422,14.4246040574,22.6180804894,7.70791213723,7.58786692168,13.2492623095,22.6783507147,58.9475518338,65.503536091,22.8989980789,26.1408587627,2.1140093842,2.4569416974,16.7876760881,19.0536960766,173.964200401,185.360791282,273.289425929,341.699094794,20.1516863254,21.3259794017,45.1222758892,56.6277947135,145.934655969,183.826216563
38,95.8439799181,106.609655832,14.2093909057,16.0372915018,27.9233271069,32.8618167941,7.3287903758,9.4338607603,8.27095218593,8.8899628949,5.98564634105,7.74893270815,59.1721253933,65.7279986262,19.2307831888,22.4725438277,2.1140093842,2.4569416974,16.7876760881,19.0536960766,161.742002635,174.414074039,270.029181698,338.48290348,19.6356240492,20.8585765207,45.7210341416,58.6117300725,148.254889906,192.822051962
39,92.6768323499,103.703488358,14.2099686934,16.0378773012,27.9227294909,32.8607617807,7.3287903758,9.4338607603,7.70791213723,7.58786692168,5.98564634105,7.74893270815,59.171740803,65.7275150105,19.2248752784,22.4670475312,2.1140093842,2.4569416974,16.7876760881,19.0536960766,161.74200255,173.13859337,270.202214325,338.749084958,19.6154854286,20.8720007097,45.8505350842,58.8354966267,148.719690208,193.805396911
40,89.2429354718,100.131244261,11.7063189644,13.5341993754,27.9158627444,32.8535816501,7.3287903758,9.4338607603,8.28834190758,8.89331343802,5.98564634105,7.74893270815,59.1589057411,65.7145776321,19.219736823,22.4618137341,2.1140093842,2.4569416974,16.7876760881,19.0536960766,161.742002631,195.204960394,254.856219622,323.569339769,19.3843525195,20.6547394387,49.3196973384,62.2352814195,159.848171618,208.009373476
41,89.4244114493,100.338649004,11.7034402715,13.5315206875,27.9154358232,32.8529637214,7.3287903758,9.4338607603,7.70791213723,7.58786692168,5.98564634105,7.74893270815,59.158767419,65.7143782566,19.2191585842,22.4613604825,2.1140093842,2.4569416974,16.7876760881,19.0536960766,161.742002585,173.138593406,255.033861595,323.827618071,19.3545778028,20.6717211088,49.3368712135,62.2900991706,159.951949403,207.772650244
42,79.8680374462,90.6094172795,11.667162183,13.4953699935,27.8547841788,32.7925625198,7.3287903758,9.4338607603,8.29941815901,8.87221765103,5.98564634105,7.74893270815,59.0389570948,65.595043613,19.1824796841,22.4247110068,2.1140093842,2.4569416974,16.7876760881,19.0536960766,149.520508931,183.0101647,255.15281621,324.048675133,16.609910194,17.9395620956,48.2125251673,61.1399020524,146.349360703,190.740873101
43,80.5876354668,91.2112961224,11.6676213358,13.4959361971,27.8562864469,32.7927389843,7.3287903758,9.4338607603,7.70791213723,7.58786692168,5.98564634105,7.74893270815,59.0438712848,65.5979868399,19.1815625435,22.4240175734,2.1140093842,2.4569416974,16.7876760881,19.0536960766,149.520509387,160.917099986,255.542971313,324.561554096,16.5874154356,17.9448411534,48.2510736504,61.2172701145,146.729890316,191.112317706
44,55.4068668331,58.616261224,11.6135228907,13.4419003452,27.7742898603,32.7107923558,7.3287903758,9.4338607603,8.29942071047,8.84193250025,5.98564634105,7.74893270815,58.880163019,65.4344388148,19.125857683,22.3685537287,2.1140093842,2.4569416974,16.7876760881,19.0536960766,137.297607149,170.956218844,250.975109534,308.785038639,13.0078753122,14.5345628563,36.010834374,47.4773432734,119.161495071,159.045079537
45,55.471643463,58.7289979817,11.6134591336,13.4418890768,27.7745153656,32.7108801525,7.3287903758,9.4338607603,7.70791213723,7.58786692168,5.98564634105,7.74893270815,58.8814354222,65.4353595525,19.1246280517,22.3674782466,2.1140093842,2.4569416974,16.7876760881,19.0536960766,137.297607037,148.694197863,251.478368016,309.430713283,12.9914534434,14.5418802408,36.0301903386,47.4474793593,120.047238071,158.99652919
46,72.5965523511,76.0059989484,12.4302708491,14.2589211644,28.1486084969,33.0854112388,7.3287903758,9.4338607603,8.30349856127,8.81307278938,5.98564634105,7.74893270815,59.287061102,65.8415556291,19.5560590976,22.7992382538,2.1140093842,2.4569416974,16.7876760881,19.0536960766,125.075409274,158.867818801,252.503958986,310.600254681,9.97135840895,11.6368626277,23.6042103489,30.7903492895,89.4539132788,113.952534378
47,70.5736308231,74.302651692,11.9479157786,13.7767120328,28.0926864223,33.0285806145,7.3287903758,9.4338607603,7.70791213723,7.58786692168,5.98564634105,7.74893270815,59.351427969,65.9044784275,19.4588795509,22.7021749883,2.1140093842,2.4569416974,16.7876760881,19.0536960766,125.075409192,136.472000015,253.483484255,311.786915377,9.95666180262,11.6438246936,23.2975975562,30.3361800639,89.2736056658,112.673512178
48,62.1974816766,65.9387068137,7.07867007051,8.16476219535,27.7766171734,32.7129802207,7.5534996038,9.6585699883,8.30580322032,8.72200666606,6.28484183022,8.04812819733,58.8875350156,65.441243662,11.1678909247,13.9018265839,2.3890120654,2.7319443786,19.4680920998,21.7341120883,143.884908923,177.881140762,253.399159217,314.635227557,8.06698527297,9.82552913808,19.3574656295,24.5467631408,67.7709957813,73.3461045846
49,57.1346022166,61.2930484632,6.87028093552,7.95726503346,27.7763200349,32.7126783528,7.5534996038,9.6585699883,7.70791213723,7.58786692168,6.28484183022,8.04812819733,58.8872684743,65.4409259588,11.1414820617,13.8734940097,2.3890120654,2.7319443786,19.4680920998,21.7341120883,143.884908954,155.28149972,253.986051802,315.358499934,8.0558433783,9.84267197342,19.1123471638,24.2641942545,66.6996895188,73.7382123587
50,55.5925504265,60.0106725653,4.8368822278,5.29956663194,27.7775724531,32.7138929649,7.5534996038,9.6585699883,8.3032771173,8.74083548078,6.28484183022,8.04812819733,58.890009004,65.4435666044,7.41705597139,7.99990864803,2.3890120654,2.7319443786,19.4680920998,21.7341120883,143.88490893,177.976215515,254.561315897,316.071138745,7.75087393394,9.55583389305,18.1528555909,22.8614166847,62.8714114592,69.6207731987
51,55.3003273106,60.0463136209,4.86181417391,5.30717946699,27.777980794,32.7143416822,7.5534996038,9.6585699883,7.70791213723,7.58786692168,6.28484183022,8.04812819733,58.8910653404,65.4446144227,7.44471546802,8.0038477262,2.3890120654,2.7319443786,19.4680920998,21.7341120883,143.884908966,155.28149973,255.179689722,316.836607367,7.74982919806,9.54974801316,18.0467762491,22.7530428081,62.6707102151,70.676749184
52,55.0041002242,60.065401807,4.86382815179,5.30493672327,27.7780471866,32.7144519684,7.5534996038,9.6585699883,8.29438316894,8.74617835351,6.28484183022,8.04812819733,58.8913419874,65.4448605698,7.44234275142,7.9990471661,2.3890120654,2.7319443786,19.4680920998,21.7341120883,143.884908946,155.281499819,255.552999263,317.293812746,7.59835052726,9.41458534513,16.9588072874,21.1145630432,58.1459721527,64.8609987734
53,54.7553138755,60.0740729404,4.86999050631,5.30452279696,27.777751272,32.7141983774,7.5534996038,9.6585699883,7.70791213723,7.58786692168,6.28484183022,8.04812819733,58.8909450463,65.4443977025,7.4492287075,7.99817066488,2.3890120654,2.7319443786,19.4680920998,21.7341120883,143.884908987,178.091140172,255.821956962,317.621403835,7.59652985191,9.42111657532,16.8930728524,21.0016765753,57.7529032706,64.8790715644
54,54.5407167734,60.0782389571,4.87316630137,5.30350629158,27.7776605051,32.7141386635,7.5534996038,9.6585699883,8.29352408588,8.74372106823,6.28484183022,8.04812819733,58.8909069278,65.4442782381,7.45226483309,7.99652894742,2.3890120654,2.7319443786,19.4680920998,21.7341120883,143.884908969,155.281500001,256.013117741,317.856852316,7.52043708983,9.35532818979,16.8397958972,20.9161571942,57.4548102212,64.8598853443
55,54.3581634749,60.0793420738,4.87614105354,5.3027619294,27.777519976,32.7140147473,7.5534996038,9.6585699883,7.70791213723,7.58786692168,6.28484183022,8.04812819733,58.8907366179,65.444031408,7.45542213427,7.99537053295,2.3890120654,2.7319443786,19.4680920998,21.7341120883,143.884909014,178.142132734,256.150090205,318.024544593,7.51962238748,9.35632960728,16.8037897474,20.8554297869,57.2514554185,64.8432751262
56,57.7334950455,63.6121673283,4.95388403199,5.3786566699,27.8924391139,32.8289357817,7.5534996038,9.6585699883,8.29091900002,8.7372003951,6.28484183022,8.04812819733,59.120627495,65.6738491224,7.53437896294,8.07092546515,2.3890120654,2.7319443786,19.4680920998,21.7341120883,149.9960079,161.392598858,301.307650167,385.645307815,8.55795998653,10.3951803536,17.5486836801,21.5893754907,60.3833695733,68.0752523368
57,57.5480710236,63.5522884922,4.95250540281,5.37727370447,27.8912901526,32.8278021094,7.5534996038,9.6585699883,7.70791213723,7.58786692168,6.28484183022,8.04812819733,59.1183784637,65.6715400561,7.53297092734,8.06927811135,2.3890120654,2.7319443786,19.4680920998,21.7341120883,149.996007949,184.156607776,301.028835878,385.315589347,8.55828031983,10.4028790182,17.5196642012,21.5374402275,59.6082412343,66.4681324772
58,57.1685348684,63.2466227629,6.97984941498,8.0290398451,27.8838935852,32.8203632297,7.5534996038,9.6585699883,8.29593146865,8.74476754677,6.28484183022,8.04812819733,59.1036483859,65.6566632432,11.2510672559,13.9649204824,2.526513406,2.9808780324,20.8083001057,23.8378400826,174.679092137,192.305773681,301.445443458,385.745798135,10.8331704238,12.6626795481,21.3445919769,26.4495241606,73.4225486642,84.0209236851
59,57.0445328135,63.196845847,6.94021778144,8.02893300662,27.8835791443,32.8200426891,7.5534996038,9.6585699883,7.70791213723,7.58786692168,6.28484183022,8.04812819733,59.1031696835,65.6561208284,11.2073873773,13.9405427028,2.526513406,2.9808780324,20.8083001057,23.8378400826,174.679091729,215.10097639,301.508405696,385.789903579,10.8388492091,12.6513631441,21.3984492054,26.4996495256,73.7993095954,84.788466279
60,78.1029571257,91.6593892748,14.1832049507,16.0149788451,34.8468274888,41.708578212,10.78927907,15.6885443485,9.43586759362,11.7712363241,9.46915660132,16.2826166758,98.6789045741,118.884920962,19.20331002,22.4526907455,3.39673000328,4.68055446677,73.5718804527,37.5772607629,234.034829,272.607820807,415.470779222,527.619183532,13.5268391295,15.2952038083,37.7734102568,44.685126665,122.926567987,139.584468511
61,79.1287621705,91.7155146003,14.192438899,16.0194255875,35.0510787555,42.0010147811,10.78927907,15.6885443485,9.43586759362,11.7712363241,9.45821122425,16.3170638172,100.029949985,118.730034001,19.1957645003,22.451702882,3.39673000328,4.68055446677,75.3205326413,37.5772607629,238.282594849,290.441226124,415.684454436,527.877846486,13.5660300169,15.248333661,38.2068707918,45.2408305786,124.334964378,152.900842825
62,80.2814143983,90.8338890717,12.9056238683,14.5169270639,63.0436977068,85.1278043358,8.68210405739,15.8685804894,15.2194038444,13.1246369282,9.33423138005,17.9777802177,180.715407933,215.045065963,20.8237264217,23.6507650665,2.79523536568,4.29328908197,70.1255733423,42.7069035095,277.637479635,349.387957833,469.535878942,595.710278556,12.3528546816,13.4893523885,44.9851126339,48.9323909894,145.417287498,183.819875147
63,80.6609042392,90.6483623978,12.909648629,14.5210356833,63.4367530342,85.7118026083,8.68210405739,15.8685804894,15.2194038444,13.1246369282,9.27455855053,17.8829718637,181.596646237,215.005704286,20.8319284293,23.6590404029,2.79523536568,4.29328908197,66.3007989957,42.7069035095,280.201498001,351.895603161,469.693466055,595.890002862,12.3776705455,13.4377516298,45.5130205004,49.5891848145,146.391537623,180.479672113
64,127.22000952,143.275923567,10.4144177077,12.0255636612,86.4373253787,108.873705635,15.5033355762,29.2782343152,24.9586402561,19.4512376933,16.6953730874,30.6345238724,228.913811447,260.943953268,20.8231481733,23.6372842872,5.84009536653,8.65550633357,82.4140457613,86.8574018511,573.359885669,704.745299849,490.534812176,616.808232019,12.0457672413,13.4488590241,38.3683961342,42.9788841843,125.773458815,154.827635259
65,108.776760692,124.591050004,10.4132067233,12.024870557,87.0152590071,109.6904333,15.5033355762,29.2782343152,24.9586402561,19.4512376933,16.6150593327,30.5220592053,229.675803212,260.967167069,20.8249439169,23.6668988323,5.84242995558,8.73852739919,77.4260572415,86.8881962323,575.350437937,706.69877588,490.663835077,616.980105372,12.2124636611,13.3385191969,38.7417346129,44.1803613902,125.815655856,154.845496116
66,131.939477722,156.328028936,10.4204687958,12.0321203823,87.5250547505,110.458710378,23.6994740226,46.2589358376,30.9456646915,23.1631716976,25.4143112347,46.549611087,230.259954907,261.002469719,17.0855233869,19.9188131485,5.83118902237,8.73968031998,71.8283322871,82.7518534836,558.366713499,689.622676038,507.406791645,633.738368268,10.8255279251,11.8877775061,36.1751569942,42.8038670558,112.408196554,142.066701017
67,132.016715599,156.288720191,10.4210903107,12.0329287368,87.6392081294,110.616734834,23.6994740226,46.2589358376,30.9456646915,23.1631716976,25.4143112347,46.549611087,229.881933128,260.996918861,17.0801464418,19.9020115133,5.83118218715,8.73487534944,67.8296458251,82.8436516689,556.769675637,687.003719401,507.161024868,633.443620058,11.0699934927,11.8351552298,36.7648828296,43.8521133761,112.283810076,142.838629082
68,129.643619618,154.021581998,12.9164665459,14.5284923898,89.9656023656,113.077226691,23.6994740226,46.2589358376,30.9456646915,23.1631716976,25.4143112347,46.549611087,232.521256095,263.992477329,20.8335036505,23.6663992014,5.82893060401,8.76241152855,66.9733567656,81.8527983492,531.21698341,660.76360386,510.790311084,637.04153456,9.57786756757,10.3567294999,26.8090150772,32.501545522,87.5160301759,111.289983455
69,126.9856577,151.238017541,12.9249482226,14.5358988518,90.1745389246,113.396005216,23.6994740226,46.2589358376,30.9456646915,23.1631716976,25.4143112347,46.549611087,232.990762914,264.007604224,20.8310702784,23.647699065,5.84588404616,8.85852299221,65.975822315,81.8570147413,532.451384683,662.250030859,510.999664447,637.309527486,9.72059846495,10.3517775549,26.9208390316,32.7827352004,87.7132668545,111.697592918
70,135.296073583,159.356711735,13.700265204,15.3114855027,90.4003395267,113.602516524,23.6994740226,46.2589358376,30.9456646915,23.1631716976,25.4143112347,46.549611087,233.540072854,264.251524653,21.2171191541,24.0565765428,5.82026485888,8.80231820418,68.0367444497,82.7635241949,533.216370427,663.143661193,511.053236578,637.294064485,9.63114587709,10.4162613778,26.5032026685,32.135091456,87.7732818249,110.256447089
71,145.12025826,169.065569799,13.2483033803,14.8591251207,90.6651841376,113.923964816,23.6994740226,46.2589358376,30.9456646915,23.1631716976,25.4410121698,46.549611087,234.406549876,266.096300124,21.1475107045,23.978892921,5.93350113995,8.9406261659,66.5049861207,82.7566448292,534.482443472,664.729448934,511.419368925,637.612552247,9.99087635745,10.4178445142,27.2550853203,32.9303080004,88.3952605768,111.325174851
72,133.852993299,157.843513168,13.1757099641,14.7864948712,90.3065159305,113.438472169,23.6994740226,46.2589358376,27.6992525542,21.0543047759,25.504559691,46.549611087,234.015981469,269.891960644,20.8885289163,23.7216377988,5.65658566704,8.69278083465,67.9722767089,82.4303922963,510.095963458,640.436871789,489.960582962,616.134653127,9.96862799044,10.1873445409,27.6145489446,33.4855750199,88.4081217072,111.54987431
73,131.145686212,155.261677222,12.9275132121,14.5374429026,90.2213686869,113.440486713,23.6994740226,46.2589358376,27.6992525542,21.0543047759,25.4616889183,46.549611087,234.089588107,267.362664372,20.8296973614,23.6507081735,5.62050143859,8.68772775408,67.4021174106,82.4422393859,510.153795014,640.44746353,489.820914064,616.029653576,9.84042134216,10.1790836651,27.2867207269,33.2419028372,88.2526494305,111.457621886
74,132.061145215,156.15461693,12.9424963346,14.5526486821,88.3194520162,111.277343209,23.6994740226,46.2589358376,30.9456646915,23.1631716976,25.5372991682,46.549611087,230.946178626,270.658083238,17.0975753286,19.9213340019,5.97781728526,9.12238267396,65.8169281375,83.560758995,534.364707085,664.393570925,506.020562382,632.229902543,9.86391958208,10.1028270067,27.6699603479,33.7658438758,83.6084420713,106.550835436
75,130.385736949,154.520163704,12.940339626,14.5508303004,87.8321090623,110.847629737,23.6994740226,46.2589358376,30.9456646915,23.1631716976,25.4455510665,46.549611087,230.68167735,263.456232832,17.0919722356,19.9139453231,5.90753301055,9.0685921499,65.5953932627,83.5247562507,533.560892143,663.302917727,505.589446764,631.746297886,9.6632997804,10.1071388565,27.2558083628,33.1534143554,83.1754385087,105.333242304
76,128.166127057,152.284680399,10.4426042637,12.0539272598,87.495409822,110.325370686,23.6994740226,46.2589358376,30.9456646915,23.1631716976,25.4412301853,46.549611087,230.056355345,262.497009794,17.0914238835,19.9165420711,5.90806607613,9.08683628487,62.8518456008,81.7545548169,531.681954259,660.800128658,505.256311871,631.443407637,9.58152808227,10.0427701288,27.1888070507,32.9029053881,82.8042052794,104.559029357
77,127.812487884,151.929329504,10.4322922114,12.0433894126,86.8984903812,109.477285948,23.6994740226,46.2589358376,30.9456646915,23.1631716976,25.4143112347,46.549611087,229.144840855,261.009242566,17.0853724716,19.9088021362,5.8827504565,9.0249273919,62.9543923932,81.7295636858,528.971618033,657.204387337,504.588830147,630.679298718,9.46539460482,10.0713656853,26.9390444518,32.4137487842,82.1513059309,102.754626511
78,125.667120102,149.781013037,10.4223012648,12.0350712447,85.5301830465,107.913235896,23.6994740226,46.2589358376,30.9456646915,23.1631716976,25.4176014059,46.549611087,224.550412858,257.079078457,17.0751214367,19.8999058183,5.88912403133,9.03326540765,62.0073385248,81.7183330598,526.975976509,654.557764122,504.011430058,630.027609405,10.1760306182,10.7643311942,26.8590118126,32.0905772242,81.8966458339,102.051105317
79,125.323399653,149.420624143,10.4162997816,12.0296216678,84.7195983565,106.762574105,23.6994740226,46.2589358376,30.9456646915,23.1631716976,25.4143112347,46.549611087,223.226444786,257.059557474,17.0725741408,19.8963014202,5.85636034277,8.95095132096,63.3305362208,81.6748184012,523.22877811,649.608140023,503.329509926,629.133105747,10.0058256096,10.8097963065,26.4564673791,31.5216554405,80.6419947596,99.731026937
80,124.962647879,149.049041257,10.3705310873,11.983410894,83.8295894517,105.516288455,23.6994740226,46.2589358376,30.9456646915,23.1631716976,25.4143112347,46.549611087,219.371623752,254.541313526,20.782724825,23.6158461667,5.83284841721,8.86716509352,65.7798893169,83.1197634562,543.89363389,669.06741563,505.811973023,631.362308188,13.6865217837,14.5555281424,28.5196557177,33.124551961,93.9402853743,112.993822691
81,131.403957558,156.908332699,11.6326378256,13.4613896558,87.4741875838,109.83468694,29.4419740226,53.0084358376,35.4071646915,28.6421716976,29.5473112347,51.547111087,227.304849074,265.467596199,22.9001509641,26.1403547753,6.97176485888,10.1414733007,75.5816307301,92.0242634562,566.688564809,696.135166148,512.658913339,640.692596667,16.224856482,17.8257465919,31.9545984645,40.6694563056,101.098798322,123.428631977
82,131.110928255,156.616328383,14.1297090714,15.9584637753,65.4072508431,87.5730185452,29.4419740226,53.0084358376,14.840311865,12.8880910855,29.5485824594,51.547111087,186.695322914,225.574900356,22.8969798729,26.140304981,4.77174340928,6.94702637837,72.5516490241,83.4977266759,508.332690813,612.25597237,511.947841004,639.71866121,19.129185523,20.249821964,38.7983174359,45.7415690929,117.927448388,139.096950314
83,130.813590186,156.343932335,14.133500253,15.9604720607,65.1868117793,87.0896214663,29.4419740226,53.0084358376,14.7065362507,12.3114006041,29.5741289893,51.547111087,186.330060006,225.578223775,22.8983673085,26.1398116613,4.78215366267,6.94702637837,73.090608693,83.4977266759,507.368483193,610.98626844,511.320028541,638.857378214,19.1080636522,20.2758051582,38.8053759466,45.6081549338,117.96596652,139.264591449
84,138.511498284,157.512399051,14.1319753226,15.9595770082,64.8888821316,86.9027163135,23.5195794158,40.4976189238,8.02344523593,8.61453297082,23.2775037432,39.8348472152,185.658005601,225.595656136,22.8979891998,26.1396233733,3.94673536568,5.67628908197,57.3627145232,61.6945101476,374.517327325,485.310882759,377.4616273,476.287294705,20.1935364519,21.3102148863,42.3579620128,52.0750597216,144.605123206,178.38654645
85,119.174344682,138.153113898,14.1309014312,15.9585115829,64.8908150106,86.9068690776,23.5195794158,40.4976189238,7.70791213723,7.58786692168,23.2943221649,39.8749118579,185.658276379,225.630275344,22.9034168824,26.1393313363,3.95276641527,5.67628908197,58.1559186414,61.7071017852,374.528680169,445.250964235,376.828814718,475.486140046,20.1806529678,21.3248561594,42.5955435095,52.369541542,145.240862228,179.867840581
86,122.35508909,141.346488255,14.2048250731,16.0324870324,65.0058170821,87.0233796895,23.5195794158,40.4976189238,8.16243972433,8.83367807695,23.3195836548,39.9176105097,185.871346118,225.849633479,19.2287859052,22.4698325155,3.94673536568,5.67628908197,57.5693193276,60.4101145432,362.314655237,433.03862145,372.890253738,471.410172614,19.6618162649,20.8636158907,44.1902759613,55.944725115,149.176022053,191.719566842
87,122.093138407,141.113956319,14.204124056,16.0319376553,65.0071374642,87.0261504511,23.5195794158,40.4976189238,7.70791213723,7.58786692168,23.3253193425,39.9347462376,185.872217559,225.856847328,19.2214415058,22.4630859083,3.94673536568,5.67628908197,57.7265092971,60.4101145432,362.31749677,433.042591489,372.691701957,471.140706588,19.6509636437,20.8744847378,44.2722692134,56.1084014195,149.042031934,191.918921958
88,109.410980987,126.440029801,11.6988803062,13.5265720591,65.001888475,87.0212681881,21.2458355762,36.0277343152,8.229656649,8.9144324373,20.8255866085,35.6474260051,185.860083332,225.865083356,19.2145268094,22.4561695948,3.67173268448,5.17842177437,52.6268198264,49.3147865542,287.596448431,333.408913083,305.411705168,387.087619433,19.4017290751,20.6779250491,49.15752556,61.9148537818,162.001919695,209.084311333
89,108.835355363,125.754468544,11.6944222439,13.5223528726,65.0038205683,87.0233079348,21.2458355762,36.0277343152,7.70791213723,7.58786692168,20.8313057945,35.6575722039,185.862018104,225.890417445,19.2139632947,22.4555558494,3.67173268448,5.17842177437,53.1687513288,49.3147865542,287.605442032,333.419957719,305.175739325,386.790113971,19.3857420066,20.6873844806,49.2053717147,62.0340050232,162.373473531,210.002827262
90,78.0542211613,88.3924594078,11.6575625085,13.4855823804,27.8277483941,32.7646208006,11.1888245912,16.5881061292,8.25565157194,8.9550532772,10.3468034075,14.8064488759,58.9912167701,65.5566232332,19.1755508084,22.4173728002,3.67173268448,5.17842177437,53.4002208973,48.672588752,275.394959948,361.285355093,285.300630261,366.885420565,16.6024771662,17.988360633,46.4595780227,58.2021576671,150.860934395,194.480803891
91,78.6986438225,88.9596476764,11.6565530894,13.484637966,27.8390974256,32.7752996994,11.1888245912,16.5881061292,7.70791213723,7.58786692168,10.3468034075,14.8064488759,59.0184930202,65.5800033906,19.1739786997,22.4158289845,3.67173268448,5.17842177437,53.2775612748,48.672588752,307.752217683,361.286390151,285.181889426,366.73491125,16.585555644,18.0019899823,46.5829441073,58.3120045101,151.993294847,196.278591185
92,54.5352246118,57.4023012481,11.6023589329,13.4302609941,27.7672398431,32.7104513514,7.5534996038,9.6585699883,8.27477040822,8.99984754901,6.28484183022,8.04812819733,58.8757965754,65.4488191569,19.1181747868,22.3604258798,2.526513406,2.9808780324,20.8083001057,23.8378400826,174.678387518,192.305069288,251.302310088,310.338860635,13.0025298351,14.6060452871,33.2425920581,42.782566497,117.899349308,156.780068193
93,55.0937815468,58.1245893564,11.6008919576,13.4289811571,27.7720030597,32.7128665273,7.5534996038,9.6585699883,7.70791213723,7.58786692168,6.28484183022,8.04812819733,58.8871028832,65.4566780935,19.1161580497,22.358256579,2.526513406,2.9808780324,20.8083001057,23.8378400826,174.678387336,192.305069104,251.222201356,310.244558392,12.9843025149,14.6232987637,33.0463930008,42.5024485381,117.315504225,155.300857671
94,72.2784523042,75.8873869135,12.4238701585,14.2521618239,28.1558377084,33.0947866987,7.5534996038,9.6585699883,8.28992493284,9.04054339656,6.28484183022,8.04812819733,59.3120139531,65.8771935881,19.553899425,22.7963335932,2.3890120654,2.7319443786,19.4680920998,21.7341120883,149.996007823,161.392598814,251.378790368,310.361148603,9.96660148817,11.7320409753,22.1365652407,28.3103999196,82.7268904106,106.910660418
95,69.4083462064,73.027549766,11.9220067756,13.7503830404,28.1070369677,33.0410256383,7.5534996038,9.6585699883,7.70791213723,7.58786692168,6.28484183022,8.04812819733,59.3916094014,65.9503786314,19.4377799157,22.6802022076,2.3890120654,2.7319443786,19.4680920998,21.7341120883,149.996007842,161.392598721,251.38960348,310.348247111,9.94507014553,11.766497476,21.7694129751,27.8763395415,81.6526569508,104.722031131
96,59.6410349245,63.3729828488,7.0532438232,8.13887438884,27.7792584956,32.7121587025,7.5534996038,9.6585699883,8.30545034292,9.08619977068,6.28484183022,8.04812819733,58.9001844023,65.4548836228,11.1533846425,13.8865695588,2.3890120654,2.7319443786,19.4680920998,21.7341120883,143.88490921,155.281500089,245.031860566,303.977029876,8.05687047932,9.97554724655,18.9543104925,24.0553274716,62.6513396046,73.1853385525
97,54.4896655168,58.8455394137,6.85131951513,7.9410800599,27.7817605266,32.71211095,7.5534996038,9.6585699883,7.70791213723,7.58786692168,6.28484183022,8.04812819733,58.9054173164,65.4553967553,11.1260982893,13.8562788967,2.3890120654,2.7319443786,19.4680920998,21.7341120883,143.884909235,155.281500114,244.94004663,303.872477655,8.05393162821,10.0101136018,18.7666572449,23.842233264,62.2969571844,73.1233345084
98,52.7799543684,57.4703158479,4.81761968868,5.281916943,27.7797872929,32.7103873564,7.5534996038,9.6585699883,8.34296617111,9.15590699322,6.28484183022,8.04812819733,58.9013667811,65.4524723379,7.40029068922,7.98136503011,2.3890120654,2.7319443786,19.4680920998,21.7341120883,143.884909208,155.281500087,244.691839023,303.582171751,7.7587860719,9.74728520909,17.848204951,22.4242977825,58.5151136916,67.8198681105
99,52.3587979643,57.3616768438,4.84479179828,5.28521374786,27.778855957,32.7100420209,7.5534996038,9.6585699883,7.70791213723,7.58786692168,6.28484183022,8.04812819733,58.9005327307,65.4523819922,7.42964688435,7.98164617637,2.3890120654,2.7319443786,19.4680920998,21.7341120883,143.884909239,155.281500118,244.746847865,303.643651083,7.7576651792,9.76898252864,17.7463477944,22.263455447,58.1991014256,67.5906260266
100,51.9729457858,57.2850229484,4.84579380906,5.2821851795,27.7768590952,32.7087471638,7.5534996038,9.6585699883,8.36578673192,9.19114671575,6.28484183022,8.04812819733,58.8973460861,65.4502171412,7.42603816958,7.97587289254,2.3890120654,2.7319443786,19.4680920998,21.7341120883,143.884909215,155.281500095,244.542714115,303.406248152,7.61157572363,9.63550009033,16.7313886124,20.659402568,54.2211718484,61.8283600673
101,51.6123812371,57.1846069191,4.851423101,5.28019185079,27.7754308855,32.7076424647,7.5534996038,9.6585699883,7.70791213723,7.58786692168,6.28484183022,8.04812819733,58.8951501269,65.4483617653,7.43205247673,7.97331170542,2.3890120654,2.7319443786,19.4680920998,21.7341120883,143.884909252,155.281500131,244.423794683,303.267808771,7.61208023545,9.66056581077,16.6335532106,20.5552010755,54.1077310161,67.034601117
102,51.3679653415,57.1685073098,4.85438389137,5.27883424035,27.7742502812,32.7064724316,7.5534996038,9.6585699883,8.37034459871,9.22180030778,6.28484183022,8.04812819733,58.8935819741,65.4474577374,7.43467468819,7.97126343869,2.3890120654,2.7319443786,19.4680920998,21.7341120883,143.884909231,155.281500111,244.348704524,303.17938207,7.53863152029,9.59972380496,16.5726076731,20.4934377092,54.0515897396,66.508201002
103,51.0990692612,57.1007343512,4.85668594122,5.27726125291,27.7726261817,32.7048255639,7.5534996038,9.6585699883,7.70791213723,7.58786692168,6.28484183022,8.04812819733,58.8909663821,65.4452226897,7.43700928183,7.9692195162,2.3890120654,2.7319443786,19.4680920998,21.7341120883,143.884909273,155.281500152,244.096966843,302.885495988,7.54058522856,9.61533044039,16.5220229303,20.4328853067,54.0235825779,66.3775576004
104,62.3075877064,68.4520647346,5.19451092988,5.61401149034,28.3158588316,33.2486206798,7.5534996038,9.6585699883,8.37616749182,9.254214522,6.28484183022,8.04812819733,59.9778679634,66.5329210602,7.77410386845,8.30532712657,2.3890120654,2.7319443786,19.4680920998,21.7341120883,149.996008156,161.392599036,290.481677194,371.745352071,8.58055099883,10.652591009,17.2810583337,21.1853111342,57.6172173353,69.6155175471
105,62.0645450679,68.3508322872,5.19470180577,5.61189513346,28.3133157669,33.2460808346,7.5534996038,9.6585699883,7.70791213723,7.58786692168,6.28484183022,8.04812819733,59.9731895291,66.5283594475,7.77435820433,8.30290618053,2.3890120654,2.7319443786,19.4680920998,21.7341120883,149.996008202,161.392599082,290.196154009,371.405425941,8.58233494739,10.6657384507,17.2384955794,21.1365892206,57.7822644473,69.7109681685
106,61.905750989,68.3022772973,7.22155065009,8.26275611946,28.3125175634,33.2452683516,7.5534996038,9.6585699883,8.37350381146,9.28202495244,6.28484183022,8.04812819733,59.9720706791,66.5269330875,11.4921129396,14.1968168185,2.526513406,2.9808780324,20.8083001057,23.8378400826,174.679092491,192.305774251,290.722645016,371.968033803,10.8565198897,12.9237741102,21.0662849765,26.0329701235,71.5883976178,86.7299993606
107,61.7709027484,68.2704061056,7.17961500641,8.26539789555,28.1428275864,33.0731629344,7.5534996038,9.6585699883,7.70791213723,7.58786692168,6.28484183022,8.04812819733,59.6338515128,66.1859562424,11.4466959896,14.1763920403,2.526513406,2.9808780324,20.8083001057,23.8378400826,174.67909217,192.305773933,290.064434494,371.250173509,10.859486946,12.9146325472,21.1069410923,26.0556372941,72.2561079418,87.1732914772
108,83.4346128275,97.3555506931,14.2803987203,16.1079765702,32.9921819171,39.028871554,10.78927907,15.6885443485,9.43586759362,11.7712363241,9.52412625373,16.3700973712,97.6990334475,119.329588278,19.3010000206,22.5407010506,3.40546283727,4.68055446677,59.3292723246,37.5772607629,213.089411981,234.266701668,403.84199182,512.97669133,13.5267854601,15.5634933785,37.0562522877,43.9701930896,122.0508627,140.626865543
109,83.4452704064,95.6694626705,14.2802505424,16.111985971,32.9317092652,38.9249351284,10.78927907,15.6885443485,9.43586759362,11.7712363241,9.50581838068,16.4129379586,97.5595663287,119.06733673,19.289248469,22.5415171682,3.40351160358,4.68055446677,59.6563940961,37.5772607629,213.023890645,234.028156926,403.891323335,512.990220849,13.5339860889,15.5237007495,37.3468825131,44.2539090694,123.30961569,141.493075899
110,81.4213909147,91.6217902673,12.8770802771,14.4904289979,60.7460297474,81.8205858381,8.68210405739,15.8685804894,15.2194038444,13.1246369282,9.38025306637,18.0589688356,176.916236326,215.030485721,20.7981525422,23.6228258081,2.79523536568,4.29328908197,58.7091051512,42.7069035095,249.428208883,290.147986351,457.388676233,580.782652172,12.3251721743,13.7683990643,44.0560251021,47.4724477882,144.228665827,170.983174305
111,79.8277994751,89.6174340769,12.8825358827,14.494314957,60.7132922308,81.779407875,8.68210405739,15.8685804894,15.2194038444,13.1246369282,9.27125629236,17.8912818773,176.878239011,214.975680151,20.8022057236,23.6333961919,2.79523536568,4.29328908197,53.0583855422,42.7069035095,249.336792409,290.024402557,457.616257051,581.112389496,12.3693053543,13.6544309995,44.8491274138,48.4533438719,146.149823387,173.071607546
112,123.170962272,139.057477417,10.3887139907,11.9988804164,83.2740955621,104.294403153,15.5033355762,29.2782343152,24.9586402561,19.4512376933,16.7297894492,30.6810746796,222.96448473,260.917154768,20.8029674257,23.615807341,5.84865200606,8.67596026764,74.9752444129,86.8655931167,523.310243829,638.719397757,478.405326089,601.935674996,12.0065229633,13.6709783575,37.5905179677,41.8310101883,124.342788037,150.14898493
113,104.149982221,119.812931797,10.3876457202,11.9985534634,83.2930340788,104.298638611,15.5033355762,29.2782343152,24.9586402561,19.4512376933,16.6945901494,30.6106546064,222.983342252,260.93445959,20.8049959723,23.6438449856,5.83185076776,8.70402271793,72.455664215,86.8802472274,523.278001027,638.666148057,478.77135702,602.358133496,12.0255808901,13.5810945805,37.6883735237,42.6242543023,124.48004682,151.609228408
114,127.284081886,151.535873868,10.3954279877,12.0060439143,83.5792565383,104.48827485,23.6994740226,46.2589358376,30.9456646915,23.1631716976,25.4433272579,46.549611087,223.753097014,260.965471532,17.0663447807,19.8964704522,5.83047720917,8.70117279884,64.9198170114,82.7672615832,538.185405537,661.549131326,495.800196197,619.462945551,10.6964615868,12.0806083543,35.4138441643,41.543414703,112.330827124,139.981738481
115,127.563275154,151.72290005,10.3970929726,12.0078381599,83.9818165059,105.232017872,23.6994740226,46.2589358376,30.9456646915,23.1631716976,25.4143112347,46.549611087,224.509162185,260.959134917,17.0621499738,19.8816681656,5.82873043477,8.74224165796,62.9534877807,82.8076660744,540.21750754,664.184518651,496.051271466,619.767159318,10.8226561324,12.0224684064,35.761608397,42.2556552606,112.79767715,140.652779952
116,124.305657625,148.559191115,12.8932560996,14.5040237037,86.3655218449,107.790125763,23.6994740226,46.2589358376,30.9456646915,23.1631716976,25.4143112347,46.549611087,228.240781585,263.955654987,20.8141796428,23.6436552987,5.82207697573,8.71479012797,63.4250945388,81.8095687952,517.767282711,642.360301284,500.026754837,623.762141246,9.2731621175,10.5373638583,25.8051299632,30.9054529446,88.0227745661,108.592002533
117,122.70721525,146.839059061,12.9019146945,14.512236515,86.7397477405,108.353553622,23.6994740226,46.2589358376,30.9456646915,23.1631716976,25.4143112347,46.549611087,228.913073994,263.970114138,20.8124374054,23.6290439872,5.8718157908,8.81452700115,61.4592304502,81.8465477206,519.550282532,644.689368006,500.311269301,624.096827957,9.59068539566,10.5119785518,26.3806606148,31.7730248833,88.6024045256,109.249575264
118,132.575581526,156.559240585,13.6891024872,15.3002235354,87.4183685915,109.211274034,23.6994740226,46.2589358376,30.9456646915,23.1631716976,25.4143112347,46.549611087,229.814579135,264.244893661,21.2131922921,24.0487761454,5.91644465911,8.89656727154,62.6741803572,82.8118168002,521.250344766,646.92418636,500.934736461,624.78260416,9.85698334495,10.5557295208,26.7154649588,32.2774189468,89.3394878355,110.358903022
119,140.659722169,164.53133534,13.219672997,14.8295493969,87.6849584539,109.547252301,23.6994740226,46.2589358376,30.9456646915,23.1631716976,25.4143112347,46.549611087,230.471639247,265.244089995,21.1257537008,23.9546576058,5.93249920198,8.96364641281,62.8779848964,82.7768022794,522.102936224,648.044803146,501.744490241,625.626947983,9.90989062473,10.5398766525,26.7909804853,32.5447244764,89.0462443027,110.320151089
120,129.916609725,153.821026071,13.1488044308,14.758545949,87.4581363078,109.405250434,23.6994740226,46.2589358376,27.6992525542,21.0543047759,25.4143112347,46.549611087,230.173745834,263.972745763,20.8661855615,23.6904945258,5.61522139483,8.6259033999,63.494024966,82.4473206482,498.022367291,624.236069753,480.717971127,604.640418193,9.69088463039,10.3016953073,26.732510292,32.3887246011,88.2791353091,109.496609023
121,127.080154139,151.059582175,12.9068043746,14.5165079631,87.4653305992,109.406218557,23.6994740226,46.2589358376,27.6992525542,21.0543047759,25.4143112347,46.549611087,230.13500558,263.972991379,20.8186852415,23.6513752745,5.59043658661,8.61043041547,63.3153156233,82.4420365795,497.902723941,624.081725755,480.861983491,604.821624215,9.60162941763,10.2925950855,26.4897009212,31.9516932196,87.630594798,108.47775621
122,128.344446502,152.334436919,12.9224527776,14.5324090986,85.4904217414,107.425669217,23.6994740226,46.2589358376,30.9456646915,23.1631716976,25.4143112347,46.549611087,227.138846606,261.011676481,17.080947503,19.902565532,5.87371086069,8.91881942669,63.3052465471,83.5564751927,522.714354455,648.868228565,497.654454927,621.641369233,9.38210143765,10.2176132875,26.3338523101,31.6667769232,82.224645855,101.956681117
123,126.347958713,150.36696563,12.9200170701,14.5310616127,85.292149729,107.136512996,23.6994740226,46.2589358376,30.9456646915,23.1631716976,25.4143112347,46.549611087,226.801158089,260.986589172,17.0736211207,19.8957772318,5.88976300236,8.9460040236,62.6232000507,83.5226393738,521.858918187,647.746016371,497.591285088,621.621510319,9.46608847208,10.223165904,26.5114021044,31.6927280188,81.9523650353,101.41356774
124,124.688555883,148.701476528,10.4244876764,12.0344783373,85.1054755805,106.86147242,23.6994740226,46.2589358376,30.9456646915,23.1631716976,25.4143112347,46.549611087,226.486701367,260.989352673,17.076237622,19.8980626257,5.89148863938,8.98125402202,60.2141297186,81.7476181839,520.9794999,646.592497233,497.484007036,621.501983796,9.39036879335,10.1585589109,26.5173013534,31.6559335363,81.6833915931,100.896293891
125,124.416046643,148.427965007,10.4145193231,12.0256468604,84.7450839336,106.322236811,23.6994740226,46.2589358376,30.9456646915,23.1631716976,25.4143112347,46.549611087,225.806043985,260.983200173,17.0712239288,19.8945231229,5.90958367292,9.03630691654,59.1256857716,81.7386504081,519.145039678,644.179903348,497.296938223,621.355791005,9.45978982006,10.1698758361,26.6627260324,31.8460567085,81.3491668105,100.620509748
126,122.366943278,146.377102836,10.4055265899,12.0170728405,83.3655309447,104.781062988,23.6994740226,46.2589358376,30.9456646915,23.1631716976,25.4143112347,46.549611087,221.156966106,257.055223707,17.0631121271,19.8853389984,5.8558047202,8.92770125823,60.1891917651,81.7189342648,517.304155491,641.678420664,497.20617739,621.072088786,9.90135604137,10.8791787206,26.038358298,31.0028524213,79.983418626,98.408808146
127,122.251783418,146.248514346,10.4008361082,12.0128375664,82.774844341,103.920777704,23.6994740226,46.2589358376,30.9456646915,23.1631716976,25.4143112347,46.549611087,220.123729363,257.038502665,17.0606381205,19.8830460845,5.87230090332,8.93987109415,59.0074316162,81.6953357305,514.706706505,638.098815739,497.004360622,620.87877271,9.95845095413,10.9039205134,26.0919034992,30.9158855008,79.1694772004,97.3209448818
128,122.121017787,146.111432496,10.3573994035,11.9684922064,82.232894363,103.247061122,23.6994740226,46.2589358376,30.9456646915,23.1631716976,25.4143112347,46.549611087,216.580985842,254.524240039,20.7724108276,23.6042983271,5.82861384663,8.82353353591,62.9715333558,83.1197634562,526.731218088,660.306100278,500.102310896,623.793952044,13.5635147624,14.6531777184,27.9797822506,32.4096072675,92.152883227,110.387491619
129,128.857785473,154.271917106,11.620860495,13.4487672062,86.5146394358,108.505780666,29.4419740226,53.0084358376,35.4071646915,28.6421716976,29.5473112347,51.547111087,225.536934923,265.456224648,22.8915700793,26.1311121912,6.97176485888,10.120739103,73.2458227993,92.0242634562,530.844741311,691.143392489,507.988757856,634.340045623,16.1204603756,17.9110084193,31.4916787555,40.0644212348,99.7509068067,122.695352163
130,128.939000024,154.364144479,14.1204549828,15.9476300079,64.8804173354,86.885361019,29.4419740226,53.0084358376,14.8907804829,13.0266177286,29.5850873208,51.547111087,185.650056553,225.569536566,22.890162023,26.1426221898,4.77174340928,6.94702637837,70.8908042139,83.4977266759,474.150341928,569.764991684,508.073353015,634.438121167,19.0270165836,20.3354347354,38.3061256887,45.0879246372,116.373769181,137.793929104
131,129.020375486,154.481855123,14.1253440393,15.9513450651,64.8838827884,86.8953029259,29.4419740226,53.0084358376,14.7065362507,12.3114006041,29.6054202673,51.547111087,185.653264952,225.580104182,22.8965679168,26.1324060252,4.78751974641,6.94702637837,71.4501439043,83.4977266759,474.157970213,569.776939799,508.315772948,634.7757281,19.0200296774,20.3600737706,38.3649588555,45.0092041679,116.785816447,138.068057017
132,137.306783314,156.255157638,14.1263197103,15.953015267,64.8889719177,86.9045633745,23.5195794158,40.4976189238,8.05075604711,8.73732526147,23.3010780404,39.8637295675,185.659589462,225.627154512,22.8940089012,26.1345007787,3.94673536568,5.67628908197,55.9856929576,61.6945101476,374.523574809,445.229157353,374.191143748,472.145579912,20.1125986089,21.3795012542,41.9533238136,51.4595068077,144.074688157,177.767037662
133,118.292079205,137.257569091,14.1268485134,15.9539441457,64.8916160616,86.9097965392,23.5195794158,40.4976189238,7.70791213723,7.58786692168,23.3139077099,39.8992962042,185.661036107,225.631156211,22.9004921933,26.1357049139,3.94673536568,5.67628908197,56.6858797853,61.6945101476,374.535005959,445.243571706,374.323384779,472.317379747,20.1055564666,21.388763119,42.2119244911,51.7820688589,145.141205557,179.452716351
134,118.317363672,137.293205439,14.1274976403,15.9548290831,64.8946854751,86.9144865479,23.5195794158,40.4976189238,8.18171508444,8.8833320565,23.3328981039,39.9323013217,185.649890198,225.624636933,19.1523896901,22.3929554294,3.94673536568,5.67628908197,55.7039585538,60.4101145432,362.317038161,433.027106863,370.848339365,468.895244665,19.6017053731,20.9189046794,43.8581064502,55.4203739158,149.217463133,191.190142591
135,118.383660957,137.391768274,14.128467696,15.9559369231,64.8969235234,86.9186915865,23.5195794158,40.4976189238,7.70791213723,7.58786692168,23.339618247,39.9478181793,185.652046868,225.630232884,19.1464723667,22.3878541681,3.94673536568,5.67628908197,56.0714209721,60.4101145432,394.682813424,433.034961707,371.348275477,469.500529687,19.5896809879,20.9208382219,43.9455245759,55.6148519301,149.315586541,191.511692636
136,106.203060481,123.227999949,11.6293011726,13.4569975623,64.900619835,86.9231538016,21.2458355762,36.0277343152,8.22311971803,8.9064338712,20.8415237924,35.6607906474,185.656762062,225.645197861,19.1453704602,22.3868986552,3.67173268448,5.17842177437,50.3416664884,49.3147865542,319.964929581,333.402008911,304.681381403,386.199996485,19.3346814622,20.7187420658,48.8469999061,61.4549350438,162.563149699,208.847782949
137,105.889739129,122.806684853,11.626677433,13.4544607759,64.9018467573,86.9249869953,21.2458355762,36.0277343152,7.70791213723,7.58786692168,20.8405705578,35.6639870329,185.658147187,225.644870408,19.1457744515,22.3873091096,3.67173268448,5.17842177437,50.3011694432,49.3147865542,319.967216203,333.406439121,305.033014077,386.644375687,19.33757562,20.7126436723,48.9655426523,61.653655999,163.309855348,214.103735313
138,76.0368380771,86.3775870176,11.6073286606,13.4353664119,27.7512731906,32.6903696585,11.1888245912,16.5881061292,8.23330359708,8.8904156916,10.3468034075,14.8064488759,58.84528079,65.4121190618,19.1250036753,22.3668412063,3.67173268448,5.17842177437,50.3948368516,48.672588752,275.394823206,321.194454553,285.774451746,367.503697599,16.5688010163,17.9918312513,46.2761483852,57.9050538526,152.114428463,198.656031665
139,76.8447913252,87.1554319682,11.6078574944,13.4359519991,27.763266911,32.7005304686,11.1888245912,16.5881061292,7.70791213723,7.58786692168,10.3468034075,14.8064488759,58.8736289375,65.4360575952,19.1243339068,22.3662948065,3.67173268448,5.17842177437,50.6521732908,48.672588752,292.176162692,341.977752296,286.197688613,368.036752098,16.5469794507,18.0010009308,46.3963451679,58.023418905,153.237316861,199.256956832
140,55.2966658263,58.1986823079,11.6080679621,13.4362348597,27.7721434282,32.7147267742,7.5534996038,9.6585699883,8.22296167849,8.8786465431,6.28484183022,8.04812819733,58.8888285911,65.463265205,19.1228377836,22.3651438032,2.526513406,2.9808780324,20.8083001057,23.8378400826,174.678387826,192.305069598,252.695456491,312.012038807,12.9790418893,14.5885460926,33.0794805986,42.5394380532,119.291059163,156.584457871
141,55.6834661354,58.7162654532,11.6069127468,13.4350869742,27.7770661142,32.7174049696,7.5534996038,9.6585699883,7.70791213723,7.58786692168,6.28484183022,8.04812819733,58.9029426228,65.4717246636,19.121067415,22.3633725032,2.526513406,2.9808780324,20.8083001057,23.8378400826,174.678387627,192.305069397,252.777987128,312.153717706,12.9586075586,14.6046182762,32.8858461013,42.2683966623,118.507565286,154.972563425
142,72.7758139324,76.223438378,12.4258348591,14.2542604251,28.1565305877,33.0953175563,7.5534996038,9.6585699883,8.25121868761,8.8880796386,6.28484183022,8.04812819733,59.3186207498,65.8835772646,19.5546009553,22.7973357489,2.3890120654,2.7319443786,19.4680920998,21.7341120883,149.996008115,161.392599126,253.229435104,312.62709219,9.95928091037,11.706517144,21.9824846586,28.130293388,83.7553612289,107.245615375
143,70.2965469697,73.7749876078,11.9322643387,13.7608067117,28.1176958488,33.0519534358,7.5534996038,9.6585699883,7.70791213723,7.58786692168,6.28484183022,8.04812819733,59.4177460205,65.9768666231,19.4463430834,22.6891268199,2.3890120654,2.7319443786,19.4680920998,21.7341120883,149.996008137,161.392599017,253.246679421,312.59793778,9.94654475971,11.7353242367,21.6817966661,27.7653987633,82.3113291328,104.443471535
144,60.5879295798,64.0946004493,7.06245521778,8.14824155814,27.7844217971,32.7175126857,7.5534996038,9.6585699883,8.27103761753,8.92381379674,6.28484183022,8.04812819733,58.9160657428,65.4710090188,11.159005192,13.8925214038,2.3890120654,2.7319443786,19.4680920998,21.7341120883,143.884909498,155.281500378,246.731022774,306.043293863,8.06074183652,9.93848877823,18.8738904836,23.9816190901,62.3495237283,71.9233371363
145,55.1441062278,59.3297801005,6.85420419141,7.94457534741,27.7854812148,32.7161520275,7.5534996038,9.6585699883,7.70791213723,7.58786692168,6.28484183022,8.04812819733,58.9181749491,65.4685567248,11.1290177344,13.8597347122,2.3890120654,2.7319443786,19.4680920998,21.7341120883,143.884909525,155.281500405,246.02249738,305.208986868,8.05812592542,9.97987125846,18.6981676114,23.7742121732,61.7041884425,72.0477001838
146,53.2005382883,57.6870236493,4.81936763729,5.28371652269,27.7826905685,32.7137256317,7.5534996038,9.6585699883,8.29475588562,9.0326532991,6.28484183022,8.04812819733,58.9136123372,65.4639573333,7.40244091623,7.98388550396,2.3890120654,2.7319443786,19.4680920998,21.7341120883,143.884909499,155.281500379,244.984659712,303.984785092,7.75969311587,9.73079405299,17.7504063909,22.3201840263,57.9217389389,66.7667664704
147,52.540894937,57.2581378695,4.843783695,5.28468138675,27.7801436065,32.7116818564,7.5534996038,9.6585699883,7.70791213723,7.58786692168,6.28484183022,8.04812819733,58.9092524932,65.4601807678,7.42868364536,7.9819094322,2.3890120654,2.7319443786,19.4680920998,21.7341120883,143.884909533,155.281500412,243.998299334,302.803268542,7.760416685,9.76284038267,17.6616826036,22.1582763069,57.7226275486,66.7015461076
148,51.8987753148,56.839160732,4.84387237189,5.27912632505,27.7776751738,32.7094286231,7.5534996038,9.6585699883,8.29965999156,9.151033716,6.28484183022,8.04812819733,58.9047350318,65.4559005962,7.42425952399,7.97357078274,2.3890120654,2.7319443786,19.4680920998,21.7341120883,143.88490951,155.28150039,242.977194397,301.570522763,7.61373128264,9.65066521879,16.6042139295,20.5340566097,53.6975688689,60.8920644746
149,51.3040856278,56.4285449125,4.84922754459,5.27570783641,27.7759558698,32.707687979,7.5534996038,9.6585699883,7.70791213723,7.58786692168,6.28484183022,8.04812819733,58.901806021,65.4527991771,7.43000181949,7.96965229868,2.3890120654,2.7319443786,19.4680920998,21.7341120883,143.884909549,155.281500429,242.112700567,300.450113945,7.61380242853,9.67702679427,16.5168307961,20.4332443477,53.6449961777,60.9045656994
150,50.6737254052,55.9697252096,4.85054169956,5.27168497747,27.77349756,32.7051091214,7.5534996038,9.6585699883,8.3501816325,9.24101066224,6.28484183022,8.04812819733,58.8972978884,65.4479479326,7.4311090494,7.96493967018,2.3890120654,2.7319443786,19.4680920998,21.7341120883,143.884909529,155.281500409,241.898233838,300.203745999,7.54241618638,9.63536507254,16.447999544,20.3524662131,53.6148498907,60.9370719872
151,50.0883915255,55.3922913805,4.85225400177,5.26817286457,27.7718504417,32.7031282467,7.5534996038,9.6585699883,7.70791213723,7.58786692168,6.28484183022,8.04812819733,58.8944299476,65.4443816741,7.43290354012,7.96097064339,2.3890120654,2.7319443786,19.4680920998,21.7341120883,143.884909573,155.281500453,241.742458219,300.022525478,7.54379967411,9.65697598416,16.3887995641,20.2986331643,53.5846406475,60.9631713122
152,52.9253894418,58.3041903313,4.92598890233,5.33861088127,27.8794067409,32.810387845,7.5534996038,9.6585699883,8.38530156277,9.31614991345,6.28484183022,8.04812819733,59.1099312148,65.6592567863,7.50674411793,8.03095575225,2.3890120654,2.7319443786,19.4680920998,21.7341120883,149.996008457,161.392599337,286.79035046,367.551241581,8.58480176294,10.7042539917,17.1456541305,21.0645496099,56.8710076187,64.3016245928
153,52.4000416295,57.9108634901,4.92569813263,5.33566272586,27.8767699844,32.8074622951,7.5534996038,9.6585699883,7.70791213723,7.58786692168,6.28484183022,8.04812819733,59.104905668,65.6536247935,7.50658095975,8.02764091331,2.3890120654,2.7319443786,19.4680920998,21.7341120883,149.996008506,161.392599385,286.615300918,367.345848379,8.5868094888,10.7347160967,17.0959545362,21.0290651261,57.0266444172,64.5640189314
154,51.7818864031,57.4770140753,6.95376289003,7.98668504184,27.867940938,32.7984643197,7.5534996038,9.6585699883,8.41053088263,9.39361934961,6.28484183022,8.04812819733,59.0876058842,65.6359063438,11.2260047901,13.9188004092,2.526513406,2.9808780324,20.8083001057,23.8378400826,174.679092998,192.305774757,287.164867235,368.010015424,10.8620582422,13.0013022539,20.9269821678,25.8931541433,70.8540966561,82.0640627089
155,51.38204804,57.2973331762,6.903608066,7.99218235339,27.8652866402,32.7956822808,7.5534996038,9.6585699883,7.70791213723,7.58786692168,6.28484183022,8.04812819733,59.0825347795,65.6304652455,11.1719987008,13.9026945306,2.526513406,2.9808780324,20.8083001057,23.8378400826,174.679092643,192.305774406,286.23229055,367.77891024,10.8661991998,13.0228027229,20.937539296,25.8831686362,71.4432325657,83.0074430976
156,72.319895667,85.7712262601,14.1472102193,15.9786854841,32.8407966899,38.8808090925,10.78927907,15.6885443485,9.43586759362,11.7712363241,9.54575696424,16.3972048199,97.3536297687,119.035310913,19.1636822608,22.408828614,3.40439644488,4.68055446677,56.0379953481,37.5772607629,213.116009978,234.272379513,400.384217292,510.587746728,13.5328971894,15.6727911189,36.8368172507,43.6715258776,121.176259894,140.520189155
157,72.7113587143,84.2684508888,14.1500040733,15.9816871829,32.7757085413,38.7868476176,10.78927907,15.6885443485,9.43586759362,11.7712363241,9.54240130571,16.4485636819,97.2092145278,118.783322657,19.1602938751,22.4104863932,3.40267868352,4.68055446677,55.9830974111,37.5772607629,213.038098704,234.030819821,400.576841188,510.603445648,13.5407932511,15.6523744282,37.0442844457,43.87011898,122.358922147,142.622672714
158,72.3202177621,82.0575839045,12.8631525845,14.4776134019,60.7489927784,81.8251023897,8.68210405739,15.8685804894,15.2194038444,13.1246369282,9.4092734938,18.0882188209,176.912213604,215.043544479,20.7844898469,23.6077396005,2.79523536568,4.29328908197,55.7862177844,42.7069035095,249.437136984,290.148180622,455.486433372,579.195140531,12.3259182513,13.8981617863,43.6571678472,46.9035765617,143.156865601,166.241636276
159,72.7173855097,82.1368743585,12.8665284493,14.4804963537,60.7182803291,81.7814919966,8.68210405739,15.8685804894,15.2194038444,13.1246369282,9.30664547185,17.9290977437,176.87905581,214.991805638,20.7938404017,23.6170214759,2.79523536568,4.29328908197,51.0286710517,42.7069035095,249.351565854,290.035058262,456.190154064,579.401375103,12.3483437667,13.7994585228,44.357522355,47.685057322,144.885941953,169.403337268
160,120.009878325,135.679611597,10.3724741124,11.9829792847,83.27277005,104.279072724,15.5033355762,29.2782343152,24.9586402561,19.4512376933,16.729962641,30.6699439976,222.961674628,260.977444411,20.79179648,23.6023177812,5.84291996731,8.66530168488,73.519980619,86.8811976888,523.306331591,638.703373039,476.974209785,600.196044528,12.0293277942,13.7974096648,37.4066900103,41.3898872346,123.569238522,144.618139819
161,100.97595628,116.470286103,10.3703803734,11.9831358132,83.2882751152,104.290119543,15.5033355762,29.2782343152,24.9586402561,19.4512376933,16.7463452665,30.6631026481,222.98608764,260.924929343,20.7912682564,23.6264055499,5.82801272541,8.67524001217,73.4192387478,86.8613540303,523.30511382,638.692280044,477.197367688,600.40562264,12.0021767671,13.7664846301,37.1514915323,41.7889423732,122.141937707,142.545979222
162,124.171530756,148.295637889,10.3773102756,11.9896323898,83.2902534787,104.290446049,23.6994740226,46.2589358376,30.9456646915,23.1631716976,25.487140549,46.5607896971,223.012737262,260.942558863,17.0522698965,19.869253652,5.82762427244,8.70122513754,65.3233062911,82.7273046275,504.927863786,620.299849731,494.010444783,617.324502669,10.6377425576,12.2769661088,34.9439718801,40.7031761618,109.417887717,133.499410636
163,124.521192616,148.602845674,10.378015806,11.9903713249,83.2919069292,104.28891076,23.6994740226,46.2589358376,30.9456646915,23.1631716976,25.4552117867,46.549611087,223.00561905,260.931706905,17.0474804911,19.8657788376,5.82684443296,8.70573730152,63.5527954021,82.7408640338,504.910642574,620.270338877,494.126409337,617.515988494,10.669593058,12.2229386472,35.1118905916,41.1499055393,109.111171495,134.686406689
164,120.725139268,144.888014415,12.8738144779,14.4857054218,85.2878692092,106.280910849,23.6994740226,46.2589358376,30.9456646915,23.1631716976,25.4143112347,46.549611087,225.996591592,263.921264794,20.7933115619,23.6264145839,5.82746744349,8.7012915466,60.5271583111,81.8231598699,480.449636661,595.795475339,497.94731412,621.467671944,9.39038200413,10.6850639499,25.9632803452,30.7577787122,85.3448584762,106.217080065
165,119.85406531,143.914903892,12.8823460846,14.4923616131,85.2834531131,106.28699535,23.6994740226,46.2589358376,30.9456646915,23.1631716976,25.4143112347,46.549611087,226.009866357,263.937234082,20.7975601208,23.6130263752,5.82411870294,8.72561117753,60.5444439095,81.8209594939,480.449228272,595.791627375,498.157274168,621.762228868,9.41021487322,10.6522458742,25.8771692266,31.011093172,85.0278955795,107.592774586
166,130.906869159,154.847373521,13.6823382968,15.292438207,85.605482863,106.610214709,23.6994740226,46.2589358376,30.9456646915,23.1631716976,25.4143112347,46.549611087,226.312406947,264.240866172,21.2114689109,24.0438158628,5.85581607553,8.79269074536,61.5704366504,82.7634661476,480.451766394,595.790411607,498.618494101,622.340168575,9.5782328255,10.7002421246,26.0271871059,31.2347203421,85.8226993698,108.695320361
167,137.202968319,161.031058971,13.1867687612,14.7963136003,85.6572201231,106.660403019,23.6994740226,46.2589358376,30.9456646915,23.1631716976,25.4143112347,46.549611087,226.59311666,264.523537459,21.0961792709,23.9248567829,5.89941970403,8.88899610028,61.6393900068,82.7288054939,480.452862382,595.7917951,499.234158753,623.097896321,9.7277624886,10.6830754965,26.3322835963,31.640741596,86.2147439168,109.310961
168,126.87565721,150.737381361,13.1174035739,14.7273824972,85.2803122542,106.284444244,23.6994740226,46.2589358376,27.6992525542,21.0543047759,25.4143112347,46.549611087,226.002777325,263.934026512,20.8482804004,23.6777105644,5.59399285893,8.59930245068,62.3812949572,82.39884079,455.544507168,570.883893017,478.188759669,602.096869863,9.54351142024,10.4508275929,26.3886975664,31.6476472266,85.6809692305,108.663471531
169,124.15784853,147.91361503,12.8839672662,14.4920454022,85.2812122006,106.284798349,23.6994740226,46.2589358376,27.6992525542,21.0543047759,25.4143112347,46.549611087,226.003685761,263.934495338,20.7942246987,23.6209319692,5.57930694235,8.55585434789,62.1158553701,82.3924297535,455.541086616,570.876864025,478.271158362,602.217211787,9.4960549754,10.4440002412,26.2271988778,31.3834182,85.3373624085,107.657114016
170,125.249924044,149.179011831,12.8991924902,14.5089620861,83.3021238826,104.304426285,23.6994740226,46.2589358376,30.9456646915,23.1631716976,25.4143112347,46.549611087,223.040412595,260.972845961,17.0650326594,19.8835084287,5.87555288725,8.85584151241,61.6343886016,83.5289401072,480.444482977,595.778572984,495.062640105,619.04320106,9.32074262267,10.3580540122,26.150222135,31.2622772571,80.1666729268,101.944657083
171,123.033786543,146.986762609,12.8986521777,14.5083639351,83.2933018584,104.293838196,23.6994740226,46.2589358376,30.9456646915,23.1631716976,25.4143112347,46.549611087,223.014587543,260.947517249,17.0577183402,19.8776995311,5.85931114644,8.84183677914,61.2236720928,83.4923554346,480.439755246,595.773123906,495.136586417,619.148263518,9.30743527065,10.3604407911,26.0936622189,31.0466475464,80.0327261233,100.948554295
172,121.555225892,145.492785896,10.4029279935,12.0130790133,83.2983388273,104.298912893,23.6994740226,46.2589358376,30.9456646915,23.1631716976,25.4143112347,46.549611087,223.018282618,260.953209014,17.0620780279,19.8820688263,5.89719518654,8.90574346475,58.3783037929,81.7209027923,480.525956712,595.753995205,495.267951911,619.452042149,9.36132729677,10.27499881,26.3546911256,31.3045816157,80.7970905251,101.8428046
173,121.165141218,145.096000015,10.3940620517,12.0048069891,83.296891149,104.29502271,23.6994740226,46.2589358376,30.9456646915,23.1631716976,25.4143112347,46.549611087,223.014938186,260.945564612,17.0580321023,19.8783253392,5.86172319868,8.86822434519,58.6120522612,81.7106868431,480.647794464,595.757294781,495.26042979,619.35235767,9.23417729609,10.295897744,26.0785107465,31.00138897,80.1384058894,98.4341931033
174,119.181691363,143.107032144,10.3861946512,11.997246329,82.2897628079,103.286594674,23.6994740226,46.2589358376,30.9456646915,23.1631716976,25.4143112347,46.549611087,219.092666995,257.020976413,17.0489299314,19.8700667689,5.86106239843,8.87130383456,58.4721583552,81.6938993427,480.767653857,595.931789121,495.289092336,619.387779663,9.91938710137,10.984564828,25.9227080178,30.6696192953,80.0841889139,97.1709636909
175,118.913534643,142.821419195,10.3818457012,11.9928670165,82.283991725,103.278630979,23.6994740226,46.2589358376,30.9456646915,23.1631716976,25.4143112347,46.549611087,219.082063716,257.000863203,17.0463399102,19.8672973001,5.85396810033,8.85952921277,58.5627569298,81.6748184012,480.892539759,596.14035501,495.186164355,619.263644655,9.89827641111,11.0186567348,25.8222441679,30.4731741391,79.8887081966,93.3285701888
176,118.786301609,142.686329849,10.3379515229,11.9484618889,82.2280333581,103.227950071,23.6994740226,46.2589358376,30.9456646915,23.1631716976,25.4143112347,46.549611087,216.576688375,254.492328778,20.7552536464,23.5871489515,5.82026485888,8.77187633372,61.716470415,83.1197634562,505.427373582,620.728735816,498.412828676,622.377468764,13.5092944524,14.7696046283,27.759806406,32.0412630458,93.3799767752,104.807270741
177,125.449109002,150.772236165,11.6013761098,13.4282924878,86.5112258109,108.488995634,29.4419740226,53.0084358376,35.4071646915,28.6421716976,29.5707515667,51.547111087,225.535397392,265.426974046,22.8762403487,26.1151254062,6.97176485888,10.0755899221,73.1162797719,92.0242634562,531.099748129,651.588799766,506.11233979,632.675247325,16.0389597003,18.0712647959,31.1819947574,39.5502620085,100.592264833,117.280646791
178,125.465076662,150.796664147,14.1006642704,15.9271997459,64.8774854426,86.8748652642,29.4419740226,53.0084358376,14.9705379349,13.2837636496,29.6215416832,51.547111087,185.646895877,225.650501241,22.8756834011,26.1257483389,4.77326056765,6.94702637837,70.7113984225,83.4977266759,474.157595952,569.766504302,506.143725325,632.700795582,18.9384417213,20.5132593278,37.9077629878,44.5832444909,118.211360137,133.848626718
179,125.586149754,150.955813498,14.106615444,15.9314415234,64.8830339674,86.8880546925,29.4419740226,53.0084358376,14.7065362507,12.3114006041,29.6433160167,51.5531077648,185.652401165,225.696857258,22.8820758563,26.116708248,4.78551222737,6.94702637837,71.4995782755,83.4977266759,474.167464753,569.780521266,506.224917398,632.802127587,18.9328245231,20.5512008306,37.9331928233,44.4463477236,118.566636621,134.482574736
180,134.060290148,152.92326355,14.1063039374,15.9323204398,64.8891882865,86.8978532058,23.5195794158,40.4976189238,8.1698338394,9.13344138074,23.3377891276,39.8966719501,185.660104113,225.708571176,22.8788306939,26.1182448932,3.94673536568,5.67628908197,56.0301997808,61.6945101476,374.533374874,445.23338532,370.945179898,468.258216686,20.0145061501,21.5803400511,41.4937081016,50.8727246294,145.709622351,174.518023095
181,114.751375238,133.622086404,14.1069541912,15.933422527,64.8904922533,86.9022793845,23.5195794158,40.4976189238,7.73713162214,7.58786692168,23.3450654833,39.9317017186,185.65901305,225.711140902,22.8809996813,26.1199033614,3.94673536568,5.67628908197,56.493123382,61.6945101476,374.540268367,445.243639403,371.006339662,468.334697423,20.0196662073,21.5789605128,41.76739604,51.1517535825,147.010965781,177.025481508
182,118.194498821,137.079920357,14.1805006114,16.0071985287,65.0044692513,87.0179440638,23.5195794158,40.4976189238,8.25835780596,9.26245984302,23.3712238752,39.9747234749,185.867577794,225.922012773,19.2098623964,22.449417716,3.94673536568,5.67628908197,56.223117205,60.4101145432,362.331905196,433.037022349,367.610828354,464.950722386,19.5011178238,21.1228185829,43.3233040111,54.5868305271,150.997641684,188.927901326
183,118.027916135,137.044123555,14.1806951219,16.0075355449,65.006618024,87.0206775219,23.5195794158,40.4976189238,7.76400399119,7.58786692168,23.3727745245,39.986016704,185.869730124,225.92503213,19.2031843986,22.4436369532,3.94673536568,5.67628908197,56.0711212445,60.4101145432,362.330800956,433.038069919,367.599555162,464.940510645,19.5015165393,21.1271485279,43.4273326914,54.7661262061,150.37084504,188.598545126
184,105.173605584,121.98612254,11.6773344121,13.5040374217,65.0028049343,87.0181982839,21.2458355762,36.0277343152,8.2905149149,9.30507086559,20.8708728791,35.6955436693,185.858575656,225.915164338,19.1983277987,22.4386795519,3.67173268448,5.17842177437,50.2181537565,49.3147865542,287.609714595,333.401756928,300.733008131,381.386561284,19.2597721094,20.914759622,48.3135087329,60.5741100899,163.603489552,206.480299069
185,105.361950148,122.190570518,11.6747928418,13.501906785,65.0050515995,87.021342587,21.2458355762,36.0277343152,7.7747210979,7.58786692168,20.8745938002,35.703826582,185.860522647,225.918119786,19.1984121289,22.4388927795,3.67173268448,5.17842177437,50.7410803104,49.3147865542,287.620427135,333.414411691,300.800282667,381.47455891,19.2475698193,20.9169658181,48.3875436417,60.7486460109,163.678871618,207.177712607
186,75.4445170288,85.7150631618,11.6410076295,13.468334622,27.8115307792,32.7502908859,11.1888245912,16.5881061292,8.30058157942,9.29590364425,10.3468034075,14.8064488759,58.9665824963,65.5330677728,19.163256736,22.4039407501,3.67173268448,5.17842177437,50.2628715772,48.672588752,275.400511888,321.196219633,281.154174547,361.848935258,16.4929044786,18.191127002,45.7350997316,57.0538702118,152.023845144,192.810470318
187,76.0493928647,86.2478897652,11.6407193807,13.4680746747,27.823588845,32.759654298,11.1888245912,16.5881061292,7.78116484206,7.58786692168,10.3468034075,14.8064488759,58.996448647,65.5572308539,19.1619724401,22.4027665836,3.67173268448,5.17842177437,50.4488122879,48.672588752,275.405028978,321.202360573,281.161532748,361.862483568,16.4704788387,18.2075929855,45.8383632679,57.1572559072,153.021888092,194.87592799
188,52.0282715534,54.844042155,11.5886147422,13.4160356506,27.757509055,32.6989872462,7.5534996038,9.6585699883,8.30330775214,9.28916634251,6.28484183022,8.04812819733,58.862119225,65.4344922043,19.1083873918,22.3495543816,2.526513406,2.9808780324,20.8083001057,23.8378400826,174.678388111,192.305069885,247.435991659,305.648492816,12.9446977417,14.784672651,32.5969822659,41.8159670889,118.687190239,153.264285608
189,52.8113029277,56.3238482297,11.5882981406,13.4157766951,27.7634232468,32.7032169148,7.5534996038,9.6585699883,7.7866727091,7.58786692168,6.28484183022,8.04812819733,58.8786423886,65.4447717062,19.1070014625,22.3482302086,2.526513406,2.9808780324,20.8083001057,23.8378400826,174.678387845,192.305069616,247.491038071,305.721405986,12.9362286292,14.8017698534,32.379076205,41.5339482718,117.746826547,152.717995285
190,70.4713133873,74.3578801174,12.4164055605,14.2441620769,28.1523304319,33.0902426123,7.5534996038,9.6585699883,8.30687899988,9.28033634831,6.28484183022,8.04812819733,59.3139816808,65.87627425,19.5493375564,22.7910022055,2.3890120654,2.7319443786,19.4680920998,21.7341120883,149.996008344,161.392599461,247.969512398,306.214777502,9.95814607807,11.8934936101,21.6310086037,27.6645978707,83.033054561,103.401315567
191,67.1338950992,71.340683819,11.9087239435,13.737431263,28.1002085894,33.0332069477,7.5534996038,9.6585699883,7.79178119633,7.58786692168,6.28484183022,8.04812819733,59.3899177627,65.9456734666,19.4267840051,22.6685060493,2.3890120654,2.7319443786,19.4680920998,21.7341120883,149.99600838,161.392599255,248.104727434,306.353522854,9.95168461853,11.9183203908,21.3592870577,27.3939619201,81.8597937985,101.06969933
192,57.5160276876,61.483919222,7.04326807275,8.13056127756,27.7729325236,32.704360622,7.5534996038,9.6585699883,8.31303960812,9.28091322797,6.28484183022,8.04812819733,58.8962974405,65.4476090648,11.1479697524,13.8803202184,2.3890120654,2.7319443786,19.4680920998,21.7341120883,143.884909743,155.281500618,241.836880267,300.090619957,8.09049072679,10.1105130288,18.6266813671,23.6555596244,62.822690314,76.1155444141
193,52.2067639224,57.1347055629,6.8445379042,7.93321341887,27.775490868,32.7042057019,7.5534996038,9.6585699883,7.79464542231,7.58786692168,6.28484183022,8.04812819733,58.9015972508,65.448084746,11.1185791694,13.847814854,2.3890120654,2.7319443786,19.4680920998,21.7341120883,143.884909784,155.281500659,241.819995367,300.075805753,8.08895532583,10.1240247102,18.5296982524,23.5313589881,62.5131490393,75.6387342935
194,50.5716357277,55.6780468764,4.81000145967,5.27410170204,27.7751036259,32.7025543481,7.5534996038,9.6585699883,8.3060676313,9.28419890182,6.28484183022,8.04812819733,58.9020905422,65.4453186937,7.39283098496,7.97308567234,2.3890120654,2.7319443786,19.4680920998,21.7341120883,143.884909767,155.281500642,241.763478577,300.017460762,7.79296136613,9.85654774164,17.620484908,22.1489142031,58.660773135,69.933456717
195,50.1253791028,55.5034327933,4.83443524294,5.27374351723,27.7733322897,32.7014208934,7.5534996038,9.6585699883,7.79762872487,7.58786692168,6.28484183022,8.04812819733,58.899334487,65.4435222236,7.42040542395,7.97160557355,2.3890120654,2.7319443786,19.4680920998,21.7341120883,143.884909813,155.281500688,241.698068612,299.948417411,7.79402510862,9.87603081188,17.5364987492,22.0311996248,58.3346947992,69.3306633165
196,49.6943255066,55.3656452673,4.83483175805,5.2701159645,27.7708136936,32.6994944041,7.5534996038,9.6585699883,8.31059936761,9.35544184052,6.28484183022,8.04812819733,58.8947438088,65.4398430613,7.41629764084,7.96502616001,2.3890120654,2.7319443786,19.4680920998,21.7341120883,143.884909798,155.281500673,241.577903489,299.818578277,7.64817026888,9.76990006599,16.4755817908,20.4200000107,54.2163193086,63.1419449193
197,49.3061828825,55.2409899733,4.84029536575,5.26712078724,27.7682411613,32.6974085802,7.5534996038,9.6585699883,7.8044083985,7.58786692168,6.28484183022,8.04812819733,58.8900917074,65.4358409809,7.42197652006,7.96158826064,2.3890120654,2.7319443786,19.4680920998,21.7341120883,143.884909848,155.281500724,241.443614523,299.66963366,7.6503065221,9.80748305105,16.4130133678,20.3459335883,54.1530365669,63.0005570377
198,48.9504800652,55.1160284901,4.84218336868,5.26419048795,27.7659163407,32.6953720907,7.5534996038,9.6585699883,8.34337377756,9.47356950636,6.28484183022,8.04812819733,58.8857654588,65.4318704578,7.42350532681,7.95783408286,2.3890120654,2.7319443786,19.4680920998,21.7341120883,143.884909836,155.281500711,241.298094664,299.508578489,7.57917943594,9.77956813546,16.3422458689,20.289170714,54.0519276746,62.7974946648
199,48.5346427681,54.9011256794,4.84279554173,5.26023388682,27.7620407729,32.6917809295,7.5534996038,9.6585699883,7.81393837549,7.58786692168,6.28484183022,8.04812819733,58.878201081,65.424677166,7.42406591789,7.95333693791,2.3890120654,2.7319443786,19.4680920998,21.7341120883,143.88490989,155.281500766,238.618697022,299.281497687,7.59486493649,9.84854486237,16.2566027562,20.2517263709,53.9322722717,66.229084667
200,51.5972621711,58.1427982467,4.91484890431,5.3283293394,27.8665353452,32.7964694176,7.5534996038,9.6585699883,8.39376165753,9.65084194145,6.28484183022,8.04812819733,59.0874962059,65.6341814568,7.49611336022,8.02088601649,2.3890120654,2.7319443786,19.4680920998,21.7341120883,149.996008781,161.392599656,283.839537613,366.899823844,8.64067948475,10.9278983588,17.0084259173,21.1306591575,57.1589149694,65.5354450407
201,51.3945640042,58.0903209853,4.91511495153,5.32548341728,27.8641520054,32.7941621728,7.5534996038,9.6585699883,7.82275383864,7.58786692168,6.28484183022,8.04812819733,59.0829211092,65.6296617485,7.49640436388,8.01754732664,2.3890120654,2.7319443786,19.4680920998,21.7341120883,149.996008839,161.392599715,283.656831658,366.828478763,8.65142957929,10.9737946503,16.9630672046,21.2313266912,57.312604839,65.8049808009
202,50.9840542476,57.7752091806,6.94282759163,7.97540413477,27.854827804,32.7848510777,7.5534996038,9.69472914457,8.43432599415,9.79365872722,6.28484183022,8.16227983077,59.0644700448,65.6111879012,11.2153965387,13.9117035144,2.526513406,3.72678023487,20.8083001057,23.8378400826,174.679093634,192.305775386,284.098330567,367.741777043,10.9201433603,13.2602504365,20.7877146603,25.9122164429,71.1098261062,83.222419411
203,50.8089914039,57.6930603982,6.89641197413,7.98509821713,27.852429295,32.7824368089,7.5534996038,9.6585699883,7.82963979139,7.58786692168,6.28484183022,8.04812819733,59.0598559211,65.6064670832,11.1635082252,13.8935710845,2.526513406,3.36011895955,20.8083001057,23.8378400826,174.679093117,192.305774875,283.49068891,367.58993945,10.9260197919,13.292182397,20.7894779804,25.945566563,71.7284526698,84.364678777
204,71.8680351798,86.1402285696,14.139100586,15.9708145371,32.9318353324,39.0227026776,10.78927907,15.6885443485,9.43586759362,11.7712363241,9.61006965759,16.4678663954,97.4988794609,119.386776869,19.1545437921,22.398422007,3.40108391824,4.68055446677,58.0594815959,37.5772607629,213.293555575,234.435147844,397.833846061,510.416072034,13.584614378,15.9719199402,36.6488495692,43.4022306242,121.466611267,142.096292069
205,72.1926045404,84.073472702,14.1405394409,15.9718525638,32.8878375635,38.9749424583,10.78927907,15.6885443485,9.43586759362,11.7712363241,9.61200244988,16.5281377509,97.3553343767,119.178779055,19.1560840961,22.3971024519,3.39984596062,4.68055446677,57.3782093912,37.5772607629,213.076892898,234.088272763,397.489037326,510.422256758,13.5868057903,15.9880960542,36.7919311266,43.5572026528,122.689991864,144.446593929
206,71.493295111,81.4645062945,12.8503319028,14.464907058,60.8198650108,81.9257843301,8.68210405739,15.8685804894,15.2194038444,13.1246369282,9.47963822191,18.1821326063,177.022705239,215.249197407,20.7692496634,23.5904068664,2.79523536568,4.29328908197,57.4915416851,42.7069035095,249.479557332,290.202960381,451.176201831,579.161406218,12.3766846687,14.2878516494,43.038175466,46.463040551,143.452915682,167.590187105
207,71.3490216709,80.9007749159,12.8505980752,14.4646096172,60.7951689245,81.8852047272,8.68210405739,15.8685804894,15.2194038444,13.1246369282,9.44494930605,18.118575413,177.007523675,215.209430146,20.7750455311,23.5953163611,2.79523536568,4.29328908197,56.2206820829,42.7069035095,249.461209301,290.170537522,450.547622772,579.214094144,12.3797796372,14.2978042356,43.3088747933,46.7207628421,144.54008197,169.666033311
208,118.224686623,133.953816091,10.3501026317,11.9641601148,83.3136130777,104.345543874,15.5033355762,29.2782343152,24.9586402561,19.4512376933,16.9131810881,30.9353194762,223.05118825,261.115141381,20.7652650883,23.580722366,5.82026485888,8.65550633357,80.4026585276,86.8124008188,523.410549316,638.834429439,470.670440431,599.835308978,12.0479508511,14.4104852032,36.3669028612,40.3098924603,122.471828495,143.037040146
209,98.5936712251,114.146543151,10.3473433552,11.9617778791,83.3251047669,104.335290541,15.5033355762,29.2782343152,24.9586402561,19.4512376933,16.8510541268,30.830256911,223.069519272,261.104560725,20.7672294794,23.5969458644,5.8231577282,8.65550633357,76.894650684,86.8416692764,523.354547026,638.761919245,470.336355023,599.861203807,12.0471176417,14.340662796,36.4432720524,40.8844770573,121.657664892,141.915983182
210,121.406334598,145.542522036,10.3511412525,11.965961349,83.3262422567,104.332729296,23.6994740226,46.2589358376,30.9456646915,23.1631716976,25.6016093717,46.7122499272,223.102046781,261.105556717,17.0274510853,19.8426030799,5.82582476639,8.65550633357,69.3298205712,82.6635668564,504.972590322,620.361148048,486.747013581,616.523753776,10.6507716685,12.8448504288,34.0430747474,39.5014941633,108.635881007,129.798833509
211,121.512360378,145.546663012,10.35188726,11.9665481277,83.3246170002,104.319421065,23.6994740226,46.2589358376,30.9456646915,23.1631716976,25.5633107019,46.63551737,223.081899678,261.075423706,17.0221424489,19.8384903413,5.82260031391,8.66449915796,66.9146973366,82.680361549,504.942965162,620.31796451,486.7713348,616.598760439,10.6600340252,12.7322590605,34.1774622275,39.8993964928,108.355405143,129.714481783
212,117.295983738,141.397475393,12.8489304739,14.4627997549,85.3210636732,106.303360904,23.6994740226,46.2589358376,30.9456646915,23.1631716976,25.5317918813,46.5633535791,226.062814689,264.013132695,20.7692795821,23.5983336308,5.82247859115,8.6788050244,64.4752891699,81.706490322,480.481904919,595.847771834,490.897333109,620.48539871,9.20503762506,11.1677546612,24.8248579233,29.2692693789,83.7452659975,98.3913244936
213,116.821473667,140.822663547,12.8545671509,14.4671246811,85.3074185284,106.303747619,23.6994740226,46.2589358376,30.9456646915,23.1631716976,25.4989890477,46.549611087,226.070194235,263.92403553,20.7742280675,23.5870840884,5.82198832069,8.68642433157,62.8821024073,81.704683953,480.467422546,595.824012705,491.482910876,620.658686027,9.21184858392,11.0860902498,24.813684682,29.4643202412,83.5754736339,98.0612619483
214,129.013045137,152.912940693,13.6726666946,15.2846890036,85.6645739001,106.642216627,23.6994740226,46.2589358376,30.9456646915,23.1631716976,25.4484831152,46.549611087,226.411621087,264.258097726,21.2064355422,24.0364692053,5.82180433281,8.6920468104,62.8927214092,82.6644791586,480.462756944,595.809144865,492.478513094,621.213513055,9.29583688549,11.0688110283,24.9037413375,29.5621889302,84.3543326062,99.4972224324
215,133.64335486,157.431960833,13.1490506007,14.758050311,85.659431151,106.653966234,23.6994740226,46.2589358376,30.9456646915,23.1631716976,25.4451743475,46.549611087,226.614371436,264.469263549,21.0658443728,23.8905260242,5.82026485888,8.68889362754,62.7234277301,82.6521449584,480.460663014,595.805800383,493.512751259,621.743638437,9.28807349727,11.0190584991,24.88481612,29.5462053666,83.9033269852,98.7451037198
216,123.666002808,147.476413364,13.0808036783,14.6894683556,85.3088939562,106.28619579,23.6994740226,46.2589358376,27.6992525542,21.0543047759,25.4708552998,46.549611087,226.039797701,263.899236112,20.8249814243,23.651633436,5.54526217768,8.38050365237,64.8511618233,82.365940851,455.560416709,570.913751665,473.004436752,600.692532257,9.10524240471,10.7958111896,24.876078682,29.4650827916,83.136161436,97.6045294734
217,121.056898878,144.664699133,12.8547564207,14.4636315284,85.2984807121,106.281439253,23.6994740226,46.2589358376,27.6992525542,21.0543047759,25.416709698,46.549611087,226.035376339,263.891763037,20.7724058651,23.5992112873,5.5476311378,8.39206973138,63.0149772165,82.365940851,455.546742943,570.888335398,473.737239604,600.922045587,9.13723819527,10.726247631,25.1627493778,29.5908367592,83.8115264929,99.1654173081
218,122.310286381,146.187032169,12.8722001438,14.4812692188,83.3093370392,104.297675122,23.6994740226,46.2589358376,30.9456646915,23.1631716976,25.4364755678,46.549611087,223.066407576,260.931623632,17.0449509699,19.8618365456,5.83402840514,8.69967187127,63.0307558918,83.4676971796,480.454967915,595.794506526,491.08466374,617.709384051,8.97850603119,10.6269780487,25.1306185157,29.6579368879,78.6874894124,93.4127401899
219,120.135258144,144.025359357,12.8726089286,14.4816290241,83.2987378166,104.285858752,23.6994740226,46.2589358376,30.9456646915,23.1631716976,25.4143112347,46.549611087,223.041008081,260.905302443,17.0397089487,19.8575803935,5.83401517874,8.70925860301,61.6925449117,83.4612501195,480.441639041,595.776920053,491.781696323,617.92905218,9.05935920241,10.5764631767,25.3913899012,29.8860459847,79.3450534452,94.9100633119
220,119.067766542,142.96233301,10.3773906222,11.9871800662,83.3003771122,104.288880407,23.6994740226,46.2589358376,30.9456646915,23.1631716976,25.4242431132,46.549611087,223.041521256,260.910727109,17.0434067624,19.8620690229,5.82026485888,8.68417877551,60.4125627104,81.6748184012,480.490476394,595.785586344,492.313841271,618.042955723,8.91025685959,10.5227225887,25.1710782318,29.6979673847,78.7471465178,93.5464454412
221,118.993522235,142.888146084,10.3703937516,11.9831505998,83.3000488397,104.290890275,23.6994740226,46.2589358376,30.9456646915,23.1631716976,25.4789225993,46.549611087,223.040325813,260.915619409,17.040034163,19.8599735281,5.82026485888,8.65550633357,62.7117794067,81.6748184012,480.589588349,595.929106034,492.719001424,618.131313657,8.85304094803,10.5898012248,24.8593201574,29.3404930289,77.8672782661,91.6088933351
222,117.250201195,141.144391801,10.364751978,11.9772499756,82.2901878414,103.279911882,23.6994740226,46.2589358376,30.9456646915,23.1631716976,25.4278610535,46.549611087,219.114072148,256.985411839,17.0335753698,19.8532386775,5.82886829131,8.66980242009,60.1546577187,81.6748184012,480.680253705,596.065614994,493.10218731,618.36271479,9.60021530097,11.2392842122,25.0351079069,29.2650178622,78.557756659,93.1968156583
223,117.368541264,141.249746623,10.3646599442,11.9776645111,82.2822921726,103.273766293,23.6994740226,46.2589358376,30.9456646915,23.1631716976,25.4314923359,46.549611087,219.09589153,256.974558041,17.0352958666,19.8540542027,5.82118893265,8.67025289438,60.2398272416,81.6748184012,480.795876091,596.253047035,493.625481282,618.546965864,9.58540567909,11.2345606698,24.9952661694,29.2306859263,78.4135757306,92.8695740979
224,117.778081068,141.661947483,10.326027154,11.9384341917,82.2327660167,103.234841944,23.6994740226,46.2589358376,30.9456646915,23.1631716976,25.5064916089,46.549611087,216.592421456,254.611167131,20.7489872217,23.5785626513,5.82026485888,8.67299708089,65.8517986935,83.1197634562,505.340806327,620.843407294,497.834985125,622.012771882,13.2521121172,14.9794834618,26.9986370931,31.0009587924,92.0796235656,106.441492764
225,125.067995179,150.389143154,11.5944931592,13.4225905301,86.5180042703,108.502359254,29.4419740226,53.0084358376,35.4071646915,28.6421716976,29.6653602406,51.547111087,225.549350848,265.581159337,22.8725205709,26.1098978509,6.97176485888,10.0385063336,74.9376694214,92.0242634562,531.025816053,651.712118565,506.16260182,632.753463271,15.9153569225,18.2395183868,30.6654313101,38.9527089057,99.96428499,119.419862845
226,125.481097744,150.82183498,14.0963815556,15.9242437928,64.8909603761,86.8955979405,29.4419740226,53.0084358376,15.0313122471,13.4254743655,29.6913421826,51.5998191841,185.666064918,225.724225883,22.872916146,26.1254730044,4.77174340928,6.94702637837,72.2557909648,83.4977266759,474.179228781,569.797802416,506.374197144,633.001250839,18.7831436343,20.6792849307,37.4445672445,43.8915143751,117.647595834,136.093904311
227,125.583985477,150.964150766,14.1024743819,15.9279524468,64.8940061391,86.90394123,29.4419740226,53.0084358376,14.7065362507,12.3301417596,29.6924380751,51.6284036507,185.668648338,225.731759082,22.8782854827,26.1145030692,4.78037829873,6.94702637837,72.4572821967,83.4977266759,474.181035475,569.80206926,506.578259975,633.258925642,18.7872083649,20.6967180619,37.5280121674,43.9155247691,118.128014916,136.942249736
228,134.123024386,152.995466691,14.1041386384,15.9302243442,64.8966774284,86.909636432,23.5195794158,40.4976189238,8.2437204687,9.17752821139,23.3692121497,39.9453225978,185.673670458,225.739124166,22.8779427047,26.1266765058,3.94673536568,5.67628908197,56.1693925299,61.6945101476,374.535969563,445.242520658,370.743203915,468.048088683,19.8665343466,21.6917872364,41.1256510871,50.3531135645,145.401398371,177.091291237
229,114.678266571,133.554736465,14.1047417291,15.9310629121,64.9001918709,86.9162069672,23.5195794158,40.4976189238,7.70791213723,7.68273808271,23.3788970488,39.9763378243,185.676565123,225.745181442,22.883684557,26.1177666812,3.94673536568,5.67628908197,57.1143825934,61.6945101476,374.549837627,445.259354557,370.774774711,468.094568257,19.8691164629,21.7018217239,41.3205214539,50.5544655145,146.635649341,179.836379523
230,117.967206528,136.855871726,14.1772924966,16.0038485963,65.0115715114,87.029498505,23.5195794158,40.4976189238,8.37562533317,9.27183323849,23.3943403758,40.0035849903,185.881492216,225.951817579,19.2077847378,22.4470601657,3.94673536568,5.67628908197,56.1125910982,60.4101145432,362.329875572,433.040632588,367.376903058,464.69755467,19.3846846897,21.231860248,42.9181370327,54.0136520078,150.755931255,191.676231847
231,117.620833025,136.580913709,14.176264785,16.0029352915,65.0134922958,87.0321093393,23.5195794158,40.4976189238,7.70791213723,7.70186246126,23.3965090438,40.0113902442,185.883137103,225.953745824,19.199769312,22.4397941176,3.94673536568,5.67628908197,56.0045078554,60.4101145432,362.326577439,433.039173034,367.308610141,464.624923743,19.3892822257,21.2420334051,43.0131221372,54.1795928192,150.137809993,190.62594207
232,104.499157714,121.364519175,11.6709330797,13.4974374086,65.0107311919,87.0299102778,21.2458355762,36.0277343152,8.42857963467,9.33152799458,20.8994932156,35.722027882,185.874028274,225.945396,19.1930390988,22.4330968988,3.67173268448,5.17842177437,50.4489644841,49.3147865542,287.610439601,333.407756052,300.325985508,380.944918241,19.1623103238,21.0495773983,47.8490251307,59.8056680435,163.319613168,208.253846604
233,104.297956475,121.106083946,11.6655101587,13.4929585641,65.0130561727,87.0324371608,21.2458355762,36.0277343152,7.70791213723,7.71688598742,20.905648433,35.7299386929,185.876717794,225.948484823,19.1910625718,22.4315587875,3.67173268448,5.17842177437,50.859514076,49.3147865542,287.617997571,333.41857882,299.693733273,380.879262571,19.1633719508,21.0674798567,47.9065227785,59.9732083869,163.41855618,208.613731053
234,74.3510878269,84.6037997572,11.6305027261,13.4580122417,27.8008668811,32.7398116248,11.1888245912,16.5881061292,8.46971591377,9.4053280398,10.3468034075,14.8064488759,58.9453514999,65.5114020048,19.154994131,22.3951201163,3.67173268448,5.17842177437,51.0365279318,48.672588752,275.409122627,321.211116828,279.308329349,361.119316802,16.4223277803,18.3721347138,45.1777919884,56.2160675141,151.657126758,193.160863339
235,74.9039900664,85.0875324175,11.6291035845,13.4572498497,27.8119500494,32.7472682501,11.1888245912,16.5881061292,7.70791213723,7.73028741209,10.3468034075,14.8064488759,58.9734950471,65.5324009553,19.1517061733,22.3931300107,3.67173268448,5.17842177437,50.961201453,48.672588752,275.407347333,321.211911852,279.075130499,361.07598963,16.4207984427,18.3970485175,45.2855712194,56.3187723075,152.706451056,195.327552788
236,50.8130116404,53.614640354,11.5768342911,13.4051095113,27.7484434791,32.6866182419,7.5534996038,9.6585699883,8.50693379849,9.46812820966,6.28484183022,8.04812819733,58.8445937233,65.4106508817,19.099249776,22.3398560198,2.526513406,2.9808780324,20.8083001057,23.8378400826,174.678388396,192.305070158,245.133904221,304.768953141,12.9216960051,15.0108242117,32.0417343777,41.1009007745,118.35429426,151.775757291
237,51.4448219459,55.2569665161,11.5750378171,13.4044796857,27.7534143664,32.6897241905,7.5534996038,9.6585699883,7.70791213723,7.73731966415,6.28484183022,8.04812819733,58.8590311551,65.4211058606,19.0970495734,22.3374739965,2.526513406,2.9808780324,20.8083001057,23.8378400826,174.67838819,192.305069948,244.727902271,304.738958109,12.9240125979,15.0291073909,31.8729466567,40.8968980012,117.528647244,149.961757317
238,69.6963496249,73.5440046246,12.4108149125,14.2410814948,28.1509916514,33.085633242,7.5534996038,9.6585699883,8.51946589912,9.48664210304,6.28484183022,8.04812819733,59.3126943926,65.8710678116,19.5473226863,22.7881558273,2.3890120654,2.7319443786,19.4680920998,21.7341120883,149.996008754,161.392599634,244.777140191,305.157259273,9.97187760895,12.1577578192,21.2170545965,27.3276944717,82.7636938174,102.824446229
239,65.481413478,69.7120182207,11.886532317,13.7178954761,28.0804997977,33.0099261481,7.5534996038,9.6585699883,7.70791213723,7.74474101577,6.28484183022,8.04812819733,59.3552377656,65.9063672984,19.4075571367,22.6483481477,2.3890120654,2.7319443786,19.4680920998,21.7341120883,149.996008752,161.392599626,244.481628831,305.217946757,9.97308481076,12.1965484523,21.0126550341,27.0746399445,81.5792020943,100.202359314
240,55.9516767559,59.6515396836,7.02457425408,8.11368253131,27.7603280279,32.6884781827,7.3287903758,9.4338607603,8.53432680005,9.52973977758,5.98564634105,7.74893270815,58.8718552195,65.4187171001,11.1356030039,13.8669429315,2.3890120654,2.7319443786,19.4680920998,21.7341120883,143.884910117,155.281500992,237.877658021,298.949800985,8.12000202878,10.4029294461,18.3269440766,23.3702982158,62.6338706364,76.5455397496
241,50.7634425952,55.5709033943,6.83258413551,7.92173181948,27.762788417,32.6882693139,7.3287903758,9.4338607603,7.70791213723,7.75257451406,5.98564634105,7.74893270815,58.8770143335,65.418974037,11.1067219766,13.833973844,2.3890120654,2.7319443786,19.4680920998,21.7341120883,143.884910176,155.281500963,237.53079168,298.918817004,8.12519801683,10.4514994622,18.1912174819,23.1947507497,62.1759577602,75.5755716465
242,49.2285084821,54.1860465595,4.79864546184,5.26322531435,27.7614620048,32.6868469382,7.3287903758,9.4338607603,8.56120568271,9.57123868476,5.98564634105,7.74893270815,58.8768787533,65.4167401583,7.38150169511,7.96047386408,2.3890120654,2.7319443786,19.4680920998,21.7341120883,143.884910167,155.281501046,237.254242504,298.898792028,7.84318380606,10.186987753,17.3253943351,21.8908795519,58.3733718559,69.8792101622
243,48.8021816127,54.0485786154,4.82352217871,5.2581183235,27.7599434723,32.6858231561,7.3287903758,9.4338607603,7.70791213723,7.76295643328,5.98564634105,7.74893270815,58.8747658406,65.4152350167,7.41073792942,7.95620498926,2.3890120654,2.7319443786,19.4680920998,21.7341120883,143.884910167,155.281501057,236.950877216,298.872955477,7.85541195392,10.2224750731,17.2449164213,21.9394341766,58.0472611224,69.1516340895
244,48.4220013451,53.9274430355,4.8243626194,5.25553816637,27.7581104861,32.6844186794,7.3287903758,9.4338607603,8.5983700278,9.63265390471,5.98564634105,7.79767008447,58.8717861299,65.4129362303,7.40688197323,7.95018560079,2.3890120654,2.7319443786,19.4680920998,21.7341120883,143.884910164,155.281501053,236.580795628,298.839654356,7.71951556127,10.1060648627,16.2198498345,20.5729359333,53.9885599379,63.0383535876
245,48.0591282934,53.7896135314,4.82980288088,5.25205601321,27.7560027967,32.6825372724,7.3287903758,9.46912867158,7.70791213723,7.77011927272,5.98564634105,7.79615853264,58.868173063,65.4096395757,7.41254407705,7.9464243314,2.3890120654,3.29051203839,19.4680920998,21.7341120883,143.884910115,155.281501003,236.131401688,298.798589364,7.7301647371,10.1361364841,16.1637593039,20.682840773,53.936623886,62.8834503837
246,47.7534616886,53.7057040947,4.83220604717,5.24963233133,27.7545016841,32.6811372755,7.3287903758,9.4338607603,8.61590514437,9.67597370522,5.98564634105,7.81871558229,58.8657159188,65.4072919244,7.41443777571,7.9431987397,2.3890120654,3.1159565588,19.4680920998,21.7341120883,143.884910121,155.281501009,235.647460989,298.760470616,7.67035529224,10.092045698,16.0923015749,20.8115281529,53.8259126009,62.614312281
247,47.4814770089,53.6095783851,4.8346244912,5.24749904494,27.752835341,32.6796864879,7.3287903758,9.47886826714,7.70791213723,7.77565451343,5.98564634105,7.88874415904,58.8629858766,70.5161811824,7.41679131157,7.94062899075,2.3890120654,3.59336976477,19.4680920998,21.7341120883,143.884910078,155.281500965,235.162258037,298.717140937,7.67889473362,10.1123677632,16.0446334208,20.9364940684,53.7680125149,62.4709138201
248,58.3814140237,64.6467700352,5.16419309304,5.57606482071,28.2823030816,33.2101889143,7.3287903758,9.4338607603,8.6287448471,9.72678979091,5.98564634105,7.83781153818,59.9217079231,66.465022816,7.74549720322,8.26847460475,2.3890120654,3.28600094673,19.4680920998,21.7341120883,149.996008994,161.39259988,281.193964661,367.652017298,8.7238743075,11.1697621338,16.7878292274,21.8873177143,57.2878325144,65.8559656301
249,58.1806626139,64.6196727399,5.16520295348,5.57455520671,28.2807723694,33.2088395234,7.3287903758,9.48912162996,7.70791213723,7.78325378161,5.98564634105,7.92804435685,59.9190918271,71.5745510283,7.74647381695,8.26656738223,2.3890120654,3.59336976477,19.4680920998,21.7341120883,149.996008957,161.392599843,280.912974077,367.612054545,8.72920017362,11.1884354362,16.7563230261,22.0131020657,57.4644909609,66.1861802159
250,58.0013702442,64.5660995904,7.19313788401,8.22537613558,28.2798977663,33.2080506816,7.3287903758,9.47331109803,8.64455415672,9.76919671852,5.98564634105,7.85062615237,59.917768633,66.4619360394,11.4678702722,14.1637580109,2.526513406,3.53056136753,20.8083001057,23.8378400826,174.679094089,192.305775852,281.592377046,368.630297941,10.9878555988,13.4351938043,20.5987079025,26.5231214439,71.3104700777,83.6852188486
251,57.8474465904,64.8421415464,7.15172439337,8.23449624235,28.1129399483,33.0375726985,7.3287903758,9.49431063519,7.70791213723,7.78595172997,5.98564634105,7.95222048034,59.5870705064,71.2375494702,11.418234101,14.1428100958,2.526513406,3.84230341857,20.8083001057,23.8378400826,174.679093965,192.305775717,280.891414611,368.034161488,10.9836155146,13.4246055664,20.6228712907,26.5451519387,71.9587371099,85.0173701407
252,79.563897601,93.6936061725,14.2542509457,16.0839017839,33.139606009,39.2264253622,10.564569842,15.4638351205,9.43586759362,11.7712363241,9.33703263455,16.1852741379,97.9532717566,119.831890042,19.2722087379,22.5109025373,3.39673000328,4.68055446677,60.5358338061,37.5772607629,213.345926391,234.480220411,395.650355069,510.814641366,13.6296385194,16.0530077365,36.5252906166,43.3648846369,121.788852844,143.073322494
253,79.5213736386,91.0911590107,14.2554288471,16.0871541772,33.0898621404,39.1881483515,10.564569842,15.4638351205,9.43586759362,11.7712363241,9.3491647549,16.2289422617,97.7772124674,119.660946058,19.2645404254,22.5125618675,3.39673000328,4.68055446677,59.0489876306,37.5772607629,213.085189821,234.110478715,396.302041698,511.05116333,13.6123704653,16.0129667598,36.6916205606,43.530924056,123.02604574,145.631091422
254,76.647404322,86.5350298855,12.8545708624,14.4690961888,60.836481073,81.9495486172,6.40836021779,11.3986958808,15.2194038444,13.1246369282,6.9823859214,13.8801065348,177.015596495,215.277144352,20.7740086309,23.595798566,2.79523536568,4.29328908197,58.0215213094,42.7069035095,249.467879009,290.197776319,450.831014735,579.401329614,12.388045171,14.2367772998,42.9156684022,46.4504301314,143.960985825,170.299629222
255,74.7973691804,84.3166197144,12.8560521719,14.4705054596,60.7886032206,81.8719591442,6.40836021779,11.3986958808,15.2194038444,13.1246369282,6.89128646212,13.7423403161,176.972843137,215.175151683,20.781941426,23.6036243852,2.79523536568,4.29328908197,54.0218623159,42.7069035095,249.394950834,290.094838247,451.558053548,579.625449311,12.3808112734,14.1548361768,43.3196544203,46.8466423285,145.334196745,171.532435678
256,118.565955651,134.271534048,10.3578072471,11.9717589302,83.2931021054,104.321241518,10.955847897,20.338465098,24.9586402561,19.4512376933,11.8700896613,22.2704703516,223.005127143,261.097232347,20.7771281738,23.5890716633,5.82157276216,8.65550633357,78.7050232955,86.8318796427,523.379116542,638.797878086,472.755399259,600.32898861,12.0320358849,14.2341646193,36.4047986205,40.4219875636,123.168589375,144.540588633
257,99.1250545577,114.631275749,10.3570689874,11.9713926535,83.3002290986,104.297749484,10.955847897,20.338465098,24.9586402561,19.4512376933,11.7595654619,22.1033480171,223.008976989,261.069896105,20.7773404189,23.6102333043,5.82929751258,8.65550633357,73.412853113,86.8567923825,523.303705462,638.697534323,473.398887939,600.486625541,12.0414681526,14.0666615005,36.6608889935,41.1556954774,122.532544199,144.114585811
258,122.087989932,146.203712454,10.3625298224,11.9767758821,83.2915656081,104.302515203,17.7770794158,33.7481189238,30.9456646915,23.1631716976,19.257376658,34.9522738362,223.040592683,261.090897274,17.0389141367,19.8628978486,5.82296099563,8.66597609469,68.3275538803,82.6793531082,504.961318948,620.34305616,490.630712655,617.246901083,10.6217319486,12.6134549481,34.0713406767,39.6372480354,108.72825249,130.837830513
259,122.23267443,146.267289705,10.3636457753,11.9782145137,83.2923657413,104.28396145,17.7770794158,33.7481189238,30.9456646915,23.1631716976,19.1578010452,34.8281426649,223.01764987,260.929065787,17.034550718,19.8521728914,5.82502699178,8.70048385395,63.7540571687,82.6985062614,504.911926068,620.27374067,491.301521246,617.55696514,10.6521416877,12.4489322145,34.4604876535,40.2209518744,109.04978314,131.963579356
260,117.958682152,142.056534745,12.8592205541,14.4737492251,85.2926499872,106.272812524,23.6994740226,46.2589358376,30.9456646915,23.1631716976,25.4143112347,46.549611087,225.999402881,263.899157668,20.7784873566,23.6115509895,5.82361297813,8.69096217877,61.1162849202,81.7830360252,480.455280418,595.803762462,496.244530744,621.584815829,9.22733811968,10.8580440552,25.2056279137,29.7965924003,84.9481179028,101.447087455
261,117.331332877,141.330176248,12.8680558873,14.4789067342,85.2890087212,106.273773054,23.6994740226,46.2589358376,30.9456646915,23.1631716976,25.4143112347,46.549611087,226.007583755,263.91198575,20.785956929,23.6007945575,5.82351844158,8.72869819982,60.6324605787,81.8042386251,480.449846072,595.791741825,498.396692969,622.102721055,9.3086022484,10.7495288283,25.4572038448,30.2494872892,85.2824049584,102.298617918
262,129.27144825,153.168125309,13.6760533108,15.2853093047,85.6087403505,106.605577479,23.6994740226,46.2589358376,30.9456646915,23.1631716976,25.4143112347,46.549611087,226.322977727,264.232517676,21.2079071224,24.0401723334,5.82272627988,8.76352581724,61.6718896187,82.7509525549,480.453128573,595.791185987,499.048690994,622.829605273,9.41788562233,10.7635672697,25.5497589866,30.4390956478,85.8944518406,103.248775255
263,134.793721133,158.57813587,13.1735302739,14.7824987349,85.6521597586,106.645327913,23.6994740226,46.2589358376,30.9456646915,23.1631716976,25.4143112347,46.549611087,226.574797681,264.4982315,21.0870196392,23.9143107887,5.860010241,8.83014097453,61.5967837651,82.7273367796,480.452086415,595.79079749,499.87010531,623.736886425,9.53466915347,10.7253047244,25.8358443583,30.8833285186,86.1385432086,106.632668908
264,124.886310157,148.696199155,13.1065966664,14.7157857658,85.2754949256,106.275357685,23.6994740226,46.2589358376,27.6992525542,21.0543047759,25.4143112347,46.549611087,225.99634269,263.917738249,20.8417557545,23.671007528,5.54526217768,8.43774692187,62.4993026241,82.381315669,455.546358314,570.887014045,478.815998968,602.704148051,9.14220168714,10.4979721355,25.3175757463,30.167245479,84.0104376997,105.969220803
265,122.482227451,146.049025138,12.8764548421,14.4848481874,85.2775326221,106.277114874,23.6994740226,46.2589358376,27.6992525542,21.0543047759,25.4143112347,46.549611087,225.997607338,263.920433304,20.7896535212,23.6166365221,5.57522654639,8.5303680622,61.8657285835,82.3925072614,455.537915223,570.872506586,479.210326185,603.205320437,9.40545674462,10.462487123,25.9811003418,30.7676173491,85.5867946318,110.008723793
266,124.007110125,147.89157831,12.894968971,14.5033523702,83.3014125668,104.299688763,23.6994740226,46.2589358376,30.9456646915,23.1631716976,25.4143112347,46.549611087,223.037478534,260.964108218,17.0613784842,19.8793070466,5.8915422425,8.9278540066,61.0113237002,83.5331694207,480.437594853,595.768531678,496.139758143,620.2904507,9.38299363932,10.354581694,26.2401665655,31.2708450157,81.3104310285,106.160618221
267,121.937792216,145.84120151,12.8952668876,14.5048611814,83.2897436381,104.291840215,23.6994740226,46.2589358376,30.9456646915,23.1631716976,25.4143112347,46.549611087,223.01372364,260.943890177,17.055482528,19.8756914547,5.87685020765,8.91632172187,60.3469032908,83.5115787979,480.442176593,595.83936525,496.270498822,620.508779218,9.33744673402,10.3418058583,26.1074640769,31.2048493113,80.9547376695,104.844890146
268,121.025917243,144.937937045,10.4014552063,12.0110451413,83.3285314171,104.296400251,23.6994740226,46.2589358376,30.9456646915,23.1631716976,25.4143112347,46.549611087,223.018512227,260.948008744,17.060464192,19.8805569797,5.89614247923,8.9719878919,57.8578467227,81.732339285,480.60565783,596.072456806,496.492248412,620.867328879,9.34136839109,10.2529417339,26.259369867,31.3655968895,81.3562803594,104.381637458
269,121.122264184,145.042539092,10.3943308495,12.0050401538,83.2948535113,104.295044512,23.6994740226,46.2589358376,30.9456646915,23.1631716976,25.4143112347,46.549611087,223.015752555,260.945219564,17.0575402263,19.8781588495,5.84564913532,8.90483995961,58.5227751029,81.7115453625,480.721921859,596.24689092,496.482924226,620.81165345,9.12655153484,10.2769368012,25.7901900411,30.7308619867,79.9738821768,100.278983245
270,119.508683308,143.43830873,10.3875687387,11.9983977078,82.2889839368,103.28815679,23.6994740226,46.2589358376,30.9456646915,23.1631716976,25.4143112347,46.549611087,219.095488097,257.023209525,17.0498731043,19.8709390436,5.82026485888,8.79935198748,59.7725239806,81.6748184012,480.796898658,596.353986158,496.525295214,620.807154888,9.67142887186,10.9918772953,25.3347708679,29.8915186508,78.9071658984,96.8175590238
271,119.692260274,143.618439185,10.3852662058,11.9958958806,82.2838730424,103.281871304,23.6994740226,46.2589358376,30.9456646915,23.1631716976,25.4143112347,46.549611087,219.08466808,257.008680719,17.0497553245,19.8698948521,5.82843846881,8.82323194855,58.7551683044,81.6748184012,480.881112725,596.502136136,496.626281423,620.984378727,9.78144791979,11.0158171415,25.5096481634,29.9243609656,79.3400264905,95.0111808782
272,119.972497396,143.903369089,10.3440205367,11.9539256207,82.2291530814,103.233806879,23.6994740226,46.2589358376,30.9456646915,23.1631716976,25.4143112347,46.549611087,216.578924098,254.504239376,20.7606974366,23.5928479568,5.82026485888,8.75433913419,61.9456036828,83.1197634562,505.414073063,621.079483852,499.99086666,624.299479731,13.4164326983,14.7608419525,27.546664977,31.6386540423,93.0467204364,108.284909822
273,120.322263007,144.277097396,10.3453063399,11.9548883665,82.2265931562,103.23697034,23.6994740226,46.2589358376,30.9456646915,23.1631716976,25.4403789032,46.549611087,216.575649651,254.507985657,20.7659966565,23.5815603668,5.82026485888,8.69535732305,65.4019923719,83.1197634562,505.46452695,661.210508239,500.156546201,624.447848168,13.2824956327,14.8358492119,27.2679195183,30.9922313606,92.0807364664,106.820494559
274,127.566525801,152.956536977,14.1112984926,15.9374636554,64.8807096954,86.8834621762,29.4419740226,53.0084358376,14.9456199749,13.1752870597,29.6161589229,51.547111087,185.652748328,225.690750627,22.8837284128,26.1358297574,4.77174340928,6.94702637837,70.365502614,83.4977266759,474.156599824,569.763632686,508.098873241,635.131767955,18.8402573133,20.4842131946,37.794905885,44.3230215938,118.070583279,136.899472203
275,127.873354559,153.309903159,14.1173293386,15.9423278421,64.8869702173,86.8964995869,29.4419740226,53.0084358376,14.7065362507,12.3114006041,29.634804661,51.547111087,185.659889596,225.717484666,22.8903439717,26.1253893278,4.78503764623,6.94702637837,71.3008768703,83.4977266759,474.168094207,569.779575719,508.410398511,635.487112796,18.8255700859,20.5212928851,37.8244287367,44.2375039472,118.406064503,137.073265084
276,136.534906194,155.469376245,14.1193763505,15.9452230029,64.8917706169,86.9057263904,21.2458355762,36.0277343152,8.09508144197,8.94950240641,20.8405781675,35.5998761216,185.666308006,225.727091836,22.888780502,26.1285495953,3.94673536568,5.67628908197,55.6489164431,61.6945101476,374.531764936,445.227831097,372.479871677,470.008668818,19.9190009536,21.5269754269,41.3859773349,50.7058684832,145.574932362,177.358546806
277,117.754678809,136.749460042,14.121388854,15.9473932977,64.8947146683,86.9114156529,21.2458355762,36.0277343152,7.72969100519,7.58786692168,20.8512391933,35.6389748766,185.66947313,225.731770421,22.8914064157,26.1302325527,3.94673536568,5.67628908197,56.194078015,61.6945101476,374.540495686,445.240745703,372.806551146,470.464400195,19.925446798,21.5312503229,41.6338107303,50.9966191892,146.846553603,181.343434556
278,118.025756996,137.027677564,14.1222456743,15.949025188,64.9008433289,86.9189848859,16.698347897,27.087965098,8.20666731488,9.06818314522,15.8506055961,27.0684346472,185.663319581,225.726097025,19.1481584673,22.3882377365,3.94673536568,5.67628908197,55.7137781785,60.4101145432,362.329093896,433.031210985,369.591226947,467.375094523,19.414155984,21.0680604923,43.2340790686,54.4782533904,150.643169455,193.341180489
279,118.156825854,137.189031668,14.1232006346,15.9502674461,64.9043918121,86.9236169286,16.698347897,27.087965098,7.75742267658,7.58786692168,15.8570366375,27.0896510802,185.666935644,225.73038163,19.1422920646,22.3836311847,3.94673536568,5.67628908197,56.146458778,60.4101145432,362.336630531,433.039599327,370.144325849,468.008910424,19.4023638181,21.071504601,43.3138504835,54.6200203922,149.914353562,193.751753532
280,106.214053784,123.275777484,11.6240191543,13.4510912907,64.9067722679,86.9267159898,16.698347897,27.087965098,8.2346524618,9.10425211794,15.8612240014,27.0996195354,185.669348615,225.732783732,19.1413027395,22.382602296,3.67173268448,5.17842177437,49.9576548578,49.3147865542,287.611071549,333.398729298,303.559078797,384.850441977,19.1695243071,20.8617916402,48.2636755208,60.4157391294,163.203680192,210.574996507
281,105.595776467,122.536998451,11.6203581045,13.4477428254,64.9094133273,86.9294364766,16.698347897,27.087965098,7.76829251353,7.58786692168,15.8677991733,27.111547872,185.672106851,225.735535324,19.1407554637,22.3820665078,3.67173268448,5.17842177437,50.4769229942,49.3147865542,287.621745656,333.412272324,303.804791934,385.133896581,19.155291923,20.8706690764,48.3332631764,60.5851881748,163.275086428,210.764638439
282,75.7878437351,86.146474089,11.6008499593,13.4284583457,27.7456247659,32.6843918479,12.1508602178,18.1481958808,8.24379613656,9.1070017763,10.8624240031,18.521051621,58.8348882287,65.4008569255,19.1201772222,22.3617075798,3.67173268448,5.17842177437,49.9842067507,48.672588752,275.40120638,341.959809136,284.5197381,365.890691332,16.4125987996,18.1414734487,45.6921585268,56.9163926263,151.654711878,196.553116515
283,76.5799217842,86.892241125,11.6013124969,13.4289885761,27.7572670272,32.6938743096,12.1508602178,18.1481958808,7.77371632934,7.58786692168,10.8701281936,18.5348239918,58.8625408079,65.4229829793,19.1193664258,22.3610250575,3.67173268448,5.17842177437,50.2848760088,48.672588752,307.766674221,321.201382128,284.917597102,366.362669171,16.4039413808,18.1490939893,45.8119854743,57.0502719736,152.63610504,197.908102309
284,55.0231388306,57.9300940848,11.6015026397,13.4292416794,27.7676898479,32.709225063,7.3287903758,9.4338607603,8.23355570354,9.08237472638,5.98564634105,7.74893270815,58.8810531917,65.4528980252,19.1178385168,22.3598265724,2.526513406,2.9808780324,20.8083001057,23.8378400826,174.678388565,192.305070335,251.596608216,310.689128835,12.8988319631,14.7240011058,32.5574948955,41.7071353039,118.534016295,155.768561846
285,55.4499543709,58.5262352153,11.6012187033,13.428984431,27.7733552112,32.7132976784,7.3287903758,9.4338607603,7.7761878726,7.58786692168,5.98564634105,7.74893270815,58.896224091,65.4622508849,19.1167318367,22.358748495,2.526513406,2.9808780324,20.8083001057,23.8378400826,174.678388704,192.305070465,251.947253275,311.097971765,12.8969043767,14.7262154557,32.3880907677,41.5195707228,117.678886427,154.92051027
286,72.8492051217,76.2813347796,12.4245077146,14.2525424154,28.1567935643,33.0945313723,7.3287903758,9.4338607603,8.21127414318,9.03790311982,5.98564634105,7.74893270815,59.3201091044,65.8813137359,19.5544095075,22.7968817406,2.3890120654,2.7319443786,19.4680920998,21.7341120883,149.996009076,161.392599875,252.732165337,311.970106989,9.93403927707,11.8196064041,21.5932318258,27.6486173545,82.8820832534,106.441328
287,70.0840037223,73.6749009818,11.9262011725,13.7543912024,28.1129073326,33.0460896073,7.3287903758,9.4338607603,7.78055260925,7.58786692168,5.98564634105,7.74893270815,59.410776419,65.9657090384,19.4411768253,22.6837539179,2.3890120654,2.7319443786,19.4680920998,21.7341120883,149.996009035,161.392599926,253.106334755,312.384088421,9.92928417527,11.8465277108,21.3087325985,27.3606169768,81.6897960204,104.376620176
288,59.6675145398,63.1019146798,7.06028169606,8.14630898738,27.7828146224,32.7151162375,7.3287903758,9.4338607603,8.23092688926,9.04680170713,5.98564634105,7.74893270815,58.9134539255,65.4651030789,11.1586010834,13.8920812851,2.1140093842,2.4569416974,16.7876760881,19.0536960766,118.964546888,130.361137689,247.165066283,306.557535483,8.0664656909,10.0246557748,19.245067495,24.6407849276,63.8181665839,73.9206356247
289,54.4021777601,58.6329500622,6.8564691698,7.94614531288,27.7846178541,32.7154457737,7.3287903758,9.4338607603,7.78459521797,7.58786692168,5.98564634105,7.74893270815,58.9180150021,65.4661344482,11.1304040544,13.8611283263,2.1140093842,2.4569416974,16.7876760881,19.0536960766,118.964546852,130.361137745,247.358503295,306.823150886,8.06332791513,10.0448897324,19.1462573555,24.5135861128,63.4939981392,74.0247682196
290,52.6820110891,57.2881813832,4.82404201754,5.28824631714,27.7824553697,32.7150967737,7.3287903758,9.4338607603,8.23923045275,9.01800801185,5.98564634105,7.74893270815,58.914618323,65.4659218626,7.40580280572,7.98745320157,2.1140093842,2.4569416974,16.7876760881,19.0536960766,118.964546878,130.361137769,247.683161157,307.235943944,7.76527472781,9.75721820794,19.0996209983,24.4441078234,63.4245077862,74.2338515985
291,52.3139943074,57.2597039101,4.84831660401,5.2909850752,27.7817809556,32.7150617476,7.3287903758,9.4338607603,7.7864323488,7.58786692168,5.98564634105,7.74893270815,58.9139977439,65.4664148331,7.43298365074,7.9887996534,2.1140093842,2.4569416974,16.7876760881,19.0536960766,118.964546847,130.361137737,247.865385567,307.458122262,7.76409468066,9.77684143675,19.0233598729,24.3386834005,63.0835566278,74.1314687359
292,52.0046284463,57.2399684521,4.85010602906,5.28872520152,27.7805493837,32.713834774,7.3287903758,9.4338607603,8.25093026601,9.01673822918,5.98564634105,7.74893270815,58.9120712493,65.4658206543,7.4304430366,7.98372191188,2.1140093842,2.4569416974,16.7876760881,19.0536960766,118.964546879,130.361137768,247.987508068,307.605938633,7.61571736809,9.64369189542,16.5557089809,20.5074371721,54.2085926356,61.1241493978
293,51.7305303866,57.2226205734,4.85657912894,5.2877494264,27.7797668624,32.7130203772,7.3287903758,9.4338607603,7.7899111256,7.58786692168,5.98564634105,7.74893270815,58.9109754562,65.4654918356,7.43729561214,7.9823336529,2.1140093842,2.4569416974,16.7876760881,19.0536960766,118.964546853,130.36113774,248.075979513,307.713827443,7.61554631698,9.64516603221,16.5139403893,20.4446579321,54.2051413297,61.2341221322
294,51.4907185877,57.2079018264,4.85974809736,5.28660327852,27.7791434835,32.71235303,7.3287903758,9.4338607603,8.25575539408,9.00472454901,5.98564634105,7.74893270815,58.9099983845,65.4647983091,7.44024767118,7.98050008353,2.1140093842,2.4569416974,16.7876760881,19.0536960766,118.964546891,130.361137777,248.141263833,307.798777344,7.54107544071,9.5764724609,16.472544199,20.4052937952,54.1658538417,61.3052617762
295,51.2386613315,57.1443071017,4.86221352636,5.28511079922,27.7777268717,32.7109290241,7.3287903758,9.4338607603,7.79107181289,7.58786692168,5.98564634105,7.74893270815,58.9073864312,65.4619571324,7.44277137511,7.97862807802,2.1140093842,2.4569416974,16.7876760881,19.0536960766,118.964546868,130.361137754,247.994567531,307.60578901,7.54122403509,9.59875275017,16.4092392259,20.3449672554,54.0813018203,61.305650772
296,54.4342928812,60.4809176461,4.93806231455,5.35760008877,27.8876046211,32.8207832767,7.3287903758,9.4338607603,8.26781826506,9.05694170282,5.98564634105,7.74893270815,59.1274120348,65.6816736828,7.51872343567,8.05075851953,2.1140093842,2.4569416974,16.7876760881,19.0536960766,125.075645813,136.472236697,252.851572943,323.736557392,8.58143649081,10.6483861426,17.173243704,21.1027566729,57.3483645907,64.6505781034
297,54.2048482002,60.3665210195,4.93756648616,5.35568302179,27.8859838331,32.8191006974,7.3287903758,9.4338607603,7.79586644293,7.58786692168,5.98564634105,7.74893270815,59.1243587736,65.6782884502,7.51929179891,8.04849245421,2.1140093842,2.4569416974,16.7876760881,19.0536960766,125.075645794,136.472236677,252.539817057,323.329414657,8.58254565458,10.6608606362,17.1624499179,21.0804068115,57.5758508856,65.0299947861
298,53.7068115375,59.9628770758,6.96336866498,8.00612730402,27.8764041243,32.8093922918,7.3287903758,9.4338607603,8.2863081837,9.14595877928,5.98564634105,7.74893270815,59.105246317,65.6588494599,11.235729836,13.9434201846,2.1140093842,2.4569416974,16.7876760881,19.0536960766,137.298548888,148.695139793,251.970454291,322.633915763,10.857762286,12.9329116873,19.2009517104,23.2268265139,63.6603690725,75.1154570564
299,53.3686033402,59.6839949523,6.91980407467,8.00848488199,27.8729017308,32.8056746605,7.3287903758,9.4338607603,7.80095870179,7.58786692168,5.98564634105,7.74893270815,59.0982641009,65.6514805037,11.1872643557,13.9284414747,2.1140093842,2.4569416974,16.7876760881,19.0536960766,137.29854939,148.695140273,251.102906539,321.554322352,10.8621946597,12.9472415127,19.1814772278,23.209141965,63.8794991241,75.9608388766
300,68.2554048676,79.7626128108,14.1611663915,15.9928827764,27.8763925251,32.8088815347,7.3287903758,9.4338607603,8.29940684616,9.2817588752,5.98564634105,7.74893270815,59.1052364824,65.6580019926,19.1784791396,22.4257984901,3.40128895321,4.68055446677,52.8003398353,37.5772607629,213.018849356,234.119349438,286.631910915,368.320018009,13.5312292233,15.6122495958,29.5775697313,36.2522468793,104.473403131,125.373578229
301,68.5448320016,78.5757387082,14.1622723314,15.9940412164,27.8739266918,32.8061390174,7.3287903758,9.4338607603,7.80637581872,7.58786692168,5.98564634105,7.74893270815,59.1004225274,65.6527376476,19.1788525525,22.4229526627,3.39966344931,4.68055446677,52.682697012,37.5772607629,212.981617098,233.950131076,285.653357197,367.058165362,13.540637867,15.604509162,29.6331105003,36.3777253992,104.91324303,126.003918307
302,68.3683269099,76.437408437,12.8723057199,14.4869248813,23.55223645,27.5116302863,1.5862903758,2.6843607603,4.97436759362,6.29223632413,1.85264634105,2.75143270815,50.0691555005,54.6468584681,20.7874479893,23.6180002178,2.24523000328,3.29755446677,45.5420748106,31.2415519717,199.567616631,215.349322529,337.747223286,427.57206687,12.2311424873,13.7854506371,34.7972614968,37.1627976377,119.1537685,132.468824216
303,68.1826820677,75.7735304965,12.8730457526,14.4865378572,23.5500467142,27.5108806189,1.5862903758,2.6843607603,4.97436759362,6.29223632413,1.85264634105,2.75143270815,50.0635963964,54.6438067157,20.7835835681,23.5997869633,2.24523000328,3.29755446677,45.0531697074,31.2415519717,199.563743974,215.33839118,336.876318242,426.387148247,12.2333636608,13.7964938918,34.9705878994,37.3525296819,120.378760751,137.879142854
304,108.105188173,119.661030706,10.3729834968,11.9858314873,23.5487150398,27.5092915441,6.40836021779,11.3986958808,5.48016743266,6.79803616318,6.96987533825,13.8381820847,50.0613787226,54.6409956911,20.7843173932,23.6176762698,3.07023804688,4.56829176317,53.8376018501,50.430693037,324.094959427,389.691939187,341.373470218,430.683854038,11.1241163685,12.7809162946,48.2820076147,52.7423906179,141.766684529,162.972390484
305,88.6240674322,99.9906125246,10.3704788136,11.9845412325,23.5489829857,27.5097042076,6.40836021779,11.3986958808,5.48016743266,6.79803616318,6.85830981332,13.7303891259,50.0619950528,54.6418133159,20.7888011963,23.6161331909,3.07023804688,4.56829176317,48.4364243056,50.4632007327,324.007913352,389.582324952,341.385060213,430.643585163,11.154031399,12.643314717,49.1492031173,54.1846002815,143.702777489,164.731082802
306,109.205339357,126.979608666,10.3747976534,11.9894573163,23.5583691676,27.5201139662,6.40836021779,11.3986958808,10.3286243282,10.053929757,6.76371975781,13.5425615485,50.080076966,54.6612909755,17.048074425,19.8651676329,3.07023804688,4.56829176317,47.5429870615,51.5876182545,305.638812883,371.193733478,395.254226071,490.198354311,9.75666955169,11.1482628558,40.6297699707,47.0871563098,120.662760612,143.286864295
307,108.625845277,126.386683453,10.3768607585,11.9907747153,23.5604844994,27.5234877065,6.40836021779,11.3986958808,10.3286243282,10.053929757,6.7030690041,13.4315553917,50.0837733832,54.6664347737,17.0457049525,19.8618700199,3.07023804688,4.56829176317,45.4319453986,51.5844049562,305.613607931,371.158657171,395.486599591,490.420983905,9.76837209641,11.0650628956,40.844492673,47.6411932158,120.102498832,143.424298343
308,121.153880857,145.326877601,12.8743347416,14.4873470367,23.5576201715,27.5219619815,13.2295917366,24.8083497066,10.3286243282,10.053929757,14.2584689184,26.3657212347,50.0841448184,54.6681039725,20.8053762074,23.6290168097,3.07023804688,4.56829176317,47.6340736968,51.0728908392,281.213533869,386.842663056,399.511762911,494.425883116,8.26528825791,9.60205752829,27.0094846088,32.5783190005,91.2115746812,108.029711957
309,121.607230259,145.761874856,12.8839268092,14.493296402,23.5575240724,27.522570507,13.2295917366,24.8083497066,10.3286243282,10.053929757,14.2205721085,26.320167521,50.0839986239,54.6671329782,20.8018593756,23.6139346359,3.07023804688,4.56829176317,46.0001093346,51.0728908392,281.189352069,346.736403856,399.803531242,494.75803804,8.28339185159,9.55185763597,27.0678647067,32.6908376748,90.8018195409,109.322041475
310,132.633674484,156.631641379,13.6853628739,15.2959433029,23.8974287161,27.8637599771,13.2295917366,24.8083497066,10.3286243282,10.053929757,14.2030940992,26.2875943372,50.4160592883,54.999975657,21.215251701,24.0477803947,3.07023804688,4.56829176317,46.1898158877,52.2027882917,281.17641287,346.71489759,400.701183874,495.806823976,8.36280088048,9.56957989837,25.8655583065,30.6948715901,86.7482246668,106.509451973
311,139.550894654,163.43533229,13.188648918,14.798957053,23.8941091294,27.8598992206,13.2295917366,24.8083497066,10.3286243282,10.053929757,14.1458885629,26.2159757457,50.5910739573,55.1731653819,21.097108533,23.9271805243,3.07210241076,4.58375562185,43.0975701014,52.2137068847,281.137958895,346.664620241,401.721142546,496.935757141,8.39868858886,9.4909221958,26.1836730973,31.0836610886,87.0432259221,107.763492397
312,129.494624954,153.418521812,13.120540086,14.7306908033,23.5508111149,27.5180347477,17.7770794158,33.7481189238,4.97436759362,6.29223632413,19.1110759498,34.8281426649,50.06415386,54.6470142841,20.8511487252,23.6816234706,2.24639206183,3.44724854094,40.908552018,51.5617425086,281.123622564,346.641612778,385.722653952,480.952329473,8.36286896822,9.34949017033,26.4941030763,31.3935349833,87.0810758296,108.674450575
313,127.029753296,151.006350287,12.8872007476,14.4965676154,23.5512439481,27.519320351,17.7770794158,33.7481189238,4.97436759362,6.29223632413,19.1041497987,34.8281426649,50.0640366532,54.6470004256,20.7970989273,23.6251189957,2.24523000328,3.42834707837,40.8148779498,51.5545391909,281.123131611,346.637906989,385.946848151,481.200115146,8.36390506485,9.31791522313,26.4569964999,31.4764550754,86.6170579292,107.312340285
314,128.250503101,152.270104346,12.9035805739,14.5131577232,23.5707774914,27.5398291312,17.7770794158,33.7481189238,4.97436759362,6.29223632413,19.1698899756,34.8281426649,50.101686923,54.6847518743,17.0684551483,19.8869862468,2.24523000328,3.44024516204,43.0783640153,50.2701435865,281.168652877,346.696931633,382.461873152,477.725378504,8.04837532703,9.14753836292,26.0414430026,31.1763322942,80.6925339055,100.782953378
315,126.578541971,150.632071637,12.9013789582,14.5121289405,23.5699143542,27.5397570388,17.7770794158,33.7481189238,4.97436759362,6.29223632413,19.1531492982,34.8281426649,50.0988334697,54.6817637656,17.0605864317,19.8814230078,2.24523000328,3.40898677997,41.9006146832,50.2701435865,281.151609991,346.676035633,382.392113554,477.619259243,8.06104523175,9.15506986136,26.1711639748,31.1226906974,80.9855833964,99.7233893301
316,124.789904898,148.836813547,10.4056754628,12.0159077434,23.575172854,27.5455439491,17.7770794158,33.7481189238,4.97436759362,6.29223632413,19.1421679787,34.8281426649,50.1080481413,54.6909961754,17.0643773474,19.8846130679,2.24523000328,3.43344913986,31.2149949241,30.7206763558,156.587664714,178.503415131,382.219954608,477.386347229,8.01214451737,9.08798531289,26.2499659011,31.1255848277,81.1664553376,98.7130683495
317,124.596961438,148.643887669,10.3977920562,12.0088149622,23.5745721985,27.5450781753,17.7770794158,33.7481189238,4.97436759362,6.29223632413,19.1291502256,34.8281426649,50.105660413,54.6886454273,17.0603840069,19.882009375,2.24523000328,3.40898677997,31.2979260122,30.7206763558,156.588027136,178.502781605,381.954113986,477.053615447,8.03244934507,9.08734286375,26.3054740103,31.184343772,81.3298360297,97.9049311923
318,122.641114934,146.685903423,10.3906584598,12.0016722896,23.5678803645,27.5382047382,17.7770794158,33.7481189238,4.97436759362,6.29223632413,19.1385196056,34.8281426649,50.0911042496,54.6740477151,17.0534703794,19.8743806219,2.24523000328,3.43156922933,32.4314175376,30.0784785536,156.604790698,178.522984695,342.704309626,432.356848625,8.69706793283,9.78190068925,26.0562228399,30.8108733982,81.1128590601,96.7111554938
319,122.3613556,146.402308589,10.3872541287,11.9986731101,23.5660900224,27.5360419598,17.7770794158,33.7481189238,4.97436759362,6.29223632413,19.1471463348,34.8281426649,50.0865994481,54.669411663,17.0520130131,19.8731706799,2.24523000328,3.40898677997,33.3559957648,30.0784785536,156.618615344,178.539308393,342.298793817,431.867927891,8.68634057075,9.81477598822,25.9618936766,30.6490635419,80.9365176269,94.6347130045
320,122.185802471,146.223163839,10.3451897752,11.9560770992,23.516165986,27.4855230897,17.7770794158,33.7481189238,3.53909525028,3.05453245739,19.1948129739,34.8281426649,49.983803557,54.5663490234,20.7628933905,23.5970132006,2.24523000328,3.40898677997,36.6748893246,30.2390280042,181.117284793,203.048063166,345.725353866,435.233382768,12.3794912532,13.5792815433,27.8914412598,32.2414665135,94.7264216323,107.468891334
321,122.079546786,146.114702764,10.3449895242,11.9554504981,23.5146583231,27.483240224,17.7770794158,33.7481189238,3.24641213723,2.14564273737,19.2319947191,34.8859633596,49.9804685752,54.5626725969,20.7642159665,23.5821880648,2.24523000328,3.40898677997,39.5209223663,30.2390280042,181.168545532,203.111474284,345.551170979,435.029667929,12.3599402256,13.6612075106,27.6825938932,31.6273276398,94.0555002661,106.222851095
322,128.880627338,154.327685563,14.1093363004,15.936471408,27.8014361464,32.7409571145,18.9720917366,31.5578497066,8.16749676841,9.02627304869,18.2748281232,31.2457777325,58.9424831246,65.4977953971,22.8827923189,26.124054591,2.98422598148,4.15661813177,45.8710975818,33.7564134602,187.782996394,202.442799824,331.95173389,424.022956246,18.6678264823,20.4700911632,36.2500932872,43.13203035,116.35605258,132.965286872
323,128.767069135,154.239438052,14.1132865942,15.9398881528,27.8008465354,32.7392460173,18.9720917366,31.5578497066,7.70791213723,7.68831570285,18.286927408,31.2821333428,58.9413975064,65.4964720594,22.8836220284,26.1244472147,2.98422598148,4.15661813177,47.1791502276,33.7564134602,187.80025205,202.469895341,331.865240783,423.849778693,18.6690375616,20.5083997394,36.2415688647,43.0423073517,116.465745468,133.165388628
324,129.987515274,146.771856078,14.112883307,15.9397844321,27.7992235234,32.7365497721,14.4246040574,22.6180804894,8.28497468775,9.15771849778,13.289222463,22.7115965629,58.9384557567,65.4932563623,22.8835159828,26.1242216713,2.1140093842,2.4569416974,16.7876760881,19.0536960766,173.964907265,185.361498137,312.179311355,392.891083542,19.8401180923,21.627045299,44.0212349266,54.9657797923,150.159563663,182.781381222
325,110.217307063,127.015063724,14.1135237424,15.9399010278,27.7984707189,32.7348298628,14.4246040574,22.6180804894,7.70791213723,7.70433209145,13.3017373065,22.7404772658,58.9374809982,65.4920166481,22.8899672371,26.1246719327,2.1140093842,2.4569416974,16.7876760881,19.0536960766,173.964907158,185.361497998,312.151896667,392.763747819,19.8453769827,21.6411059559,44.236900257,55.2317358627,150.489809141,183.82528147
326,99.5871078343,112.099750145,14.1866422916,16.0132325122,27.9062969686,32.8418594818,7.3287903758,9.4338607603,8.38424234313,9.22551139136,5.98564634105,7.74893270815,59.1538385793,65.7081472199,19.214287707,22.4540489739,2.1140093842,2.4569416974,16.7876760881,19.0536960766,161.742709417,173.139300305,308.721172448,389.430118525,19.3607373816,21.1696605738,44.8072941609,57.0866987035,148.319898449,186.537665962
327,97.8392360033,110.491260195,14.1867149847,16.0133739495,27.90563854,32.8405602861,7.3287903758,9.4338607603,7.70791213723,7.71453512351,5.98564634105,7.74893270815,59.1532340779,65.7073192951,19.2080967235,22.448594104,2.1140093842,2.4569416974,16.7876760881,19.0536960766,161.742709262,173.139300151,308.694792441,389.359986458,19.3618230516,21.18229471,44.9354742141,57.3097811513,148.831953986,187.815386812
328,92.8793940284,105.477581205,11.6818171472,13.5088013277,27.8977334812,32.8322189306,7.3287903758,9.4338607603,8.42281084223,9.24812076737,5.98564634105,7.74893270815,59.1382723403,65.6921694421,19.2021646057,22.4427273017,2.1140093842,2.4569416974,16.7876760881,19.0536960766,161.742709631,173.139300509,252.884559196,322.496366311,19.1369219024,20.9807497427,48.2579483011,60.5587458045,154.931847113,194.656408464
329,92.7576081465,105.36493877,11.6770724254,13.5044353735,27.895843772,32.8299537305,7.3287903758,9.4338607603,7.70791213723,7.721857144,5.98564634105,7.74893270815,59.1353071115,65.6890016406,19.1993699979,22.4410661187,2.1140093842,2.4569416974,16.7876760881,19.0536960766,161.742709522,173.139300389,252.731080901,322.274222832,19.142023579,20.990307155,48.3348766707,60.6865537897,155.081609779,195.301982706
330,69.4722271904,77.6618043192,11.6411734689,13.4682983924,27.8359738807,32.7702889359,7.3287903758,9.4338607603,8.44401089463,9.28778237753,5.98564634105,7.74893270815,59.0292782459,65.5833636518,19.1627340648,22.4037015157,2.1140093842,2.4569416974,16.7876760881,19.0536960766,149.520981533,160.917572411,252.424282564,321.919495507,16.3984986043,18.2900612443,47.2118405522,59.5427690924,150.109020036,190.507216112
331,69.8658606761,77.9344551313,11.6392178276,13.466459467,27.8347782834,32.7673680238,7.3287903758,9.4338607603,7.70791213723,7.73103050372,5.98564634105,7.74893270815,59.028968033,65.580130273,19.1602315497,22.4013347841,2.1140093842,2.4569416974,16.7876760881,19.0536960766,149.520981519,160.917572406,252.273232671,321.736276209,16.3904489502,18.3249529912,47.1843032819,59.5255925423,150.06639449,190.679831828
332,51.6446971924,54.5130910922,11.5857328881,13.4131410031,27.7553694985,32.6878820289,7.3287903758,9.4338607603,8.47139064979,9.35456610614,5.98564634105,7.74893270815,58.8574375387,65.40857439,19.1065252307,22.3477585383,2.1140093842,2.4569416974,16.7876760881,19.0536960766,137.297843668,148.694434545,247.155284602,305.245312545,12.8966133019,14.9246588316,35.0616817921,45.9659620753,122.54254253,164.811521624
333,52.2377051306,55.523608398,11.5837476998,13.4116249914,27.7542923341,32.686420798,7.3287903758,9.4338607603,7.70791213723,7.73826188126,5.98564634105,7.74893270815,58.855882889,65.4063436231,19.1043782234,22.3451505338,2.1140093842,2.4569416974,16.7876760881,19.0536960766,137.297843654,148.694434531,247.073525692,305.177950285,12.8973913777,14.9659114818,34.9954711999,45.8415356676,123.345294741,165.266581391
334,70.1991278524,73.9700864385,12.4162959374,14.2454375323,28.1462827889,33.0788490405,7.3287903758,9.4338607603,8.48801353537,9.39498330841,5.98564634105,7.74893270815,59.2986295613,65.8495636277,19.5518710131,22.7930884539,2.1140093842,2.4569416974,16.7876760881,19.0536960766,125.075645902,136.472236786,247.528567264,305.618766467,9.94329598588,12.0906227904,22.6370236939,29.4804136869,85.7825633266,113.881038912
335,66.0926715502,69.8585890245,11.8920172523,13.7230722202,28.0477791687,32.978979887,7.3287903758,9.4338607603,7.70791213723,7.74656342831,5.98564634105,7.74893270815,59.2874841323,65.8364586677,19.4129195427,22.6541624155,2.1140093842,2.4569416974,16.7876760881,19.0536960766,125.075645891,136.472236774,247.520601538,305.596439231,9.94488804311,12.1497354019,22.3555429478,29.1798752103,84.3017971616,111.162429101
336,56.4679395987,60.1176684876,7.02816297757,8.11692369872,27.749656627,32.6813084857,7.5534996038,9.6585699883,8.511847423,9.46837356968,6.28484183022,8.04812819733,58.8479794666,65.3973277473,11.140196511,13.8718984203,2.1140093842,3.6054079315,16.7876760881,19.0536960766,118.96431201,130.360902887,235.644719833,291.066626794,8.0901046668,10.36504675,19.1907795671,24.6050631281,68.8768367926,83.4492139316
337,51.4288613009,55.8645872139,6.83734814656,7.92647697819,27.7490764433,32.6806074516,7.5534996038,9.6585699883,7.70791213723,7.75269775862,6.28484183022,8.04812819733,58.8472520231,70.5076106539,11.1113908211,13.8391165177,2.1140093842,2.4569416974,16.7876760881,19.0536960766,118.964312017,130.360902897,235.587359156,291.004753634,8.09881676611,10.3968569572,19.0608496117,24.423928458,68.0472486367,82.3978689159
338,49.7793124681,54.5202073268,4.80327479584,5.26753187567,27.7480418291,32.6794779892,7.5534996038,9.6585699883,8.52400184222,9.49620826114,6.28484183022,8.09574276926,58.8454508663,65.3941898697,7.3858323598,7.96510092971,2.1140093842,3.88908874959,16.7876760881,19.0536960766,118.96431191,130.360902792,235.249482747,290.962643394,7.81752597468,10.132037528,19.0051453305,24.3838544737,67.9598043451,82.3498925153
339,49.3080605494,54.3715174689,4.82741621418,5.26449720356,27.747570527,32.6789017576,7.5534996038,9.68812585313,7.70791213723,7.75662259205,6.28484183022,8.04812819733,58.844786765,70.5047601078,7.41432888239,7.96265653901,2.1140093842,2.4569416974,16.7876760881,19.0536960766,118.964311962,130.360902846,234.91817299,290.927792975,7.82881548894,10.1517662834,18.9242263337,24.3459268583,67.6163292232,81.8919637532
340,48.9048313075,54.2745018872,4.82828946482,5.26228393751,27.7469478006,32.6782671571,7.5534996038,9.6585699883,8.52874180452,9.51219983776,6.28484183022,8.10798590384,58.8438456847,75.1163271023,7.40973590175,7.95671957384,2.1140093842,3.86805041869,16.7876760881,19.0536960766,118.964311893,130.360902779,234.647358326,290.904015463,7.69163830116,10.0251702626,16.440958243,20.5913267641,58.6882163663,68.5676115887
341,48.5571924886,54.2108123612,4.83524806957,5.26054459706,27.7464284143,32.6777321494,7.5534996038,9.69412370247,7.70791213723,7.76234767475,6.28484183022,8.0859337859,58.8430584014,70.5029099459,7.41710250103,7.95476906145,2.1140093842,2.4569416974,16.7876760881,19.0536960766,118.964311986,130.360902874,234.429994685,290.887896841,7.70049474334,10.0459914874,16.3532702417,20.5798830475,58.5890083874,68.3957566498
342,48.2606613396,54.1683088353,4.83828409708,5.25919553287,27.7458640803,32.6771159719,7.5534996038,9.6585699883,8.54765216477,9.54247802697,6.28484183022,8.17208764348,58.8421613103,78.3556784907,7.41974141408,7.95255380135,2.1140093842,3.86805041869,16.7876760881,19.0536960766,118.964311952,131.640355952,234.251879093,290.875207879,7.63273363469,9.98714686978,16.3037773067,20.6082438791,58.5382607724,68.3271298251
343,48.0024850545,54.1376893064,4.84138188257,5.25802848341,27.745454588,32.6765985862,7.5534996038,9.69725554201,7.70791213723,7.76606509938,6.28484183022,8.10646338401,58.8415011809,70.5009691762,7.4227899717,7.95087766545,2.1140093842,2.4569416974,16.7876760881,19.0536960766,118.964312027,130.360902847,234.103018734,290.864005975,7.63526899413,9.99098967544,16.2708112008,20.6453230223,58.5246540254,68.3226429829
344,51.0900871001,57.4247104354,4.9154570215,5.32893047517,27.8528170755,32.783829224,7.5534996038,9.6585699883,8.55145055586,9.52747056435,6.28484183022,8.17721487082,59.0563796445,78.5694691117,7.49685429418,8.02133255402,2.1140093842,3.86805041869,16.7876760881,19.0536960766,125.07541093,137.752579356,239.141234981,307.307605587,8.67400633948,11.020398957,17.0240432067,21.4934231058,61.7451355086,71.5199252172
345,50.9381991484,57.4551098427,4.91778939992,5.32895148829,27.852870148,32.7838457553,7.5534996038,9.69775506143,7.70791213723,7.76450708317,6.28484183022,8.10913819046,59.0566966724,70.7159867896,7.49923756026,8.02101817866,2.1140093842,2.4569416974,16.7876760881,19.0536960766,125.075410819,136.472001646,239.279103282,307.31694224,8.675357375,11.0154955839,16.9937609313,21.5364614874,61.9236505263,81.9404041708
346,50.5915286545,57.2511625315,6.94762699615,7.98186387836,27.8460994198,32.7770669857,7.5534996038,9.6585699883,8.54691122809,9.50116748943,6.28484183022,8.17813407529,59.0433526536,78.5562716388,11.2203789378,13.9234893524,2.1140093842,3.86805041869,16.7876760881,19.0536960766,137.298314082,149.97672936,239.428824836,307.297522839,10.9332157294,13.2540790586,19.0407008289,23.5327031383,68.0004224109,84.2585465208
347,50.5379282133,57.2949585221,6.90519279472,7.99391254345,27.8475711154,32.778526158,7.5534996038,9.69575560106,7.70791213723,7.76303821074,6.28484183022,8.10616594316,59.046519213,70.7056062322,11.1723737634,13.9134667494,2.1140093842,2.4569416974,16.7876760881,19.0536960766,137.298314004,148.694905169,240.541986783,307.379725291,10.9203894069,13.2143236052,19.0410478851,23.5277335919,68.228669938,82.2193452632
348,65.7702479587,77.795497739,14.1510076673,15.9827624209,27.8563531796,32.7873144257,10.78927907,15.6885443485,8.53226590446,9.43435741429,9.6059422513,16.4503152195,59.0642194959,78.5769681173,19.1672133582,22.4133971443,2.1140093842,3.86805041869,16.7876760881,19.0536960766,161.742004206,174.421309741,277.249134155,355.354805388,13.5650033396,15.8282431564,29.3822872769,36.1973360039,104.204413149,122.968279475
349,66.6943039176,76.6455242426,14.1552636408,15.9870173569,27.8567763286,32.7877872962,10.78927907,15.6885443485,7.70791213723,7.75903439229,9.62073975382,16.5281377509,59.065206389,70.7242747896,19.1640925633,22.415320429,2.1140093842,2.4569416974,16.7876760881,19.0536960766,161.742004299,173.138595273,277.349141176,355.446795952,13.5430179012,15.7697602581,29.4924761311,36.2714458744,104.758763573,121.120226705
350,66.7364388098,74.7693044978,12.8686600725,14.4831920021,23.5386239557,27.4969806494,8.68210405739,15.8685804894,4.04968632028,3.90131091484,9.45802162902,18.1405969406,50.0408582265,67.5790197608,20.7902567231,23.6141731324,0.962509384202,2.48505041869,9.3856760881,10.1491960766,148.333202068,155.846280449,273.357634626,348.74573566,12.2320542223,13.8939437119,34.7171032676,37.0397164538,123.676436486,139.434725523
351,66.9382312288,74.5498884284,12.87047167,14.4842130366,23.5377167254,27.4975553291,8.68210405739,15.8685804894,3.24641213723,2.27101124213,9.35945688715,17.9882937511,50.0376046627,59.7240104799,20.7847687521,23.5974278585,0.962509384202,1.0739416974,9.3856760881,10.1491960766,148.333202083,154.563292952,273.374092619,348.732978009,12.2424986029,13.802973149,35.0718401837,37.4469241839,125.26631394,142.269728317
352,93.4932501094,100.790980806,10.3723180005,11.9847053768,23.5407661036,27.501121259,15.5033355762,29.2782343152,4.00126666331,3.81360718722,16.7918803158,30.7429067843,50.0431275436,54.6189292578,20.7877892399,23.6188606615,0.962509384202,2.54585539518,9.3856760881,10.1491960766,148.33320213,155.840144501,313.088807806,391.216196555,11.1542223757,12.6641672899,48.4979246664,53.0808576498,142.682676489,163.851676502
353,73.9900171126,81.0651546534,10.3687249432,11.9831393512,23.5434246942,27.505301773,15.5033355762,29.2782343152,3.24641213723,2.25469544404,16.7403315002,30.6471560313,50.0468668147,54.6252113467,20.7882184002,23.6168268776,0.962509384202,1.0739416974,9.3856760881,10.1491960766,148.333201981,154.56329285,313.087929701,391.198864729,11.1682558898,12.5642211156,49.0980246093,54.3576406177,144.098666366,167.763035091
354,73.8363505154,80.7991841708,10.3735041039,11.9878355564,23.5519991242,27.5152200279,23.6994740226,46.2589358376,3.95077171747,3.73346205781,25.5547396086,46.6195229709,50.0628785466,54.6431249723,17.0475151634,19.8643496219,0.962509384202,1.68894896551,9.3856760881,10.1491960766,129.999905501,137.505841565,309.360156429,387.466197218,9.7411361294,11.1531391552,40.2639649556,46.8303185006,115.970651916,138.197675263
355,69.3552682739,76.3677860067,10.375696685,11.9896539364,23.5536901524,27.5180560684,23.6994740226,46.2589358376,3.24641213723,2.25004933904,25.5057888206,46.549611087,50.0660546491,54.6464608078,17.0422387946,19.8605292215,0.962509384202,1.0739416974,9.3856760881,10.1491960766,129.999905248,136.229996121,309.49825278,387.614635505,9.75590441557,11.0634194038,40.5831083379,47.3281896936,115.442317126,138.395326422
356,88.571359096,101.977553863,12.8723882863,14.4864697543,23.5516036047,27.517000135,23.6994740226,46.2589358376,3.86804790405,3.57444238253,25.4168228339,46.549611087,50.067678428,54.6483694321,20.7884655503,23.6245754997,0.962509384202,1.71195173037,9.3856760881,10.1491960766,105.5555099,111.785600775,313.375655886,391.507473906,8.34187577847,9.47599594216,27.6892051731,33.2356905189,92.9106472636,116.870845436
357,88.9269313702,102.293124579,12.8841066405,14.493708797,23.5572407193,27.5240367854,23.6994740226,46.2589358376,3.24641213723,2.23188507986,25.4725799447,46.549611087,50.0779309963,54.6595154027,20.8021836109,23.6333630249,0.962509384202,1.0739416974,9.3856760881,10.1491960766,105.555509688,111.785600571,313.684211026,391.846795659,8.28077666148,9.44360085073,27.2089918954,33.0037852967,91.2817991625,118.819850905
358,100.625368281,113.832024029,13.683976074,15.2939690771,23.8904558004,27.858515967,23.6994740226,46.2589358376,3.77210631047,3.29185744637,25.4143112347,46.549611087,50.396880265,54.9790408469,21.2120406663,24.0285388738,0.962509384202,1.0739416974,9.3856760881,10.1491960766,105.555980247,111.786071116,314.294031611,392.498797634,8.44461758659,9.38473907902,26.4692955642,31.615327809,91.8939306441,118.874773865
359,106.982199398,120.126860784,13.2012116339,14.8115035975,23.9035548246,27.8716181694,23.6994740226,46.2589358376,3.24641213723,2.20245851108,25.4143112347,46.549611087,50.6004976518,55.1807751708,21.1084828694,23.9448807692,0.962509384202,1.0739416974,9.3856760881,10.1491960766,105.555979993,111.786070897,314.847534002,393.07253955,8.4165988336,9.34296228874,26.3984645956,31.5995272025,92.5770910346,117.812206466
360,110.81603336,128.334311574,13.1346075533,14.7444410083,23.5543022871,27.5237720676,23.6994740226,46.2589358376,3.69026433174,3.06844949266,25.4143112347,46.549611087,50.0657802656,54.6468079876,20.8581586606,23.6854523742,0.962509384202,1.0739416974,9.3856760881,10.1491960766,105.555980022,111.786071086,314.351207215,392.614407694,8.3550092495,9.22363921624,26.566179949,31.6476974012,92.7581196331,116.550107897
361,108.488453846,125.927529658,12.8959943024,14.5046544677,23.5550994646,27.5255477479,23.6994740226,46.2589358376,3.24641213723,2.18776141089,25.4143112347,46.549611087,50.0660586801,54.6471353102,20.8030171887,23.6337330128,0.962509384202,1.0739416974,9.3856760881,10.1491960766,105.555980146,111.786071012,314.408464678,392.687230559,8.41239283651,9.20196354255,26.6765690393,31.7431684473,92.0907546712,114.846390797
362,110.240948466,127.835606789,12.9122988231,14.5217450653,23.5750201876,27.5463570122,23.6994740226,46.2589358376,3.62411896623,2.98117158474,25.4143112347,46.549611087,50.1044764861,54.6856080559,17.0736158947,19.8927947045,0.962509384202,1.0739416974,9.3856760881,10.1491960766,105.556685649,111.786776476,311.253430162,389.70840369,8.30333886535,8.94656250033,26.9083741712,32.3249430282,82.7344455887,102.900616202
363,108.473393034,126.110486365,12.9123282745,14.5224105911,23.5758766801,27.5480348889,23.6994740226,46.2589358376,3.24641213723,2.17323314629,25.4143112347,46.549611087,50.1046957739,54.6860896653,17.0679371838,19.8889872366,0.962509384202,1.0739416974,9.3856760881,10.1491960766,105.556685617,111.78677647,311.692384222,390.250873698,8.33699199672,8.92592576247,26.9914548501,32.4829728247,82.4436649627,102.129802462
364,107.27029302,124.887303755,10.4177231965,12.0278523119,23.5828400705,27.5556327071,23.6994740226,46.2589358376,3.59685660266,2.95947834809,25.4143112347,46.549611087,50.1166260299,54.6981902457,17.0725977271,19.8936735363,0.962509384202,1.0739416974,9.3856760881,10.1491960766,105.555980227,111.786071101,312.195094146,390.855128576,8.10015562302,8.87082804272,26.5856985821,32.0010455424,81.6117514002,99.9773030491
365,107.275698037,124.896525573,10.4097381908,12.0213178469,23.5818051004,27.5550043393,23.6994740226,46.2589358376,3.24641213723,2.19595210173,25.4143112347,46.549611087,50.1129070378,54.6945565004,17.0684284557,19.8906273793,0.962509384202,1.0739416974,9.3856760881,10.1491960766,105.555980115,111.78607098,312.361149091,391.062429791,7.99519430671,8.92274930705,26.2974389084,31.4296110672,80.0306060167,97.4644885633
366,105.473850667,123.098010417,10.40269948,12.0139429463,23.5744657708,27.5476445271,23.6994740226,46.2589358376,3.63994234882,2.97196005147,25.4143112347,46.549611087,50.0968576906,54.6783563772,17.0613034037,19.8830790789,0.962509384202,1.0739416974,9.3856760881,10.1491960766,105.555509771,111.785600654,312.610362722,391.371159359,8.83188931288,9.59355927879,26.466547922,31.377202872,79.8876005964,97.2148851196
367,105.654987592,123.284661988,10.402013272,12.0129354014,23.5749845524,27.5477862148,23.6994740226,46.2589358376,3.24641213723,2.19041449574,25.4143112347,46.549611087,50.0966403907,54.6781530561,17.0624909277,19.8834133813,0.962509384202,1.0739416974,9.3856760881,10.1491960766,105.555509735,111.785600606,312.998673371,391.818846745,8.81896683419,9.60397311511,26.4158285449,31.3283822995,79.7185300706,96.9503001971
368,105.925646732,123.562026685,10.3617140432,11.9728884914,23.5269662855,27.4990691734,23.6994740226,46.2589358376,3.66729991879,3.06756147556,25.4143112347,46.549611087,49.9973945933,54.5788364978,20.774674719,23.6109258879,0.962509384202,1.0739416974,9.3856760881,10.1491960766,129.99990549,136.229996373,300.900241138,379.833165981,12.5126631054,13.3267200172,28.4052886251,33.0435023455,94.0487813313,111.167832971
369,106.18500458,123.829298985,10.3633700287,11.9741219171,23.5266938973,27.4979154557,23.6994740226,46.2589358376,3.24641213723,2.2070324126,25.4395016789,46.549611087,49.9962756725,54.5775592252,20.7792460685,23.5964516544,0.962509384202,1.0739416974,9.3856760881,10.1491960766,129.999905258,136.229996134,301.473219433,380.565662394,12.390685294,13.4022615662,28.1121001132,32.3072817033,93.2358952277,109.613094555
370,98.9467611702,113.680000985,14.1286621733,15.9560494552,27.8136841242,32.755830335,29.4419740226,53.0084358376,8.21403129756,8.62905956891,29.609732039,51.547111087,58.9584941255,65.5129864986,22.8968280101,26.1525066407,2.1140093842,2.4569416974,16.7876760881,19.0536960766,173.964202237,185.360793108,286.272302598,365.361030333,18.7616472506,20.2235145197,36.7049667517,43.8021131486,115.008301487,135.336438917
371,99.0655307847,114.092213588,14.1317632204,15.958604115,27.8116588794,32.7525802419,29.4419740226,53.0084358376,7.70791213723,7.69715429597,29.6242419853,51.547111087,58.9542931135,65.5085915145,22.8972636088,26.138210388,2.1140093842,2.4569416974,16.7876760881,19.0536960766,173.964202031,185.360792911,286.392274046,365.554054104,18.7591541626,20.266632002,36.7080712745,43.6591149277,114.386943669,135.617882154
372,110.671303242,121.347804758,14.1304384348,15.9576219054,27.8097506053,32.7494104515,23.5195794158,40.4976189238,8.26996335102,8.78899977467,23.3108005749,39.8521540237,58.9504985243,65.5046347413,22.8969933787,26.1383026974,2.1140093842,2.4569416974,16.7876760881,19.0536960766,173.964202139,185.360793022,271.274374787,339.079395481,19.9590475064,21.391656042,44.4961182607,55.5915527138,144.95995178,181.519087574
373,91.4486149571,102.160071815,14.1290597618,15.9565686572,27.8077371249,32.746317253,23.5195794158,40.4976189238,7.70791213723,7.70780109047,23.3313198517,39.8977848172,58.9467204915,65.5006590794,22.8957314028,26.1374264942,2.1140093842,2.4569416974,16.7876760881,19.0536960766,173.964202119,185.360792956,271.161124947,338.973946667,19.9296277616,21.4311765446,44.6314255543,55.8491275942,144.518735759,180.835369369
374,94.7449622821,105.474981185,14.2033415159,16.0307100927,27.9176792142,32.8554421036,23.5195794158,40.4976189238,8.32571528967,8.89882197838,23.3511232082,39.9359801455,59.1673015542,65.7210794755,19.2261080634,22.4674918167,2.1140093842,2.4569416974,16.7876760881,19.0536960766,161.742004292,173.138595166,267.868882551,335.699175033,19.4234416064,20.9783242783,45.2320771855,57.7787797349,146.598443626,190.535168675
375,91.4600679323,102.450019578,14.2032609122,16.0301987083,27.9160338693,32.853158207,23.5195794158,40.4976189238,7.70791213723,7.71755854604,23.3571372446,39.9554083744,59.1646957041,65.7182937218,19.2194160867,22.4608659274,2.1140093842,2.4569416974,16.7876760881,19.0536960766,161.742004312,173.138595188,267.885454009,335.750903584,19.4129995645,21.0005757512,45.3763540871,57.9856366192,147.222403872,191.059335161
376,87.8666379223,98.7183502513,11.6966698696,13.5239100942,27.906240078,32.8428549761,21.2458355762,36.0277343152,8.35746413538,8.98281679944,20.8567897677,35.6691885229,59.1457370251,65.6991736508,19.2114726067,22.4530930787,2.1140093842,2.4569416974,16.7876760881,19.0536960766,161.742004216,173.138595095,251.980233607,319.840907124,19.1680041522,20.8133184838,48.7762861925,61.2954622141,158.096141371,203.252276171
377,87.8865947712,98.7405552917,11.6921348396,13.5197613666,27.9056030091,32.8418215935,21.2458355762,36.0277343152,7.70791213723,7.72133976161,20.8582538321,35.676086764,59.1452503334,65.6985154863,19.2108269971,22.45247045,2.1140093842,2.4569416974,16.7876760881,19.0536960766,161.74200428,173.138595161,251.891141205,319.735912564,19.1648020661,20.8182302914,48.8502982973,61.4268481929,158.414055397,204.41959795
378,78.5644851527,89.2640853751,11.6561600273,13.4838930587,27.84538679,32.7818244296,11.1888245912,16.5881061292,8.36417796523,8.994463718,10.3468034075,14.8064488759,59.0390297351,65.5928538496,19.1735607402,22.4153446653,2.1140093842,2.4569416974,16.7876760881,19.0536960766,149.520512182,162.194085738,251.677997885,319.518045821,16.4056476164,18.1070307099,47.6332418704,60.2050212504,144.470061652,187.190216899
379,79.084529023,89.6665401634,11.6546415598,13.4824137347,27.8445153729,32.7794624105,11.1888245912,16.5881061292,7.70791213723,7.72404438239,10.3468034075,14.8064488759,59.0392768243,65.5907950092,19.1712503707,22.4131203071,2.1140093842,2.4569416974,16.7876760881,19.0536960766,149.520512038,160.91710288,251.452060899,319.256384942,16.390299373,18.1409659461,47.6052695977,60.190198562,144.615805962,186.383627268
380,53.8228068846,56.9802765462,11.6007623626,13.4286833444,27.7640173854,32.6989177171,7.5534996038,9.6585699883,8.38293803225,9.04688484317,6.28484183022,8.04812819733,58.8655824478,65.4171137209,19.1159044997,22.3586925198,2.1140093842,2.4569416974,16.7876760881,19.0536960766,137.297608709,149.972922985,246.336984638,302.772104492,12.8829430239,14.7316153448,35.3981747199,46.5235167844,117.236797968,153.241592805
381,54.2402251784,57.4046353854,11.6004409638,13.4281739773,27.764251624,32.6988984644,7.5534996038,9.6585699883,7.70791213723,7.72787892409,6.28484183022,8.04812819733,58.8668776361,65.417961132,19.1149306377,22.3569903082,2.1140093842,2.4569416974,16.7876760881,19.0536960766,137.297608689,148.69419953,246.45024961,302.907070713,12.8826390467,14.7344308972,35.4384189624,46.510611272,118.185237548,155.117694138
382,71.8135872759,75.1749090693,12.4241326506,14.2522335876,28.1462881945,33.0813317808,7.5534996038,9.6585699883,8.3924557189,9.02172215269,6.28484183022,8.04812819733,59.2888597621,65.8405855849,19.5531156712,22.7956005182,2.1140093842,2.4569416974,16.7876760881,19.0536960766,125.075410867,137.751175293,246.989116776,303.460880568,9.91374307788,11.8380712084,23.0429002454,29.9676237179,85.3559446956,108.979350958
383,68.76631009,72.357074689,11.9227560552,13.7509453071,28.0709986962,33.0049189433,7.5534996038,9.6585699883,7.70791213723,7.72751360211,6.28484183022,8.04812819733,59.3189209531,65.868923884,19.4373244499,22.679800465,2.1140093842,2.4569416974,16.7876760881,19.0536960766,125.075410887,136.472001856,247.121463724,303.59988034,9.91037716741,11.8699105037,22.7035194964,29.5584730626,84.0733862297,107.507417956
384,60.4405249615,63.8192028338,7.0553891423,8.14162898988,27.7629495244,32.697317983,7.5534996038,9.6585699883,8.40202141473,9.02933699414,6.28484183022,8.04812819733,58.8661389928,65.4167546492,11.1549295677,13.8880216167,2.3890120654,3.00394597847,19.4680920998,21.7341120883,143.884910914,156.561001558,246.473562526,305.745624786,8.05068610576,10.0671244292,18.8056580462,23.9165904668,62.9583137888,75.9686019982
385,55.2726360011,59.3752005521,6.85508287148,7.94343276845,27.7626702136,32.6969737162,7.5534996038,9.6585699883,7.70791213723,7.72724214548,6.28484183022,8.04812819733,58.8659197244,65.4163701239,11.1273618766,13.8577014563,2.3890120654,2.7319443786,19.4680920998,21.7341120883,143.884910896,155.281501935,246.467112359,305.743778218,8.04871377634,10.0908878342,18.63056977,23.7001194179,62.2080116215,75.6427910064
386,53.4492439391,57.9547854631,4.82026472176,5.28426942721,27.7623594146,32.696613344,7.5534996038,9.6585699883,8.4015708131,9.02009422863,6.28484183022,8.04812819733,58.8654216652,65.4157405057,7.40187337439,7.98314920147,2.3890120654,3.00397797517,19.4680920998,21.7341120883,143.884910948,156.561176123,246.282190912,305.528799311,7.75294803744,9.82207871377,17.732579933,22.3056455748,58.420016076,70.488196344
387,53.00693125,57.8385752937,4.8447090516,5.28615530331,27.7620302851,32.6962496005,7.5534996038,9.6585699883,7.70791213723,7.72408989367,6.28484183022,8.04812819733,58.8649284334,65.4150745211,7.42903193134,7.98330151965,2.3890120654,2.7319443786,19.4680920998,21.7341120883,143.884910934,155.281501884,246.199168153,305.430058724,7.75289004665,9.83120032808,17.6498558767,22.1976296269,58.134522337,70.2999099303
388,52.5752755644,57.7101090967,4.84577251178,5.28315271764,27.7611259048,32.6954196302,7.5534996038,9.6585699883,8.39645497117,9.03067254635,6.28484183022,8.04812819733,58.8632535432,65.4132943001,7.42575924494,7.97764321265,2.3890120654,3.17579446969,19.4680920998,21.7341120883,143.88491099,156.561957678,245.958857236,305.148136366,7.60530027787,9.71164452054,16.5927819324,20.5853094036,54.0523491115,64.5237432838
389,52.1872370196,57.5785188594,4.85151284855,5.28107369048,27.7600512771,32.6943914495,7.5534996038,9.6585699883,7.70791213723,7.7271204708,6.28484183022,8.04812819733,58.8612229054,65.4110776089,7.431930321,7.97517386315,2.3890120654,2.86088403012,19.4680920998,21.7341120883,143.884910978,155.28150184,245.643368969,304.777899209,7.61467413418,9.73832885152,16.5111764149,20.4786805182,53.9743219438,64.5866352019
390,51.8326193656,57.444904951,4.85390666829,5.27885438251,27.7590350267,32.6933814066,7.5534996038,9.6585699883,8.40681982592,9.09820012508,6.28484183022,8.04812819733,58.859284245,65.4089501471,7.43412507333,7.9722471162,2.3890120654,3.36667913052,19.4680920998,21.7341120883,143.884911007,156.563128255,245.281611634,304.351188803,7.55136426121,9.69684655318,16.4409248177,20.3924817138,53.892133634,64.5631682449
391,51.5060789286,57.3084009973,4.85617885044,5.27681477037,27.7579227223,32.6922064864,7.5534996038,9.6585699883,7.70791213723,7.73467903541,6.28484183022,8.04812819733,58.8571477964,65.40661036,7.43646458164,7.96971562486,2.3890120654,2.98982368164,19.4680920998,21.7341120883,143.884910999,155.2815018,244.886887076,303.879041929,7.55403297559,9.71086168605,16.4129570215,20.3772307036,53.8966724277,64.622975046
392,54.5692986188,60.5427798328,4.93065215795,5.3479300058,27.8668119953,32.8009790122,7.5534996038,9.6585699883,8.41424259107,9.14682911888,6.28484183022,8.04812819733,59.0748541787,65.6241154063,7.51102417393,8.04039318198,2.3890120654,3.7447570905,19.4680920998,21.7341120883,149.996009845,162.674771913,289.653071367,371.068490647,8.59636095113,10.7621064538,17.156970444,21.1759445932,57.1269958403,67.8789899786
393,54.2877012411,60.4022246993,4.93147520262,5.34590716719,27.8655625274,32.7996299282,7.5534996038,9.6585699883,7.70791213723,7.73610135825,6.28484183022,8.04812819733,59.0723780591,70.7327202813,7.51198051075,8.03805565837,2.3890120654,2.98982368164,19.4680920998,21.7341120883,149.996009848,161.392600653,289.204702847,370.523410221,8.60022641426,10.7743212204,17.1259295697,21.1770912186,57.3097882298,68.0277196489
394,53.8040817793,60.0438227082,6.95798457991,7.99705960542,27.8574422793,32.7914090964,7.5534996038,9.6585699883,8.41968160709,9.1896251453,6.28484183022,8.04812819733,59.0561258331,65.6050416703,11.2297599852,13.9323037979,2.526513406,4.16817765843,20.8083001057,23.8378400826,174.679094741,193.589132575,289.534848911,370.836891272,10.8689738335,13.048799306,20.9266834448,25.9151433657,71.0454416775,85.3002836411
395,53.559427302,59.9013547123,6.91376027219,8.0024354732,27.855947917,32.7898310758,7.5534996038,9.6585699883,7.70791213723,7.74433555784,6.28484183022,8.04812819733,59.053269065,81.521596929,11.1809839254,13.9125589514,2.526513406,3.23875733544,20.8083001057,23.8378400826,174.679094959,192.305776897,289.066353768,370.219117453,10.8653891667,13.0526689415,20.9605206644,25.9144278497,71.6998258731,85.8528021339
396,74.5005136165,88.2634578613,14.1562600154,15.9879943929,32.9025919571,38.951633919,10.78927907,15.6885443485,9.43586759362,11.7712363241,9.55298410824,16.3856489762,97.6423010304,119.315188447,19.1737721122,22.4201425818,3.39673000328,4.68055446677,71.9759159289,37.5772607629,213.395028467,234.702240592,402.938945117,511.951727796,13.5162550477,15.7090545564,36.8976062969,43.787824635,121.444569861,142.978805069
397,74.9827651243,87.0758509621,14.1592546814,15.9910065135,32.9102784893,38.9469992718,10.78927907,15.6885443485,9.43586759362,11.7712363241,9.55361516259,16.43976014,97.6183363384,119.410680916,19.1680392918,22.4199946863,3.39673000328,4.68055446677,72.4326967273,37.5772607629,213.27123092,234.48653847,402.628499635,511.545958312,13.5217076509,15.6784413104,37.1099387333,43.9935434565,122.657734393,144.370247427
398,74.986500856,85.1321966247,12.8713258386,14.4858844949,60.8126442458,81.8872204506,8.68210405739,15.8685804894,15.2194038444,13.1246369282,9.41754124075,18.0821041627,177.102451006,215.279603552,20.7931368312,23.6172462176,2.79523536568,4.29328908197,67.8251584055,42.7069035095,249.594900102,290.42223176,456.490771166,579.357107522,12.3080489249,13.9315691842,43.7649939267,47.0326080213,143.451934098,162.944815208
399,75.1552511609,84.8491922086,12.8740158821,14.4874659764,60.7717903695,81.835949843,8.68210405739,15.8685804894,15.2194038444,13.1246369282,9.36598596549,17.9988582683,177.039587833,215.185994346,20.8006138315,23.6243816793,2.79523536568,4.29328908197,64.3989244126,42.7069035095,249.528987788,290.312586819,456.636895997,579.507341983,12.3130663385,13.8892374555,44.2063004565,47.5507801724,144.722377559,164.097125448
400,122.138589951,137.987133047,10.3789107797,11.9894980464,83.2854171018,104.296136864,15.5033355762,29.2782343152,24.9586402561,19.4512376933,16.7676389178,30.7252803822,222.979710626,261.080817519,20.7948554634,23.6077639627,5.82302118526,8.65550633357,80.5786531443,86.8399902361,523.380908169,662.866594797,477.498311231,600.373686097,11.9777884026,13.8708646162,37.2153303538,41.2026570048,123.284777551,140.083951163
401,103.161819958,118.786640453,10.3772994819,11.9897383583,83.296827734,104.294473903,15.5033355762,29.2782343152,24.9586402561,19.4512376933,16.7253698103,30.6393055303,222.994371339,261.051201347,20.7975949606,23.6320699312,5.8294991179,8.65550633357,77.2249205971,86.8679721588,523.339494344,678.828849622,477.793382065,600.700971975,11.9978069801,13.7631609342,37.3624430338,41.9892570711,122.550624493,141.368737381
402,126.450279735,150.68216584,10.3847732208,11.9966141898,83.2947805343,104.296278614,23.6994740226,46.2589358376,30.9456646915,23.1631716976,25.4789138249,46.549611087,223.019154245,260.965964821,17.0581005963,19.8860693917,5.82684969776,8.69683764164,69.4480861798,82.6828433191,504.963002521,660.431408268,494.906589976,617.960810446,10.618067172,12.2735012189,35.0667466047,40.9169688962,109.618940132,131.779680281
403,127.119723365,151.316322493,10.3875630853,11.9991899411,83.2987155878,104.295803517,23.6994740226,46.2589358376,30.9456646915,23.1631716976,25.4434912713,46.549611087,223.009857497,260.951345508,17.0548039073,19.8734394236,5.82590141657,8.70415878933,67.4344760404,82.6864504813,504.943406106,620.324616088,495.806275714,619.040534482,10.6233247521,12.1998829029,35.2360079536,41.434533051,109.264919675,134.397451932
404,124.524182712,148.796650339,12.8861114941,14.4967481445,85.3024955267,106.29257686,23.6994740226,46.2589358376,30.9456646915,23.1631716976,25.4143112347,46.549611087,226.00154436,263.939755868,20.8064229112,23.6378830431,5.82463218207,8.69717785295,64.1607293075,81.7616033085,496.656656603,595.84538673,500.581032559,624.09421595,9.21780285455,10.643469616,25.8248378739,30.7419437967,84.8535672411,109.877851936
405,123.399384359,147.578170595,12.8960762939,14.5061949658,85.2880639554,106.300318392,23.6994740226,46.2589358376,30.9456646915,23.1631716976,25.4143112347,46.549611087,226.017032495,263.956781423,20.8086269105,23.6241264766,5.82317624296,8.70807021522,63.7907040508,81.7460195369,480.473608657,595.835416282,501.601106165,625.420504171,9.21447418251,10.5981316625,25.7244642584,30.8726731606,84.6376519995,110.132410768
406,133.767520153,157.791776132,13.6909688728,15.3013752368,85.6101049585,106.615613324,23.6994740226,46.2589358376,30.9456646915,23.1631716976,25.4143112347,46.549611087,226.301763636,264.246075023,21.2177971634,24.0525316695,5.82445243983,8.74016413917,63.5428665936,82.7153916709,486.056553638,595.820340044,503.106672361,627.31070565,9.39746280123,10.5987451051,25.9995881546,31.2445017054,86.9045402338,111.225364977
407,141.897592458,165.818426883,13.2088261192,14.8190072603,86.0076303233,106.900048372,23.6994740226,46.2589358376,30.9456646915,23.1631716976,25.4143112347,46.549611087,227.116392751,264.556045,21.1170063815,23.9467104833,5.82585762763,8.77037338928,63.3310757484,82.706685799,497.934061185,617.473781359,504.771525563,629.416525047,9.48852101101,10.5711121198,26.1674586868,31.5506048164,87.3520538836,110.785185641
408,131.771223962,155.74713436,13.1420517287,14.752184449,86.1393809744,107.442960636,23.6994740226,46.2589358376,27.6992525542,21.0543047759,25.4143112347,46.549611087,227.015549323,263.964018503,20.8650137949,23.6975195059,5.54526217768,8.54886781996,65.4622379244,82.365940851,474.464485522,594.401959117,484.840226338,609.938970917,9.28261805953,10.3337327815,26.1943007239,31.530074504,87.065056931,109.51182758
409,129.729302886,153.774062777,12.9058842596,14.5154485372,86.3730056646,107.81320046,23.6994740226,46.2589358376,27.6992525542,21.0543047759,25.4143112347,46.549611087,227.261991666,263.967340798,20.8108716716,23.6412740746,5.54526217768,8.51989764251,64.910502354,82.365940851,475.176733065,595.310359113,485.922643397,611.403245257,9.32611801672,10.3200375824,26.2543666227,31.5454742506,87.0492019299,108.808004787
410,131.090820073,155.189277806,12.9228377709,14.5325339139,84.6435487659,106.204513118,23.6994740226,46.2589358376,30.9456646915,23.1631716976,25.4143112347,46.549611087,227.15067674,261.008739186,17.082211509,19.9013258077,5.82885280048,8.77962745897,65.984062297,83.4886958843,507.583650701,629.792600637,503.655968937,629.424806557,9.0224960214,10.250602987,25.8716833191,31.1247693736,81.533822495,102.161629183
411,130.007517511,154.165530429,12.9226046015,14.5334702972,84.8864399876,106.567342395,23.6994740226,46.2589358376,30.9456646915,23.1631716976,25.4143112347,46.549611087,227.931491535,260.989097061,17.0772316127,19.8980703579,5.84779274105,8.84590647102,63.7437451119,83.4991771121,510.000008077,632.888068957,504.620124371,630.483756497,9.246765099,10.2412092061,26.3354141931,31.5694621226,84.4407856736,102.789855397
412,128.445082872,152.595056889,10.4304650839,12.0398569596,85.3991665755,107.319991971,23.6994740226,46.2589358376,30.9456646915,23.1631716976,25.4143112347,46.549611087,229.468572399,260.998344012,17.0823453795,19.9034866294,5.85605454371,8.87425985816,61.4255726553,81.7170570578,530.269549312,638.93803185,505.856609338,632.21920349,9.24289007243,10.1540097558,26.4834153375,31.8090861865,84.6155680638,103.782305047
413,128.642273851,152.802966613,10.4242138931,12.0363800615,85.4038187889,107.321004505,23.6994740226,46.2589358376,30.9456646915,23.1631716976,25.4143112347,46.549611087,229.738917655,261.000731749,17.080630216,19.902076931,5.87174825361,8.91071480169,60.9540374948,81.7394418072,531.195444783,659.582007699,506.621628685,633.149975974,9.2366573428,10.1564277945,26.4566851606,31.866574454,83.7079027755,103.529242818
414,126.927599314,151.096226942,10.4174521793,12.0294520289,84.3988519152,106.314015638,23.6994740226,46.2589358376,30.9456646915,23.1631716976,25.4143112347,46.549611087,226.029211239,257.07743481,17.0736888054,19.8953801354,5.8538674284,8.94075810556,61.0305634321,81.7045049854,531.895830513,660.655870893,507.185203162,633.831788912,9.89571499437,10.8369243529,26.2790892061,31.5332704158,83.1033774514,103.232137898
415,127.05650906,151.218472205,10.4156087997,12.0280526367,84.3948312199,106.309138569,23.6994740226,46.2589358376,30.9456646915,23.1631716976,25.4143112347,46.549611087,226.165443348,257.064180205,17.073269266,19.8958820636,5.84886403106,8.94597745327,61.1545584564,81.6918277024,532.377852868,661.391390714,507.628898932,634.360085424,9.87762416806,10.843308656,26.2010568814,31.3484516664,82.6469117377,102.767127263
416,127.051708835,151.210582222,10.3734877607,11.9857339951,84.078006035,105.885015554,23.6994740226,46.2589358376,30.9456646915,23.1631716976,25.4143112347,46.549611087,223.026706778,254.553532254,20.7873733576,23.623978768,5.82026485888,8.885616542,64.2621127368,83.1197634562,554.905012989,683.404975969,510.929376418,637.591600845,13.5389092501,14.5661217979,28.2694041368,33.0068849805,96.2778675995,116.741898779
417,126.975409419,151.144698661,10.373630958,11.9854425693,84.0714249795,105.884839979,23.6994740226,46.2589358376,30.9456646915,23.1631716976,25.4143112347,46.549611087,223.062833332,254.548634663,20.7884133125,23.6053785125,5.82026485888,8.76885858257,67.7896053144,83.1197634562,555.089621857,683.706972433,511.249481968,637.946194744,13.3841626518,14.6005089905,27.9430950997,32.1613569663,95.4340144316,115.000274333
418,133.638731236,159.225544035,14.137530847,15.9660007817,66.4735443223,89.1505224222,29.4419740226,53.0084358376,14.8407877263,12.8498452794,29.5612078366,51.547111087,191.418108902,225.59890628,22.9037284758,26.1620246021,4.77174340928,6.94702637837,72.2125526089,83.4977266759,522.140836617,630.365496701,518.838821954,648.185556382,19.003359036,20.2471256847,38.6128699281,45.5476410738,120.385005426,143.502404638
419,133.355677502,158.968639677,14.1411518782,15.9684029604,66.225686181,88.7893066363,29.4419740226,53.0084358376,14.7065362507,12.3114006041,29.5887970265,51.547111087,190.665772982,225.645852374,22.9078769507,26.1465757959,4.77940081864,6.94702637837,73.0510100061,83.4977266759,519.889049397,627.426927749,518.592921761,647.848281908,18.982865057,20.2799013885,38.6285698517,45.4110014399,119.899066925,142.653684367
420,140.984743494,160.06362669,14.1412021697,15.9690113135,66.2305774489,88.7970663417,23.5195794158,40.4976189238,8.01944254641,8.48478848906,23.284615293,39.8256426649,190.654294451,225.658444696,22.9057603476,26.1480317865,3.94673536568,5.67628908197,57.3725877891,61.6945101476,420.145921956,502.748134172,383.799310487,484.296888201,20.0884142741,21.3020105524,42.2225718621,51.8191409986,146.991205303,182.441867162
421,121.885735986,140.944999635,14.1416727641,15.9693510109,66.231886949,88.800795044,23.5195794158,40.4976189238,7.70791213723,7.62739620493,23.2974619106,39.8551454845,190.63352139,225.665278261,22.9128742146,26.1485911454,3.95136694981,5.67628908197,57.9791982612,61.6945101476,420.076428286,502.666120048,383.608231919,484.182643105,20.0851996923,21.3139374232,42.4989124918,52.1599195158,147.608812357,183.792252626
422,125.273228463,144.346475368,14.2180624694,16.0457736031,66.3468733587,88.91691804,23.5195794158,40.4976189238,8.09996968173,8.60016677213,23.3139683634,39.8925302805,190.822096337,225.885042872,19.2397095091,22.4811663951,3.94673536568,5.67628908197,56.7479781462,60.4101145432,407.75845646,490.325458676,380.046837293,480.456169306,19.5858710229,20.8416763879,44.1791126565,55.8391538378,151.761384091,195.979744983
423,125.099320029,144.203181268,14.2180137507,16.0458536274,66.349410629,88.9206444151,23.5195794158,40.4976189238,7.70791213723,7.64646404483,23.326668198,39.9172586676,190.802513328,225.905643258,19.2327879052,22.4750491552,3.94673536568,5.67628908197,57.5983626841,60.4101145432,407.683586515,490.228084407,380.009991463,480.412794317,19.5518157801,20.8590957861,44.2067311658,55.9703192136,151.504769553,196.225376665
424,113.216726068,130.358803383,11.713235159,13.5411907863,66.3428083546,88.9141597401,21.2458355762,36.0277343152,8.16289100284,8.62319613289,20.8202168273,35.6247811395,190.772399937,225.894921863,19.2266898482,22.4690142164,3.67173268448,5.17842177437,52.1130061943,49.3147865542,332.883739094,390.497598597,312.869122425,396.500284293,19.320470373,20.6450479645,49.1921348586,61.8870757124,164.587540747,213.339138122
425,112.017790197,129.042733942,11.7098548265,13.5377646577,66.3437792697,88.9147962331,21.2458355762,36.0277343152,7.70791213723,7.65527313702,20.8240568987,35.6343062023,190.757954191,225.905143093,19.2260111291,22.4683297183,3.67173268448,5.17842177437,52.516421756,49.3147865542,332.841911493,390.445086226,312.877368838,396.544571307,19.3082006423,20.6493397288,49.2511920344,62.0319443249,164.770354977,214.008007128
426,80.696705687,91.1130590554,11.671455959,13.4996951701,27.8424999198,32.7814902616,11.1888245912,16.5881061292,8.18956618574,8.65531449378,10.3468034075,14.8064488759,59.0241411785,65.5898939469,19.1867424047,22.4292610388,3.67173268448,5.17842177437,52.1598672321,48.672588752,316.385997377,372.644657384,292.648942141,376.202265455,16.5335317009,17.9397995367,46.5153952192,58.2232634012,151.984865518,197.882746692
427,81.270988558,91.6024858248,11.6702885747,13.4984982446,27.8526196004,32.7901843286,11.1888245912,16.5881061292,7.70791213723,7.66145042721,10.3468034075,14.8064488759,59.0463960022,65.6078053836,19.1851959226,22.4277745678,3.67173268448,5.17842177437,52.3405992584,48.672588752,318.204362219,375.038280412,292.567661953,376.120992208,16.5113107904,17.9531940131,46.6300084436,58.338592019,153.244526373,199.311680007
428,57.1331152319,60.0521984942,11.6154495285,13.4437882513,27.7789588141,32.7208925385,7.5534996038,9.6585699883,8.20554990447,8.65978925365,6.28484183022,8.04812819733,58.8965175956,65.4676584224,19.1285329326,22.3715100494,2.526513406,2.9808780324,20.8083001057,23.8378400826,174.678389472,192.305071238,258.572843439,319.59498866,12.9349978742,14.5411058161,33.2550715194,42.7903491981,119.48471773,157.80627744
429,56.8611877004,59.9387483104,11.6138352652,13.4421843706,27.7827979057,32.7227496361,7.5534996038,9.6585699883,7.70791213723,7.66957327104,6.28484183022,8.04812819733,58.9055372616,65.4737296526,19.1261032435,22.3690055231,2.526513406,2.9808780324,20.8083001057,23.8378400826,174.678389214,192.305070986,258.353804076,319.33758128,12.9170797028,14.573360695,33.0095772121,42.4635114702,118.344377372,155.712592753
430,73.8515428553,77.1000777246,12.4302969313,14.2588175508,28.1593740128,33.0974162553,7.5534996038,9.6585699883,8.23312016569,8.69399399161,6.28484183022,8.04812819733,59.316011238,65.8794135683,19.5577323794,22.8009114455,2.3890120654,2.7319443786,19.4680920998,21.7341120883,149.996009707,161.392600791,258.547248237,319.497851202,9.92474463679,11.6753202788,22.0959433119,28.280595292,83.8171333836,108.224359677
431,71.5456499667,75.0590025537,11.942007672,13.7706711182,28.1221301882,33.0555965793,7.5534996038,9.6585699883,7.70791213723,7.67657935548,6.28484183022,8.04812819733,59.4161038982,65.9735780857,19.4546553383,22.6979065375,2.3890120654,2.7319443786,19.4680920998,21.7341120883,149.99600974,161.392600617,258.579392268,319.504292142,9.91076295917,11.7007405691,21.7802382702,27.8972530574,83.0783632641,106.15249709
432,62.097560994,65.5643644898,7.0704094533,8.15623967216,27.7906593325,32.7235374477,7.5534996038,9.6585699883,8.25204640131,8.71270917692,6.28484183022,8.04812819733,58.9208133892,65.4751080129,11.1636366931,13.8975939707,2.3890120654,2.7319443786,19.4680920998,21.7341120883,143.884911059,155.281501936,251.91273861,312.744935414,8.0466387185,9.89191039713,18.9901241527,24.1014108569,62.4817888128,71.1935922882
433,56.8981807271,60.7031038726,6.86407678912,7.95343463208,27.7912776159,32.72376948,7.5534996038,9.6585699883,7.70791213723,7.67991497427,6.28484183022,8.04812819733,58.9232007651,65.4760843018,11.1369819615,13.8684427451,2.3890120654,2.7319443786,19.4680920998,21.7341120883,143.884911098,155.281501975,251.783855612,312.597282537,8.04313513527,9.91062458291,18.8364346912,23.9315850135,62.2820763042,71.4836672081
434,55.2446767984,59.3251733068,4.82982901977,5.29406145658,27.7890757532,32.7230956947,7.5534996038,9.6585699883,8.26484237969,8.73605866768,6.28484183022,8.04812819733,58.919695299,65.4751616376,7.41161104633,7.99397800122,2.3890120654,2.7319443786,19.4680920998,21.7341120883,143.884911077,155.281501953,251.457917906,312.197530408,7.74262669973,9.64218749037,17.8599339774,22.5004065703,58.5637173702,66.2988296744
435,54.7665853301,59.1768586355,4.85518690775,5.29897556217,27.7880101312,32.7222248039,7.5534996038,9.6585699883,7.70791213723,7.68424679706,6.28484183022,8.04812819733,58.9185450343,65.475178995,7.43890287967,7.99601930246,2.3890120654,2.7319443786,19.4680920998,21.7341120883,143.884911122,155.281501998,251.239755933,311.933082471,7.74310891087,9.64597190313,17.7999828921,22.3918598518,58.4346240057,66.3849278063
436,54.4014635098,59.1346444342,4.8575832223,5.29670790191,27.7879988459,32.7221310229,7.5534996038,9.6585699883,8.27480014221,8.73515265264,6.28484183022,8.04812819733,58.9191367296,65.4758973047,7.43687678441,7.99109435397,2.3890120654,2.7319443786,19.4680920998,21.7341120883,143.884911104,155.281501979,251.096473988,311.764118266,7.59320684147,9.50124862107,16.7687401704,20.7804208477,54.7259314146,60.6743527557
437,54.0277279613,59.0481125591,4.86383750706,5.29597799045,27.7871453263,32.7212745923,7.5534996038,9.6585699883,7.70791213723,7.68531358533,6.28484183022,8.04812819733,58.9180362626,65.4746461851,7.44367635416,7.98991437842,2.3890120654,2.7319443786,19.4680920998,21.7341120883,143.884911155,155.28150203,250.992973393,311.64477805,7.59137003458,9.51428380673,16.6885367322,20.6657903335,54.6541610541,60.7526211003
438,53.7157574247,58.9945607907,4.86688102914,5.29475613978,27.7862307782,32.7203356454,7.5534996038,9.6585699883,8.29300271458,8.74856086699,6.28484183022,8.04812819733,58.9168081832,65.4731869703,7.44657510897,7.98802822009,2.3890120654,2.7319443786,19.4680920998,21.7341120883,143.884911139,155.281502015,250.914227029,311.553763123,7.51632890136,9.45537768023,16.6334224215,20.5911962061,54.5910568086,60.8428369426
439,53.450011322,58.9610206925,4.8698497892,5.2939141958,27.7854263822,32.7194865501,7.5534996038,9.6585699883,7.70791213723,7.69085479495,6.28484183022,8.04812819733,58.9157315351,65.4718779304,7.44964691873,7.98670017894,2.3890120654,2.7319443786,19.4680920998,21.7341120883,143.884911195,155.28150207,250.851988833,311.479814107,7.51613240145,9.46754403336,16.5928063144,20.5382407709,54.5491211246,60.9422078791
440,65.0039759234,70.699517633,5.21882915474,5.64212433275,28.3469295983,33.2814507276,7.5534996038,9.6585699883,8.31134819696,8.76973817763,6.28484183022,8.04812819733,60.0391306515,66.5956139444,7.79798490081,8.3342316536,2.3890120654,2.7319443786,19.4680920998,21.7341120883,149.996010084,161.392600959,297.273101611,380.369708248,8.55673464259,10.5023521207,17.3688012726,21.3070869918,58.1698113823,64.7022132187
441,64.8084815872,70.6836229063,5.21893606206,5.64139088386,28.3463798747,33.2808095755,7.5534996038,9.6585699883,7.70791213723,7.69202253966,6.28484183022,8.04812819733,60.0383921754,66.5946771152,7.79882223141,8.33317536542,2.3890120654,2.7319443786,19.4680920998,21.7341120883,149.996010144,161.392601018,297.141520384,380.203461646,8.55666666198,10.5074246421,17.3356797693,21.2690798908,58.2749425728,65.0249694441
442,64.6186849434,70.6232585545,7.24513658079,8.29237168178,28.3456817465,33.2800525779,7.5534996038,9.6585699883,8.31878405362,8.77374025817,6.28484183022,8.04812819733,60.0374034254,66.5935046839,11.5157744022,14.2236581077,2.526513406,2.9808780324,20.8083001057,23.8378400826,174.679095715,192.305777462,297.639859479,380.752238133,10.8335229078,12.7506122298,21.1976525158,26.217911136,72.1195051708,82.6279705384
443,64.4557005368,70.585239556,7.20563846636,8.29270968435,28.170584842,33.1026947617,7.5534996038,9.6585699883,7.70791213723,7.69170804919,6.28484183022,8.04812819733,59.6878733592,66.241445899,11.4727726578,14.2053216958,2.526513406,2.9808780324,20.8083001057,23.8378400826,174.679095211,192.305776969,296.98454279,380.15932287,10.8371830073,12.7342060103,21.2456434971,26.2675517396,72.5740485123,83.646977868
444,86.1931074858,99.7608625197,14.3030505225,16.129793681,33.9508715489,40.3550367351,10.78927907,15.6885443485,9.43586759362,11.7712363241,9.4696279823,16.2920323998,99.2407230844,119.133150049,19.325257188,22.5658740941,3.41048268515,4.68055446677,53.4842677472,37.5772607629,248.995894965,278.904324452,411.497803019,522.579129246,13.5052897622,15.367731877,37.4050133259,44.3099727921,122.178812962,141.187872763
445,86.3571398238,98.7456286661,14.3058023025,16.1332206298,33.8963321895,40.249888669,10.78927907,15.6885443485,9.43586759362,11.7712363241,9.45095462075,16.3121007868,99.1110704946,118.919873856,19.3105081483,22.5650992009,3.40520237209,4.68055446677,54.1148472659,37.5772607629,248.91069336,278.716421803,411.614388473,522.708481962,13.518277508,15.3262645007,37.8264503294,44.6786709721,123.143174131,153.042747404
446,84.8539968982,95.2022792625,12.8984906091,14.5088964936,61.9748671398,83.5543328893,8.68210405739,15.8685804894,15.2194038444,13.1246369282,9.33253107499,17.9776454959,178.780115682,214.981301253,20.8170123668,23.6434625844,2.79523536568,4.29328908197,54.7406234855,42.7069035095,286.149508256,335.945102594,465.365595245,590.905464924,12.3012814854,13.562872225,44.5705474669,48.2239015187,144.450178353,188.58241403
447,83.1035244413,93.0252432151,12.9027679247,14.5135523117,62.3951493871,84.1806132057,8.68210405739,15.8685804894,15.2194038444,13.1246369282,9.25672516062,17.8603076516,179.361695368,214.953295171,20.8253652039,23.6517666538,2.79523536568,4.29328908197,51.4592081168,42.7069035095,287.784748664,338.098187543,465.902021871,591.774460373,12.335598489,13.4908076603,45.2057767979,49.0403903753,146.265299414,183.327353745
448,126.071811563,142.052922041,10.4081125688,12.0188681033,85.3993678888,107.344371048,15.5033355762,29.2782343152,24.9586402561,19.4512376933,16.680854178,30.6111382931,226.060035793,260.936306356,20.8164853614,23.631806018,5.85687738369,8.69384095142,73.4735638483,86.8992264876,563.409837624,688.975739233,487.246293211,613.176255805,12.007480479,13.4950592348,38.1046240537,42.5577424894,125.473466861,155.86152722
449,107.337396797,123.098678756,10.4062564162,12.0175643504,85.8435736185,107.972642548,15.5033355762,29.2782343152,24.9586402561,19.4512376933,16.6814636493,30.5880934069,226.676839248,260.96324762,20.8171812321,23.6602920594,5.83493132769,8.7080919083,72.9596470128,86.8904301159,565.069506031,691.153214511,487.882777639,613.955625648,11.990295407,13.4475461897,37.9769809854,43.1557988233,125.011360788,154.000921926
450,130.550163074,154.895453737,10.4134772386,12.024236659,86.2548063885,108.581278899,23.6994740226,46.2589358376,30.9456646915,23.1631716976,25.4235765761,46.549611087,227.29650007,260.995998815,17.0800209056,19.9106318974,5.83122272202,8.74606447422,65.0918438454,82.8325660926,548.376985942,674.991393777,505.217219783,631.463136741,10.6786281214,11.958882176,35.7492267031,42.1455520968,111.819934889,140.71168369
451,131.052939158,155.322541687,10.4156792859,12.0268251783,86.8811970622,109.501705329,23.6994740226,46.2589358376,30.9456646915,23.1631716976,25.4143112347,46.549611087,228.553345038,260.995277769,17.0763665929,19.8970182011,5.82669075934,8.71420751709,64.4180779208,82.8414090524,550.830182897,678.207188125,506.198045345,632.677596563,10.7345702478,11.9145571496,35.9209184067,42.655006562,112.038304726,141.521799354
452,128.706412743,153.097978948,12.9131214511,14.5239204232,89.2726578996,112.074423007,23.6994740226,46.2589358376,30.9456646915,23.1631716976,25.4143112347,46.549611087,232.158605939,263.993623364,20.8237036369,23.6621740495,5.85182777744,8.8310716509,62.2370156797,81.9352048788,528.295548047,656.27769089,510.7987484,637.306740719,9.56332955989,10.430207408,26.6877922293,32.2694918856,88.0309315948,111.032957959
453,126.733056529,150.98511942,12.9221478946,14.5328767674,89.653208563,112.649044766,23.6994740226,46.2589358376,30.9456646915,23.1631716976,25.4143112347,46.549611087,233.722947034,264.012838938,20.8279431461,23.6455984265,5.89624473061,8.90990052758,62.3691185215,81.9198659089,533.939191501,663.737829374,511.657986861,638.525284837,9.69084874313,10.4073367696,26.8001994174,32.7290006799,88.1929899024,111.646383769
454,135.326391914,159.390898048,13.7001143649,15.3108146727,90.1810153037,113.266899514,23.6994740226,46.2589358376,30.9456646915,23.1631716976,25.4143112347,46.549611087,234.671343111,264.262478025,21.2214990331,24.0590026827,5.90706595609,8.94175744282,63.5622980178,82.859589151,536.042179281,666.510020395,512.747352332,639.790532414,9.78965623761,10.459873596,26.793776644,32.7426087622,89.3765297612,112.137810659
455,145.113311617,169.068286779,13.2454239882,14.8558337026,90.2756643573,113.362642074,23.6994740226,46.2589358376,30.9456646915,23.1631716976,25.4143112347,46.549611087,235.231386976,265.116971954,21.1478273469,23.9773816576,5.92040464628,9.00197614366,63.6198433507,82.8272960208,536.673901074,667.357207855,513.93443949,641.074481022,9.82203281822,10.4503867995,26.842149242,32.7444940771,88.8329123333,111.817503828
456,134.091303563,158.101916798,13.1731441209,14.7836261233,89.9197559158,112.967396247,23.6994740226,46.2589358376,27.6992525542,21.0543047759,25.4143112347,46.549611087,234.742460842,264.0925635,20.8897979579,23.717757825,5.60414389326,8.65289675627,64.3636918678,82.4901237265,512.151504869,642.965022593,493.143302888,620.377100782,9.61623350679,10.2227335036,26.8278873108,32.5651214369,88.0096537763,110.905807527
457,131.646735725,155.787433861,12.9257680494,14.5358959054,89.9046687748,112.969012264,23.6994740226,46.2589358376,27.6992525542,21.0543047759,25.429259605,46.549611087,234.837972058,266.353534273,20.8269445848,23.649404106,5.62043308405,8.71811363843,64.2160237669,82.4808129526,512.500299021,643.429879342,493.534907202,620.918023124,9.68507690535,10.2158401388,26.968080649,32.590454787,87.8885616111,110.954143784
458,132.730996922,156.85441089,12.9415959337,14.5518140119,88.0492924673,110.992993685,23.6994740226,46.2589358376,30.9456646915,23.1631716976,25.4804660611,46.549611087,231.940379499,267.802241757,17.0963753883,19.9206754569,5.95766169829,9.17548984913,63.8131554307,83.6093822002,537.521876273,668.487174326,510.537159383,638.081568365,9.66083147556,10.1343350096,27.2755949294,33.0097782122,83.1257029674,106.318137677
459,131.22823946,155.410023506,12.9396668109,14.5501638804,87.5439450053,110.339002463,23.6994740226,46.2589358376,30.9456646915,23.1631716976,25.4143112347,46.549611087,230.487200947,262.066361713,17.0906564606,19.9129885373,5.90295509204,9.12483861571,63.4960437003,83.5670937904,533.183455405,662.760225336,510.156449438,637.572501015,9.4917874211,10.1514700697,26.9374214391,32.5258529942,82.1714236487,104.685733898
460,129.019198024,153.17826195,10.4421077269,12.0535172229,87.4989257316,110.020847439,23.6994740226,46.2589358376,30.9456646915,23.1631716976,25.4613242814,46.549611087,229.366598537,265.971138944,17.0905718806,19.916200054,5.93202040253,9.20425823384,60.5511093703,81.7960152307,529.571160447,659.454946587,509.847106852,637.204631199,9.53193395694,10.0795628368,27.1466828362,32.701964488,81.9955317586,104.639183364
461,128.699617858,152.858519629,10.4328108838,12.0438349642,86.9967125036,109.441554784,23.6994740226,46.2589358376,30.9456646915,23.1631716976,25.4143112347,46.549611087,228.709403143,261.020915235,17.0874300645,19.9117522706,5.86956742414,9.05423720842,61.4036035814,81.7750018753,527.534574945,655.018196082,509.433272861,636.573808361,9.2426282352,10.1115947786,26.5502846293,31.9015706757,81.2125830003,102.891537406
462,126.579478937,150.736603934,10.4228074342,12.0358868249,85.5798834986,107.841608536,23.6994740226,46.2589358376,30.9456646915,23.1631716976,25.4143112347,46.549611087,224.110425673,257.09164985,17.0758389219,19.9017189091,5.89981063023,9.07640873556,60.2117463731,81.7584100541,525.672926385,652.638395435,509.186287306,636.265942858,10.0586670775,10.8010756152,26.6502527044,31.7495675615,81.1537590901,102.273176178
463,126.481507266,150.624133046,10.4194338393,12.0323732837,85.3426832616,107.507947085,23.6994740226,46.2589358376,30.9456646915,23.1631716976,25.4143112347,46.549611087,223.637636024,257.077096379,17.0755764046,19.899911705,5.90363401898,9.1022361978,59.9419514217,81.7458380041,524.784401681,651.507391285,508.793151183,635.775832928,10.0878855272,10.8099434739,26.6732845717,31.7519851081,81.2074719291,102.047222477
464,126.255759444,150.388146854,10.3758629541,11.9885925042,84.7390904,106.85410242,23.6994740226,46.2589358376,30.9456646915,23.1631716976,25.4143112347,46.549611087,220.507737885,254.563356524,20.7875519075,23.6226557137,5.87916975892,9.05420916384,61.4543928749,83.1689189887,547.378530353,673.620195075,511.558331602,638.376269459,13.7910675434,14.5361096255,28.7744616204,33.5647935522,95.1637791941,116.556953905
465,126.059519275,150.197805755,10.3749782944,11.9871136434,84.540408111,106.568535172,23.6994740226,46.2589358376,30.9456646915,23.1631716976,25.4143112347,46.549611087,220.143278319,254.551215284,20.7877455773,23.6062690967,5.83439667377,8.90437825211,64.3939250068,83.1403828648,546.357233553,672.383213059,511.33765442,637.966479576,13.5644884331,14.5741598123,28.2946245932,32.5769987292,94.1458492591,114.713931991
466,132.739876428,158.294025389,14.13877458,15.9673644269,66.963999071,89.8669483249,29.4419740226,53.0084358376,14.7962210185,12.7514776956,29.5473112347,51.547111087,188.909211284,225.593943882,22.9040352737,26.1591826226,4.77174340928,6.94702637837,68.866497848,83.4977266759,514.692529117,620.570289275,518.661446723,647.967788763,19.1468742251,20.1866781662,38.9296400386,45.9521099931,119.582612248,143.348457249
467,132.548447863,158.128823675,14.1433923139,15.9704350949,66.9642486296,89.8746467978,29.4419740226,53.0084358376,14.7065362507,12.3114006041,29.5501189775,51.547111087,188.883955916,225.59686174,22.9088912496,26.1479134554,4.77857231111,6.94702637837,70.4793918836,83.4977266759,514.63111324,620.494028472,518.459210553,647.734111861,19.116173538,20.2072291069,38.912197071,45.8008136402,119.70571445,143.087267137
468,140.212485269,159.261459062,14.1429876501,15.9707834136,66.7425144947,89.5508636933,23.5195794158,40.4976189238,7.97819529658,8.37935710337,23.2498105282,39.8256426649,188.586265164,225.600242619,22.906273383,26.1486395056,3.94673536568,5.67628908197,54.5754773515,61.6945101476,414.111034058,494.789951108,381.90132668,481.951130282,20.2145327071,21.2390489939,42.4826162597,52.2516259433,146.598415132,182.257120524
469,121.136792738,140.164430813,14.1430117107,15.9706661264,66.7199848704,89.5193598957,23.5195794158,40.4976189238,7.70791213723,7.60952705701,23.2688334031,39.8356468085,188.607057391,225.599865618,22.9127960567,26.149189944,3.95269793667,5.67628908197,55.4799527435,61.7328355427,414.158355026,494.853837392,381.408343882,481.270124234,20.2027603637,21.2481194839,42.73549604,52.5607625478,147.409061256,183.112595212
470,120.836388658,139.876381113,14.1423663843,15.9702939634,66.5032794643,89.2007630974,23.5195794158,40.4976189238,8.04835343541,8.5140518697,23.2951207444,39.8792458793,188.280008752,225.58603951,19.1631412299,22.40506413,3.94673536568,5.67628908197,54.6439116566,60.4101145432,401.042585152,481.458419706,377.024139566,476.775233534,19.6817924781,20.7826630803,44.3505586167,56.166344508,151.116610378,194.405301603
471,120.551587925,139.62026773,14.141569543,15.9696927212,66.4835499178,89.1735154148,23.5195794158,40.4976189238,7.731157585,7.63797840292,23.2987960691,39.8941813112,188.296947724,225.585199631,19.1558346134,22.3982334146,3.94673536568,5.67628908197,54.5243917051,60.4101145432,401.068614983,481.495501689,376.437248128,476.01646033,19.6762639168,20.7852552961,44.4573068117,56.3724133557,150.997845841,194.507191019
472,108.243963136,125.33472649,11.6414771163,13.4693232283,66.485700257,89.1767230443,21.2458355762,36.0277343152,8.07652532966,8.54303992844,20.8030443524,35.6126441909,188.277007621,225.587082689,19.1545194546,22.3968813264,3.67173268448,5.17842177437,49.0495951696,49.3147865542,326.281105173,381.772003672,309.090056042,391.856457045,19.4142853849,20.5774080972,49.3302436348,62.1534238232,164.101473652,211.980672842
473,107.220641381,124.209473136,11.6367749567,13.4648672065,66.2710666558,88.8605418373,21.2458355762,36.0277343152,7.7476572214,7.65093486034,20.8135345083,35.6300416373,187.961288427,225.591049796,19.1527349095,22.3952091353,3.67173268448,5.17842177437,49.6028377944,49.3147865542,325.399094654,380.612947604,308.645513195,391.299147589,19.384874399,20.5964368763,49.3421835773,62.2278013514,163.990538003,212.014429036
474,76.8422168756,87.2255658307,11.6151709029,13.4436340042,27.7588965377,32.697958108,11.1888245912,16.5881061292,8.11197517973,8.59603677633,10.3468034075,14.8064488759,58.8602343087,65.4270059837,19.130489108,22.3732171915,3.67173268448,5.17842177437,49.1290829473,48.672588752,313.208848429,368.433105983,288.499932999,370.954402875,16.6209998825,17.8803241454,46.6450033257,58.4414608204,152.512588759,196.606560003
475,77.3559871146,87.6550390554,11.6145257826,13.4426959279,27.770534531,32.707900516,11.1888245912,16.5881061292,7.75528925125,7.6594256333,10.3468034075,14.8064488759,58.8874511138,65.4500843053,19.1289416223,22.3715327997,3.67173268448,5.17842177437,49.3168260185,48.672588752,313.157686698,368.366937181,288.21501074,370.562364741,16.5927658264,17.8972312613,46.7409530082,58.5294455265,153.209744571,198.10173363
476,55.6277276745,58.5228225128,11.6138263339,13.4421960438,27.7775312384,32.7201052703,7.5534996038,9.6585699883,8.1381179565,8.64642001491,6.28484183022,8.04812819733,58.902348768,65.4698297932,19.1270172396,22.3697188484,2.526513406,2.9808780324,20.8083001057,23.8378400826,174.678389553,192.305071333,254.450329943,314.260017782,13.0280230092,14.4745094982,33.4611234515,43.068707117,119.644131415,156.991670315
477,55.9962570461,59.0059549551,11.6126572776,13.4410443107,27.7826413574,32.7230213497,7.5534996038,9.6585699883,7.75962741706,7.66308172458,6.28484183022,8.04812819733,58.9140937913,65.4796418395,19.1247840107,22.3676040446,2.526513406,2.9808780324,20.8083001057,23.8378400826,174.678389758,192.305071533,254.312117436,314.105576394,12.9863027335,14.4970432734,33.2189056352,42.7592171041,119.074310827,155.721631059
478,72.8343122191,76.3016070714,12.4277968838,14.2563887666,28.1577880794,33.0960625613,7.5534996038,9.6585699883,8.15656013101,8.66159875113,6.28484183022,8.04812819733,59.3206721363,65.8822367756,19.5546976886,22.7978413114,2.3890120654,2.7319443786,19.4680920998,21.7341120883,149.996010074,161.392600883,254.370865018,314.077184377,9.94500268802,11.6035156285,22.2779390529,28.5453887769,84.5224588997,108.316341093
479,70.7829469762,74.2595372719,11.943267436,13.771959446,28.1264568023,33.0602380575,7.5534996038,9.6585699883,7.76650032184,7.67069221804,6.28484183022,8.04812819733,59.4324515127,65.9886010578,19.4557012773,22.6988735892,2.3890120654,2.7319443786,19.4680920998,21.7341120883,149.996010038,161.392600937,254.393085602,314.070239245,9.92906244055,11.6320930375,21.957535987,28.1022203076,83.6764819171,106.240632646
480,60.90029435,64.5505459462,7.07133411899,8.15728640089,27.7913899053,32.7242000027,7.5534996038,9.6585699883,8.174891004,8.68497951819,6.28484183022,8.04812819733,58.9301938599,65.482678601,11.1625587476,13.8965788706,2.3890120654,2.7319443786,19.4680920998,21.7341120883,143.884911402,155.2815023,248.00464142,307.607565113,8.0441080579,9.82037132984,19.1608988624,24.2678130121,64.3172175039,72.0614659452
481,55.5179806069,59.7503354156,6.86291033754,7.94970334658,27.7941123463,32.7246002252,7.5534996038,9.6585699883,7.77023141739,7.67373607883,6.28484183022,8.04812819733,58.9357521076,65.4842881415,11.1355123663,13.8669393731,2.3890120654,2.7319443786,19.4680920998,21.7341120883,143.88491137,155.281502267,247.899738823,307.516016328,8.03394063498,9.84126619685,18.9971164221,24.0853369294,63.899744114,72.2764511026
482,53.7986401787,58.3873231924,4.82866807936,5.29135437075,27.7940554802,32.7239634765,7.5534996038,9.6585699883,8.18490210304,8.69020980535,6.28484183022,8.04812819733,58.9361924216,65.48370647,7.41015054499,7.99247888998,2.3890120654,2.7319443786,19.4680920998,21.7341120883,143.884911405,155.2815023,247.83807457,307.439571609,7.7355594664,9.56939173515,18.0254946702,22.6747466008,59.996874438,67.0666984449
483,53.4271211723,58.3515279905,4.85549564252,5.29913522626,27.7937426415,32.7246236589,7.5534996038,9.6585699883,7.77432092321,7.67734509824,6.28484183022,8.04812819733,58.9365656242,65.4856915234,7.43902793011,7.99596248569,2.3890120654,2.7319443786,19.4680920998,21.7341120883,143.884911378,155.281502272,247.985163751,307.623371291,7.73479835273,9.57877170175,17.887178275,22.5358957603,59.9488009464,67.6688785551
484,53.0740765055,58.3219744526,4.85748480991,5.29645777551,27.7925945048,32.7243958787,7.5534996038,9.6585699883,8.19962689398,8.69361074056,6.28484183022,8.04812819733,58.934944291,65.4856282849,7.43641131465,7.99063000447,2.3890120654,2.7319443786,19.4680920998,21.7341120883,143.884911419,155.281502312,248.034435937,307.684927529,7.58751615256,9.44265599304,16.859863954,20.925113571,55.8245949791,61.9738033574
485,52.7601324133,58.2960462709,4.86378529304,5.29585240963,27.7917789979,32.7241669296,7.5534996038,9.6585699883,7.77813589849,7.68100061329,6.28484183022,8.04812819733,58.9338784751,65.4855373326,7.44331795072,7.98936993969,2.3890120654,2.7319443786,19.4680920998,21.7341120883,143.884911397,155.281502289,248.06565709,307.726463678,7.58707034237,9.45277282111,16.7962281532,20.8196977375,55.6703905377,62.0828743928
486,52.4939369744,58.2771936402,4.86697632774,5.29464794204,27.7908950513,32.7238029398,7.5534996038,9.6585699883,8.21049454502,8.6993462467,6.28484183022,8.04812819733,58.9326214038,65.4851415238,7.44628333256,7.98748904499,2.3890120654,2.7319443786,19.4680920998,21.7341120883,143.884911444,155.281502335,248.08730119,307.754070142,7.5134071004,9.38267696976,16.7602091234,20.7582284192,55.5530513263,62.2207248439
487,52.3181104575,58.3177289891,4.87056667599,5.29438299903,27.7909421722,32.7242273129,7.5534996038,9.6585699883,7.77972094779,7.68126668264,6.28484183022,8.04812819733,58.933218844,65.4863163342,7.45004101488,7.98679442199,2.3890120654,2.7319443786,19.4680920998,21.7341120883,143.884911425,155.281502315,248.304720135,308.017600299,7.51101735695,9.38907441313,16.692782131,20.6795054285,55.6542710769,62.987324804
488,55.6643282118,61.8564623108,4.94910971042,5.37026622141,27.9043732166,32.8381623749,7.5534996038,9.6585699883,8.22116574703,8.68203892245,6.28484183022,8.04812819733,59.1606143196,65.7145427438,7.52873202977,8.06230815459,2.3890120654,2.7319443786,19.4680920998,21.7341120883,149.996010378,161.392601267,293.564437646,375.760094712,8.5521837155,10.4264466233,17.4616216956,21.4300463172,58.8415586673,66.3511636523
489,55.5121374547,61.8674898458,4.95088855557,5.36957296842,27.9037132237,32.8374519878,7.5534996038,9.6585699883,7.78328620935,7.68508464716,6.28484183022,8.04812819733,59.1596867083,65.7140195127,7.53068574295,8.06127195828,2.3890120654,2.7319443786,19.4680920998,21.7341120883,149.996010363,161.392601251,293.667998135,375.917327943,8.55206824236,10.4352201807,17.4238147,21.3714124464,58.8336133594,66.621879881
490,55.1628194149,61.6484694394,6.97962501329,8.0220919765,27.8955231917,32.829207491,7.5534996038,9.6585699883,8.23675174518,8.69977526974,6.28484183022,8.04812819733,59.1437197099,65.6985774676,11.2504623329,13.9558910399,2.526513406,2.9808780324,20.8083001057,23.8378400826,174.679095667,192.305777455,294.528849423,376.863180005,10.8295565576,12.6893856492,21.2752238827,26.3045618084,72.5957488745,84.1518649604
491,55.0007931448,61.5943277433,6.93294469816,8.02169147979,27.8939077832,32.8275094848,7.5534996038,9.6585699883,7.78576238746,7.68771539188,6.28484183022,8.04812819733,59.1407731906,65.6959981416,11.2010042975,13.9334938302,2.526513406,2.9808780324,20.8083001057,23.8378400826,174.679096083,192.305777878,294.516001048,376.923643123,10.8353483852,12.6820765382,21.3307706595,26.3618596191,72.7076275174,84.3345964543
492,76.0958853159,90.114864843,14.1761305861,16.0079002593,34.099427991,40.6764782889,10.78927907,15.6885443485,9.43586759362,11.7712363241,9.45399224587,16.2861778802,99.4548686657,118.644911337,19.1950375151,22.4431927677,3.42084552292,4.68055446677,48.7925577407,37.5772607629,250.596711313,280.96737567,409.542000685,519.929615354,13.5087394945,15.3271753498,37.5225072817,44.4112167735,121.943623652,140.993972349
493,77.1447239167,89.5113515396,14.1850907132,16.0114317715,34.0823964917,40.6234904819,10.78927907,15.6885443485,9.43586759362,11.7712363241,9.43397326258,16.3088164694,99.2724624632,118.472330099,19.189391878,22.4434633076,3.41944894869,4.68055446677,49.7146590809,37.5926490388,250.408659842,280.671434629,410.166649165,520.761167398,13.5435229644,15.2944937981,37.9058438223,44.8055188413,122.804404936,151.497290017
494,77.9574438023,88.3303954869,12.8977496775,14.5088785109,61.914164393,83.4732716337,8.68210405739,15.8685804894,15.2194038444,13.1246369282,9.31896498207,17.9753061433,178.718749129,214.948948065,20.8145650594,23.6402720639,2.79523536568,4.29328908197,50.9431667633,42.7069035095,285.952896002,335.678019982,464.745531863,589.867427614,12.332806919,13.5440102716,44.6303221567,48.387643194,143.492727635,186.406973474
495,78.4027283521,88.2604886094,12.9012166773,14.5122981634,62.1436567733,83.8144343992,8.68210405739,15.8685804894,15.2194038444,13.1246369282,9.28978543131,17.9202010022,178.966766253,214.941578673,20.8230112176,23.648631418,2.79523536568,4.29328908197,50.0959492813,42.7069035095,286.67058213,336.620041971,465.521488478,590.889790607,12.3439060685,13.5216866821,45.0350071237,48.9168193147,144.784476985,182.599958431
496,125.341226346,141.308443618,10.4063242666,12.0170608468,84.9418586761,106.673946066,15.5033355762,29.2782343152,24.9586402561,19.4512376933,16.7152691219,30.6792547132,225.362666552,260.932650292,20.8144133329,23.6297296946,5.85643204768,8.67816380162,73.5242108821,86.8993859018,561.42775739,686.351984837,486.733040913,612.290601245,11.9867596757,13.5459289952,37.9270346574,42.2987002752,123.969197376,154.582980022
497,106.81161088,122.587459206,10.4037865148,12.0149286959,85.2189870381,107.058695539,15.5033355762,29.2782343152,24.9586402561,19.4512376933,16.7223036979,30.6615615403,226.215548189,260.960916643,20.8148394887,23.6553318149,5.83878392401,8.68578607663,73.3934173314,86.8990677605,563.608061167,689.225816901,487.742824131,613.453783419,11.9713924847,13.5219119414,37.7182508121,42.7451047795,123.981773361,153.218869573
498,130.123466169,154.479508566,10.4107355699,12.0211146418,85.4470788318,107.399721,23.6994740226,46.2589358376,30.9456646915,23.1631716976,25.4339214084,46.549611087,226.961999294,260.991887802,17.0774311884,19.9058754173,5.83383736329,8.74385233949,64.3040743753,82.7699319655,547.240590964,673.475229542,505.327087695,631.283167997,10.6865346641,12.0104896318,35.6618421315,41.929921778,111.42840178,140.436911179
499,130.611878074,154.91215825,10.4113912662,12.0224417224,85.6530372526,107.694184253,23.6994740226,46.2589358376,30.9456646915,23.1631716976,25.4457022954,46.549611087,227.057531841,260.989186761,17.0724255056,19.8926073711,5.82680135805,8.73223701592,64.4612378446,82.7760748166,547.547413058,673.880298963,505.920630031,632.061515642,10.6549017252,11.9893224587,35.6260496949,42.203269228,111.062292998,139.856513531
500,128.314802185,152.745232205,12.9078187184,14.5187900314,88.109750475,110.363184163,23.6994740226,46.2589358376,30.9456646915,23.1631716976,25.4143112347,46.549611087,231.461856282,263.985607882,20.8207652406,23.6572683008,5.83378769019,8.76453567911,61.318320477,81.8820367901,527.19566005,654.821935116,510.616379719,637.125651714,9.44139555972,10.4856304978,26.3507746179,31.7066180272,87.4670988899,109.623599469
501,126.417764566,150.68919203,12.9171278194,14.52797118,88.5734628765,111.053127602,23.6994740226,46.2589358376,30.9456646915,23.1631716976,25.4143112347,46.549611087,232.956804115,264.004581241,20.8265346443,23.6411965137,5.82269154,8.72558572237,62.9914041644,81.8245113402,531.618292985,660.665542071,511.876376234,638.728123563,9.2816092643,10.4702627604,25.8490568454,31.3627144724,87.4091494077,109.145564706
502,135.382541666,159.462050424,13.6989839499,15.3100966368,89.0572085996,111.623226156,23.6994740226,46.2589358376,30.9456646915,23.1631716976,25.4143112347,46.549611087,233.420951977,264.264224362,21.2215950273,24.057402004,5.85767400936,8.79925267885,63.0496517588,82.8007150124,532.300101566,661.570342022,512.942467347,640.037844077,9.54825228569,10.5236144002,26.2145313755,31.6787083137,87.6543955577,109.246088936
503,144.834393079,168.730895396,13.2362161957,14.8472031016,89.3791996609,112.054793739,23.6994740226,46.2589358376,30.9456646915,23.1631716976,25.4143112347,46.549611087,234.629265401,264.623296439,21.1407327796,23.9692586141,5.86260708198,8.79733688566,63.2293578828,82.7812149433,534.952360413,665.078255597,514.366654041,641.722849707,9.57767740664,10.5130093938,26.2406829468,31.7033454425,87.7272915114,109.489322888
504,134.073883936,158.096994594,13.1669683749,14.7777489653,89.2295359652,112.002272762,23.6994740226,46.2589358376,27.6992525542,21.0543047759,25.4143112347,46.549611087,234.887768163,264.047331567,20.882057676,23.7123567933,5.61792427091,8.62646277212,63.764519288,82.464975005,512.675268819,643.648839419,494.067934842,621.537748719,9.59700831887,10.2792805948,26.7272653418,32.2615460828,87.7655308576,110.060582031
505,131.846237418,156.006526292,12.9232268527,14.5334216962,89.4766095927,112.34824504,23.6994740226,46.2589358376,27.6992525542,21.0543047759,25.415571914,46.549611087,235.798059677,267.666724322,20.824754,23.6459054571,5.63860368521,8.68850073761,63.5682983645,82.4881924581,515.514032092,647.403831852,495.009643368,622.981861896,9.71744549681,10.260276081,26.998895579,32.6455787133,88.2332659258,111.26129986
506,132.997180343,157.143398483,12.9400313896,14.5497589359,87.5108689074,110.373194659,23.6994740226,46.2589358376,30.9456646915,23.1631716976,25.4202044651,46.549611087,233.015885285,264.86380687,17.0945299699,19.9172671448,5.9253496809,9.08533870524,63.3211996354,83.6567224126,541.029367253,673.119444979,512.265250381,640.427129891,9.56610698205,10.178226227,27.0070353203,32.8311122533,83.3165642425,106.203337219
507,131.752387529,155.961424922,12.9389147507,14.5489243722,87.3069901459,110.027418177,23.6994740226,46.2589358376,30.9456646915,23.1631716976,25.4143112347,46.549611087,232.362220624,262.95859524,17.0903506042,19.910900512,5.91339058923,9.07625645547,62.9015693938,83.6214071181,539.122728657,670.60368385,512.378489589,640.577395023,9.50140865903,10.1817754919,26.8746447302,32.5693332497,82.8255625945,105.325856713
508,129.561127532,153.749187803,10.4416379441,12.0525852246,87.1912763991,109.776623862,23.6994740226,46.2589358376,30.9456646915,23.1631716976,25.4282598871,46.549611087,232.377925341,265.126410758,17.0902880353,19.9143300502,5.92568820636,9.15639351866,60.2780616861,81.8474028982,539.153552768,670.933298508,512.676268428,640.977367522,9.50620278573,10.1088664809,27.0162800089,32.6461753652,82.9413689769,105.525949782
509,129.48365855,153.676143315,10.4333300206,12.0447796623,87.0336545328,109.506804156,23.6994740226,46.2589358376,30.9456646915,23.1631716976,25.4143112347,46.549611087,232.349783837,263.890230106,17.0873708164,19.9112228649,5.92185760258,9.14513155304,60.0526153415,81.8309658081,539.245919533,671.250898961,512.863829734,641.225957366,9.47703256196,10.1167762822,26.9653633199,32.5466862207,82.919811953,105.392442403
510,127.586149045,151.78188121,10.425594211,12.038023554,85.8350733966,108.220738412,23.6994740226,46.2589358376,30.9456646915,23.1631716976,25.4143112347,46.549611087,228.394994678,257.27092875,17.0784520319,19.9028098073,5.89660318654,9.10357543634,60.1804264338,81.7920524705,539.319567551,671.492588898,512.971340378,641.361545177,10.078460467,10.8090907726,26.6660289685,31.9913932296,82.7219649805,104.794059945
511,127.623608599,151.785487737,10.4218707739,12.0355174507,85.6377723653,107.929753096,23.6994740226,46.2589358376,30.9456646915,23.1631716976,25.4143112347,46.549611087,228.327394908,257.216981391,17.0775390167,19.9016787418,5.89291881851,9.07095498546,60.1611247744,81.751432196,539.457054091,671.726299435,513.098967869,641.535365906,10.0287513362,10.823971609,26.5204201443,31.6839253495,82.5144783662,104.149279638
512,127.642556233,151.768443156,10.3802015143,11.9927156146,85.2283915468,107.587247028,23.6994740226,46.2589358376,30.9456646915,23.1631716976,25.4143112347,46.549611087,225.755114274,254.574657692,20.7918895751,23.6268460018,5.86485728951,8.99352364644,62.2903719717,83.1696730637,563.922673469,696.336581144,516.363308054,644.795237082,13.7136874341,14.5503872679,28.5992044309,33.3231236444,96.7158376516,118.831491856
513,127.593517208,151.716087816,10.3797080183,11.9918318463,84.9785347912,107.225324092,23.6994740226,46.2589358376,30.9456646915,23.1631716976,25.4143112347,46.549611087,224.985424999,254.564864128,20.7923106108,23.6097803284,5.83315430453,8.87262482266,64.653367469,83.1489164484,561.734540221,693.42579973,516.275980097,644.646193125,13.5691570291,14.5839131765,28.2808527921,32.5036116632,95.7522844088,116.558112853
514,134.3392108,159.892164128,14.1436531296,15.9726209787,67.6293546475,90.8596320191,29.4419740226,53.0084358376,14.7980729313,12.7393657346,29.5473112347,51.547111087,194.043748891,225.609021875,22.9079457417,26.1642095823,4.77174340928,6.94702637837,69.4835995239,83.4977266759,530.424973847,641.806144918,523.953542538,655.03227014,19.1494740694,20.1874962028,38.9309819081,45.9581713611,121.266206344,145.481172217
515,134.198909102,159.816663172,14.1487540092,15.975975885,67.6711496982,90.929795496,29.4419740226,53.0084358376,14.7065362507,12.3114006041,29.5581224184,51.547111087,194.715734574,225.610860424,22.9146161307,26.1520455764,4.78777595827,6.94702637837,70.3550367505,83.4977266759,532.479681578,644.41537012,524.257363034,655.434888579,19.1415047371,20.2019274734,38.9831916987,45.8981759936,121.70101256,145.392628398
516,141.908282917,160.984298028,14.1497345682,15.9773983005,67.675597851,90.9377479968,23.5195794158,40.4976189238,7.97834439101,8.32168752903,23.2592508572,39.8256426649,194.750866235,225.615704328,22.9114391385,26.1536120826,3.94673536568,5.67628908197,54.571309393,61.6945101476,432.785159709,519.696224704,387.223999584,488.646560495,20.2366535457,21.2271679116,42.5537966374,52.3932201345,148.670924126,184.793995544
517,123.124930431,142.13689893,14.1509364562,15.9786777773,67.9267620971,91.3111604376,23.5195794158,40.4976189238,7.70791213723,7.59820809857,23.2716752442,39.8390248846,195.541093089,225.616412189,22.9193492929,26.1552920412,3.95361421931,5.67628908197,55.474219168,61.6945101476,435.251381833,522.897149209,387.51316215,488.948525965,20.2442855864,21.2257691482,42.8595298733,52.7902392317,149.437811724,186.620233173
518,126.665376074,145.690325674,14.2291386388,16.0568814382,68.0458314783,91.4325214703,23.5195794158,40.4976189238,8.04244475779,8.40089476307,23.290995104,39.875720462,195.813845827,225.834555229,19.2472539505,22.4890775023,3.94673536568,5.67628908197,54.487822728,60.4101145432,423.202001255,510.854661923,384.003166974,485.369821835,19.7440153826,20.7487553278,44.5405637131,56.5023870993,153.489403841,198.526700643
519,126.655905256,145.74031454,14.2299726213,16.0580264953,68.2970773881,91.8047805496,23.5195794158,40.4976189238,7.72291300126,7.62747337175,23.2966070805,39.8900969066,196.614094562,225.837411898,19.2414455568,22.4843935895,3.94673536568,5.67628908197,55.0036698742,60.4101145432,425.686767665,514.110308389,384.396838224,485.842963455,19.7353156591,20.7462241507,44.6428329626,56.7322054995,153.657313307,199.056193983
520,114.996179046,132.129106934,11.7255600477,13.5537937266,68.2923659703,91.8010642073,21.2458355762,36.0277343152,8.07067503672,8.41536579376,20.7982054154,35.6053621838,196.655209137,225.824605737,19.2353957083,22.4784015395,3.67173268448,5.17842177437,49.4221636174,49.3147865542,351.1404777,414.684242304,317.43679121,402.117536036,19.4803173392,20.5345968143,49.5714104351,62.5993754491,166.477777982,215.728969178
521,113.78846674,130.792843307,11.723126982,13.5514576955,68.5458495039,92.1765474947,21.2458355762,36.0277343152,7.74162439094,7.63713028882,20.8040598113,35.6165531941,197.494159113,225.827201696,19.2356105686,22.4787441937,3.67173268448,5.17842177437,50.1927038949,49.3147865542,353.837781154,418.233999363,317.916379584,402.756566678,19.4678133145,20.5340665945,49.6333868897,62.7267716584,166.867859999,216.5278714
522,82.2458590052,92.6142028344,11.6849325646,13.5135296436,27.8560318684,32.7962141884,11.1888245912,16.5881061292,8.09306051154,8.41719728515,10.3468034075,14.8064488759,59.057093791,65.6247150073,19.1965098145,22.4397131073,3.67173268448,5.17842177437,49.923437975,48.672588752,341.908703879,406.38953461,298.353120427,383.239655067,16.6987983166,17.812485126,46.9412653066,58.9410999669,155.09259626,201.136344727
523,82.9608125695,93.1304221404,11.6851081677,13.5137380411,27.867540263,32.8059219033,11.1888245912,16.5881061292,7.7478444559,7.64274414502,10.3468034075,14.8064488759,59.0836004046,65.647168896,19.1958698211,22.4392224156,3.67173268448,5.17842177437,50.1965473442,48.672588752,344.648653489,410.006946759,298.751801026,383.743291187,16.6795552967,17.8157745219,47.0816028568,59.0870629213,155.801419102,202.252963901
524,58.6689888581,61.4549894683,11.6294125967,13.4581446935,27.7918150045,32.7314787429,7.5534996038,9.6585699883,8.1086635116,8.41208849802,6.28484183022,8.04812819733,58.9321763621,65.4940215644,19.1387837697,22.3822029394,2.526513406,2.9808780324,20.8083001057,23.8378400826,174.678389964,192.30507173,264.98571491,327.48157935,13.1009886355,14.3869738485,33.7361777227,43.511968875,122.223231164,160.509681434
525,58.2826070749,61.3964607031,11.6284070702,13.4571729243,27.7963851318,32.7344368249,7.5534996038,9.6585699883,7.75261245359,7.6464935265,6.28484183022,8.04812819733,58.9425245589,65.5033038824,19.1369283133,22.3804620008,2.526513406,2.9808780324,20.8083001057,23.8378400826,174.678389716,192.305071486,265.262291277,327.833625921,13.0575406727,14.4063565376,33.4990774993,43.1971442524,121.789876358,158.95437807
526,74.7213022377,78.02674964,12.4371985702,14.266180351,28.1640539941,33.1008796883,7.5534996038,9.6585699883,8.1186201961,8.4308152602,6.28484183022,8.04812819733,59.3333598406,65.8919539474,19.5606752176,22.8045407847,2.3890120654,2.7319443786,19.4680920998,21.7341120883,149.996010206,161.392601092,265.993405272,328.664463298,10.0192361549,11.4940146264,22.5493328854,28.942133822,87.5963201077,112.354113982
527,73.384533588,76.8175046907,11.966730771,13.7958782931,28.1448251756,33.0778980049,7.5534996038,9.6585699883,7.75674131989,7.65012029292,6.28484183022,8.04812819733,59.4675025462,66.0219082923,19.4751145852,22.719090628,2.3890120654,2.7319443786,19.4680920998,21.7341120883,149.996010237,161.392601122,266.387881653,329.09894646,9.97567643292,11.5206532856,22.2161388091,28.4664873505,86.9319640375,109.191139856
528,63.909197789,67.5979251753,7.09241017709,8.17880154447,27.8046021955,32.7373663713,7.5534996038,9.6585699883,8.13023812375,8.45405485378,6.28484183022,8.04812819733,58.9576467708,65.5094416566,11.1757684686,13.9105612321,2.3890120654,2.7319443786,19.4680920998,21.7341120883,143.884911537,155.281502422,260.039654876,322.734198383,8.08104324595,9.70236054806,19.4310655421,24.6057936287,67.672430371,75.4210533856
529,58.4995553143,62.5391787031,6.8808760516,7.96558090612,27.8046613252,32.7381446907,7.5534996038,9.6585699883,7.75868909302,7.65113048573,6.28484183022,8.04812819733,58.9585653162,65.5114765697,11.149656376,13.8824857031,2.3890120654,2.7319443786,19.4680920998,21.7341120883,143.884911574,155.281502459,260.264084499,323.020199477,8.0591952957,9.72532169913,19.2176830069,24.3584736659,67.2235087406,76.3007786644
530,56.8756546993,61.1615013731,4.8465578042,5.30690694115,27.8022553678,32.737372126,7.5534996038,9.6585699883,8.13224324589,8.45406925267,6.28484183022,8.04812819733,58.9546064514,65.5110469867,7.42416701952,8.00784855933,2.3890120654,2.7319443786,19.4680920998,21.7341120883,143.88491155,155.281502435,260.318299279,323.088268841,7.75225922725,9.44191854639,18.2663975615,22.9637644685,63.2449159061,71.4016868959
531,56.5880150577,61.0887566763,4.8697813771,5.31577821113,27.8015985149,32.736734527,7.5534996038,9.6585699883,7.76028706926,7.65201384459,6.28484183022,8.04812819733,58.9539542755,65.5120524722,7.4511938089,8.01211430354,2.3890120654,2.7319443786,19.4680920998,21.7341120883,143.884911594,155.281502478,260.35191753,323.133629251,7.74509818825,9.45112044292,18.1317947029,22.8296198435,62.9157556742,71.5058916656
532,56.3394567551,61.0409852644,4.87173822373,5.31284541852,27.8006046973,32.7358138468,7.5534996038,9.6585699883,8.13362547084,8.45825289701,6.28484183022,8.04812819733,58.9524137828,65.5119270865,7.44880407398,8.00671091116,2.3890120654,2.7319443786,19.4680920998,21.7341120883,143.884911574,155.281502458,260.373551003,323.165344709,7.58988690164,9.31507920179,17.0315524514,21.1992412842,58.7400283015,65.6647096215
533,56.1221953596,61.0060742119,4.87756303257,5.31260930555,27.799770413,32.7350533513,7.5534996038,9.6585699883,7.76278460886,7.65419107676,6.28484183022,8.04812819733,58.951195003,65.510461239,7.45558428468,8.00596093642,2.3890120654,2.7319443786,19.4680920998,21.7341120883,143.884911624,155.281502507,260.392778175,323.192769668,7.58434901827,9.32217652723,16.9524753849,21.0922705535,58.5889695689,65.6045829815
534,55.9053432887,60.9834576123,4.88060051776,5.31155399033,27.7990499086,32.7343908302,7.5534996038,9.6585699883,8.1398752892,8.46906351163,6.28484183022,8.04812819733,58.9500630287,65.5090928475,7.45857667958,8.00429349475,2.3890120654,2.7319443786,19.4680920998,21.7341120883,143.884911608,155.28150249,260.403651835,323.213086569,7.50691848137,9.26301392758,16.8826124892,20.9800683091,58.4496643343,65.479314203
535,55.6755991224,60.9679240125,4.88341195453,5.31083644577,27.7981788935,32.7335660726,7.5534996038,9.6585699883,7.76617678827,7.65834012773,6.28484183022,8.04812819733,58.9486652998,65.5074606801,7.46167988116,8.00315243154,2.3890120654,2.7319443786,19.4680920998,21.7341120883,143.884911663,155.281502545,260.409606691,323.223103595,7.50657897885,9.26606608127,16.851464376,20.9114762594,58.36642331,65.3746093567
536,59.052820572,64.5342139234,4.96101102795,5.38767088152,27.9139830804,32.8493690974,7.5534996038,9.6585699883,8.14976158402,8.48558382789,6.28484183022,8.04812819733,59.180456846,65.7390199689,7.54083087596,8.07961564317,2.3890120654,2.7319443786,19.4680920998,21.7341120883,149.99601055,161.392601432,305.453658721,390.727188739,8.5442969739,10.3114216565,17.5858699734,21.6246071976,61.5723389419,68.5226884472
537,58.8947620631,64.5293932866,4.96027461568,5.38704304913,27.9131179895,32.8485006536,7.5534996038,9.6585699883,7.76944267612,7.66155200187,6.28484183022,8.04812819733,59.1790050319,65.7373543161,7.53967202448,8.07869009879,2.3890120654,2.7319443786,19.4680920998,21.7341120883,149.99601061,161.392601492,305.621073025,390.938733957,8.54494394202,10.3116452337,17.5728419322,21.5888735462,61.605720837,68.5379090394
538,58.5227517341,64.2950076171,6.9875436096,8.0396351144,27.9051566633,32.8405087534,7.5534996038,9.6585699883,8.15804374453,8.50363092677,6.28484183022,8.04812819733,59.1632386739,65.7213628737,11.2577977193,13.9733518714,2.526513406,2.9808780324,20.8083001057,23.8378400826,174.679096453,192.305778212,306.336779057,391.761099763,10.8332384897,12.5612239756,21.4321597156,26.5552477283,75.4365787622,85.9233560453
539,58.4043665877,64.2917640653,6.94856190507,8.03741705572,27.9045971968,32.839930055,7.5534996038,9.6585699883,7.77046716758,7.66149751035,6.28484183022,8.04812819733,59.1622398117,65.7201635068,11.215783246,13.9495929048,2.526513406,2.9808780324,20.8083001057,23.8378400826,174.679095962,192.305777728,306.222332199,391.614440536,10.8449445676,12.5500617433,21.4716173191,26.6303308565,75.483865566,85.9672728203
540,79.5013030007,92.7904138226,14.1935799732,16.0238140915,36.6878348537,44.477130319,10.78927907,15.6885443485,9.43586759362,11.7712363241,9.42340402991,16.2308541325,109.834925897,118.505100872,19.2130986476,22.4633569657,3.43236934529,4.68055446677,47.8885680578,37.6092588347,283.413978312,323.831513416,421.176451921,534.633610744,13.5315708985,15.1895461193,37.9810057905,44.9510616745,125.049965027,143.047998455
541,80.6188409744,93.0481321196,14.2036448996,16.031595614,36.8935388626,44.75910323,10.78927907,15.6885443485,9.43586759362,11.7712363241,9.40128130215,16.2410038508,110.605032903,118.406803442,19.2044556737,22.4614528382,3.43037109117,4.68055446677,48.7659245872,37.6280669006,283.693328652,324.194073025,421.820654209,535.532925447,13.5745207589,15.1450840212,38.4320484454,45.5536915396,126.267863819,150.869007288
542,82.0877123487,92.3119774041,12.9164952107,14.5279061243,64.9503658343,87.9612555952,8.68210405739,15.8685804894,15.2194038444,13.1246369282,9.28866684689,17.9205393952,190.472551959,214.937622187,20.8328803553,23.660774204,2.79523536568,4.29328908197,50.8001570499,42.7069035095,320.244776382,380.519597732,476.401612948,604.586556129,12.3641163039,13.3853846586,45.2525565158,49.2642784784,147.084260768,180.975731497
543,82.3545119715,92.1237996669,12.9196781209,14.5312260629,65.1852078822,88.315448357,8.68210405739,15.8685804894,15.2194038444,13.1246369282,9.24495146936,17.8494572196,191.320266769,214.931170372,20.8400779628,23.6675866427,2.79523536568,4.29328908197,49.2561329051,42.7069035095,320.582974911,380.940502815,477.26366116,605.68511822,12.390745059,13.3449050082,45.7463549475,49.896708297,148.133102172,180.945984742
544,128.747933506,144.624130586,10.4233935599,12.0348252142,87.7039129923,110.755918037,15.5033355762,29.2782343152,24.9586402561,19.4512376933,16.6500249518,30.5794654407,236.81564366,260.965280445,20.8296779925,23.6441564593,5.87262032367,8.72779720055,72.3610286009,86.9680367313,594.393886791,729.441623596,498.139844697,626.607399309,12.1312610472,13.3535838553,38.6762160309,43.4384896782,126.983864229,156.046409204
545,110.162309863,125.791443723,10.4198309402,12.0320408835,87.9771164046,111.129591517,15.5033355762,29.2782343152,24.9586402561,19.4512376933,16.6349617103,30.5333903772,237.656520668,260.99127843,20.8272716022,23.6725517183,5.84905323063,8.77129875153,70.5871460893,87.0359045847,594.673061151,729.769152681,498.664834662,627.320840907,12.1979351546,13.3048240859,38.7049674338,44.2595445819,127.113395991,156.517726829
546,133.275980126,157.505345294,10.4263085798,12.0377495918,88.1534394193,111.393486172,23.6994740226,46.2589358376,30.9456646915,23.1631716976,25.4143112347,46.549611087,237.80258568,261.025396227,17.0893354059,19.921989129,5.84069197042,8.73225753139,63.8164912436,82.9083948497,576.404901103,711.509105901,515.730381282,644.55673865,10.982013173,11.8965331077,36.4838692382,43.2616809597,113.949218345,144.686305635
547,133.524716056,157.641013408,10.4265916422,12.0385170294,88.401391497,111.756114393,23.6994740226,46.2589358376,30.9456646915,23.1631716976,25.4143112347,46.549611087,238.643555689,261.023254257,17.0844024714,19.9061208987,5.8299013168,8.7709220734,63.6298217276,82.9062868351,576.723153397,711.907438605,516.345667696,645.408309294,11.0018984127,11.8874805445,36.5919922032,43.7533921449,114.282255409,145.957268947
548,131.769950158,156.001170825,12.922740009,14.5342185936,90.6544614704,114.11684988,23.6994740226,46.2589358376,30.9456646915,23.1631716976,25.4143112347,46.549611087,242.503266637,264.07674713,20.8350583488,23.6710583617,5.88846735903,8.86338995922,62.5040449753,81.9548149878,552.615723298,687.885770103,520.681856991,649.96928117,9.69292873741,10.4145421839,27.0013761766,32.7110981604,90.0649412997,114.88722987
549,129.001109232,153.09062997,12.930462536,14.5418456695,90.6406569313,114.127119728,23.6994740226,46.2589358376,30.9456646915,23.1631716976,25.4143112347,46.549611087,242.608518083,264.151342573,20.8366298917,23.6520528202,5.86633711133,8.84258209184,62.541222746,81.9303779813,552.710265278,688.009755854,521.249075603,650.708316549,9.59185375239,10.4052700546,26.6304482959,32.4248790221,89.5113933217,113.398412766
550,136.894617457,160.792125282,13.7048751407,15.3167983403,90.8719672762,114.303857072,23.6994740226,46.2589358376,30.9456646915,23.1631716976,25.4143112347,46.549611087,242.154335952,264.504899656,21.2268269297,24.0610634458,5.90262374558,8.91278860039,63.4831680546,82.8948510604,552.516656247,687.771755808,521.525282482,651.021608318,9.7883987697,10.4692956938,26.8233153698,32.4980828546,89.4911898186,112.983113194
551,146.69592224,170.557238845,13.2503771404,14.8616663362,91.0078048552,114.409828998,23.6994740226,46.2589358376,30.9456646915,23.1631716976,25.4143112347,46.549611087,242.557049659,268.710419734,21.1492773793,23.9810097315,5.94154194514,9.00850516114,63.4230460912,82.9265849696,552.525539788,687.795535513,522.385029486,651.789863273,9.94551119577,10.4620285848,27.1419181887,32.8655992664,89.6506146077,113.632994864
552,135.671808997,159.569639341,13.1785611068,14.7894215551,90.6160939238,114.019389515,23.6994740226,46.2589358376,27.6992525542,21.0543047759,25.4143112347,46.549611087,241.970497307,264.669245436,20.8944926374,23.7224405089,5.60505968506,8.68480684849,64.147823167,82.5608200517,527.633222114,662.894536977,501.283568881,630.898693675,9.63520274578,10.2372605403,26.8812283807,32.5962386696,89.0575150846,112.661524436
553,133.45846173,157.471147687,12.9310499715,14.5412198503,90.6077630042,113.907093833,23.6994740226,46.2589358376,27.6992525542,21.0543047759,25.4589753706,46.549611087,241.202601441,273.297223871,20.8397427308,23.6532836905,5.65636784483,8.75332021932,63.8086222144,82.5654448352,527.372233743,662.567043194,501.077258592,630.772413307,9.83379852851,10.229291273,27.2968325996,33.0439000794,89.0487654591,112.997511261
554,134.338079874,158.333771218,12.9465379825,14.5567730589,88.5909671999,111.707986761,23.6994740226,46.2589358376,30.9456646915,23.1631716976,25.4819557357,46.549611087,236.694706154,273.807800103,17.0975450713,19.9244434537,5.95502787302,9.225307441,63.4247182411,83.7464632709,551.828296116,687.242684931,517.292512203,646.885861734,9.7496686552,10.148450708,27.4733451125,33.3960038364,83.8789458943,107.736219057
555,132.977737744,156.958297657,12.9448583283,14.5553084292,88.4005563866,111.080461525,23.6994740226,46.2589358376,30.9456646915,23.1631716976,25.513902683,46.549611087,233.544432603,278.018339183,17.0962638677,19.9167875318,6.01223732798,9.31800788457,62.3734086939,83.7523318278,543.286542461,676.875689179,515.91446573,645.039798132,9.83244027743,10.1472972893,27.629479873,33.6003592528,83.0185598545,106.738254642
556,130.246048156,154.369405879,10.4470208169,12.0577310677,88.1506379108,110.635986442,23.6994740226,46.2589358376,30.9456646915,23.1631716976,25.5102516047,46.549611087,231.074012115,278.610967657,17.0954645475,19.9198222929,5.99340399405,9.34520644448,60.1016060147,81.945756965,535.469010958,666.53115112,514.48991679,643.335713354,9.76512368903,10.0725716213,27.5915719339,33.6001924261,82.267376354,106.077097679
557,129.418492899,153.617751535,10.4344750419,12.0462308085,87.3569096847,109.523335086,23.6994740226,46.2589358376,30.9456646915,23.1631716976,25.4849956091,46.549611087,229.472280962,274.729448343,17.0925725415,19.911044907,5.98797886063,9.349620806,59.6027684176,81.8856567045,530.832231184,660.353334385,512.415504806,640.739305311,9.70906304174,10.0841773747,27.4608795634,33.3673053476,82.3297244404,103.990678213
558,126.539374384,150.717777025,10.422873547,12.0355936979,85.3644411762,107.221987342,23.6994740226,46.2589358376,30.9456646915,23.1631716976,25.4629900436,46.549611087,224.379120861,263.926623517,17.0756190465,19.9005276238,5.97610569821,9.29356422266,59.0734679331,81.8432903365,527.318716921,655.699927752,510.165753093,637.845704453,10.3325217266,10.7821099204,27.1823791864,32.7909861357,81.983199462,101.203792555
559,125.558115402,149.699016749,10.4135121198,12.026452932,84.3526074323,106.041472146,23.6994740226,46.2589358376,30.9456646915,23.1631716976,25.4143112347,46.549611087,222.923261249,257.208113465,17.0700886729,19.8959037866,5.86979551325,9.06168535728,59.0142220288,81.777211322,523.173164968,650.113368572,508.133400605,635.228955176,10.0000154699,10.8328619972,26.4282621543,31.6225817028,80.4162190371,98.9170670962
560,124.738262281,148.848914625,10.3674358589,11.9804721447,83.3448639766,104.802124961,23.6994740226,46.2589358376,30.9456646915,23.1631716976,25.4143112347,46.549611087,218.934837911,254.546048825,20.779685877,23.6134550179,5.88580857122,9.01840700796,59.9068770308,83.1731388207,543.411357305,668.930405159,509.645369044,636.322087342,13.8086231237,14.5703187543,28.7211323067,33.375781476,94.0135315602,113.22821748
561,124.109802055,148.209342202,10.3652198836,11.9770811561,82.9348525709,104.204538925,23.6994740226,46.2589358376,30.9456646915,23.1631716976,25.4143112347,46.549611087,218.137188351,254.532606201,20.7797943297,23.5977249146,5.83384252664,8.86787835242,61.7338120129,83.1415976203,541.239621915,666.001757412,508.277168157,634.48287178,13.6224894112,14.616598584,28.2846987891,32.4137339729,92.8142067875,111.276535158
562,130.374830683,155.876052591,14.1266173287,15.9552605311,64.8795287713,86.8779545885,29.4419740226,53.0084358376,14.8230293075,12.8783864163,29.5473112347,51.547111087,185.648709754,225.573157919,22.8942338752,26.1470622412,4.77174340928,6.94702637837,66.1260766461,83.4977266759,506.484027726,609.979318635,514.722411017,643.179885195,19.1629902096,20.2471821543,38.824702088,45.7526866989,117.596737357,139.893959953
563,129.940529096,155.458158887,14.1299552891,15.9568915357,64.880671298,86.887161823,29.4419740226,53.0084358376,14.7065362507,12.3114006041,29.5641165793,51.547111087,185.650193655,225.574374347,22.8956581255,26.1367239091,4.78480953758,6.94702637837,67.6883916882,83.4977266759,474.127720629,569.723974348,513.827401345,641.942392586,19.132350598,20.2770323859,38.7993406209,45.5639254561,117.583863905,139.726348996
564,137.711194541,156.695236339,14.1292616378,15.9566369589,64.8830280133,86.8943126171,23.5195794158,40.4976189238,8.00559367628,8.63384734999,23.2655256707,39.8256426649,185.653680954,225.578455595,22.8958922168,26.1372040576,3.94673536568,5.67628908197,51.8839833966,61.6945101476,374.482373536,445.166895398,375.815707482,474.279085346,20.2175166915,21.3081027132,42.3776345724,52.0450500873,144.544389967,179.145304144
565,118.274950856,137.224948118,14.1282217653,15.9556986763,64.885441197,86.8995295893,23.5195794158,40.4976189238,7.70791213723,7.58786692168,23.2887161655,39.8639087522,185.652441343,225.5788937,22.9004580074,26.1368672754,3.94673536568,5.67628908197,53.1803622088,61.726808764,374.498017276,445.186504724,375.042299232,473.288744068,20.1908020673,21.3268588118,42.5788308068,52.3047432001,145.098422483,180.373209617
566,121.507938032,140.470917854,14.2026180082,16.030277347,64.9999026331,87.0163778409,23.5195794158,40.4976189238,8.14982664839,8.83430600448,23.3114443091,39.9077325587,185.862484658,225.791276595,19.2267857949,22.467947938,3.94673536568,5.67628908197,52.3931349612,60.4101145432,362.280913131,432.971863311,371.318668309,469.48811884,19.6821879359,20.8555528709,44.1980783663,55.9141755561,149.453839566,192.473334758
567,121.26017722,140.255533526,14.2017970606,16.0295553582,65.0017223724,87.0189035279,23.5195794158,40.4976189238,7.70791213723,7.58786692168,23.3204520534,39.9277109792,185.863483973,225.798417146,19.2192055564,22.4607308946,3.94673536568,5.67628908197,52.7264905673,60.4101145432,362.286341832,432.979596444,370.853783536,468.877841688,19.660276643,20.8703452264,44.2509365982,56.0557786053,148.812684437,192.143556113
568,108.18365457,125.173748276,11.6967708298,13.5245708228,64.997235593,87.0155193246,21.2458355762,36.0277343152,8.21192581159,8.90326043471,20.8208239776,35.6413619981,185.851563367,225.80084833,19.2132272811,22.4547306371,3.67173268448,5.17842177437,46.9782156707,49.3147865542,287.562840686,333.340706776,303.645204168,384.946824601,19.4103814711,20.6638077035,49.1247057857,61.8573526941,162.19790555,209.717246506
569,107.972830853,124.884187736,11.6929761351,13.5208949489,64.9985641443,87.0174045777,21.2458355762,36.0277343152,7.70791213723,7.58786692168,20.8269577763,35.6520731763,185.852293255,225.823832131,19.2122601671,22.4538784208,3.67173268448,5.17842177437,47.4314650476,49.3147865542,287.571411652,333.351729224,303.418927488,384.657514056,19.3952539544,20.6725202434,49.1746341928,61.981239907,162.55161659,210.538161274
570,77.3781822106,87.7062231592,11.6565812,13.4846937359,27.8272110117,32.7656794956,11.1888245912,16.5881061292,8.23108569777,8.92392093931,10.3468034075,14.8064488759,58.9978918096,65.565130096,19.174776302,22.4165722357,3.67173268448,5.17842177437,47.3981623501,48.672588752,275.357996845,321.140480417,283.423135316,364.560984105,16.6201374846,17.9609344655,46.4469813902,58.1789996152,151.047943268,195.726752389
571,77.9414083864,88.1835408502,11.6564507318,13.4845637162,27.8405385857,32.7772185632,11.1888245912,16.5881061292,7.70791213723,7.58786692168,10.3468034075,14.8064488759,59.0305154935,65.5929281798,19.1739685822,22.4158063819,3.67173268448,5.17842177437,47.7466827303,48.672588752,307.723463107,361.22456676,283.383681773,364.516213274,16.5918065641,17.974068541,46.5427897745,58.2674010986,152.616402207,197.717791825
572,53.7902991591,56.6419060758,11.6025633567,13.4307858652,27.7673471996,32.709953667,7.5534996038,9.6585699883,8.24324147782,8.93187862156,6.28484183022,8.04812819733,58.8893348372,65.4532981224,19.1182168369,22.3604266309,2.526513406,2.9808780324,20.8083001057,23.8378400826,174.678389967,192.305071737,249.429416609,308.077738058,13.0311490365,14.5566684977,33.2923361799,42.8373813094,118.562599152,155.789219237
573,54.3547439234,57.6539690244,11.6018703753,13.4300822622,27.7734128704,32.7136950483,7.5534996038,9.6585699883,7.70791213723,7.58786692168,6.28484183022,8.04812819733,58.9030912681,65.4652225387,19.1169092543,22.3590540779,2.526513406,2.9808780324,20.8083001057,23.8378400826,174.678390299,192.305072073,249.437350122,308.087352678,12.9987513588,14.5729933841,33.0687006139,42.5395773516,118.422820052,154.984622997
574,71.576980015,75.4316973113,12.4226228238,14.2511124773,28.1547125289,33.0927831403,7.5534996038,9.6585699883,8.2463055378,8.91657072125,6.28484183022,8.04812819733,59.3216439617,65.8802287936,19.5519178001,22.7945149607,2.3890120654,2.7319443786,19.4680920998,21.7341120883,149.996010511,161.39260131,249.850771619,308.510794101,9.97011448909,11.6670952437,22.1897325395,28.3914674805,84.2805481747,107.660721739
575,69.0644807901,72.9411221496,11.9305034548,13.7590965694,28.1158595728,33.0492743828,7.5534996038,9.6585699883,7.70791213723,7.58786692168,6.28484183022,8.04812819733,59.4203855555,65.9734591402,19.4451048767,22.6877163607,2.3890120654,2.7319443786,19.4680920998,21.7341120883,149.996010485,161.392601375,250.031470681,308.697976218,9.94745977,11.6922738108,21.8569437547,27.9670830348,83.6961785979,106.243672582
576,59.184978032,63.206429264,7.06143057545,8.14722370466,27.7849847875,32.7173097009,7.3287903758,9.4338607603,8.25016334591,8.89229902373,5.98564634105,7.74893270815,58.9235984562,65.4730416111,11.1568263612,13.8901550253,2.3890120654,2.7319443786,19.4680920998,21.7341120883,143.884911849,155.281502738,243.776198864,302.44992954,8.06238015555,9.87550244227,19.0746172683,24.1597595613,64.621007059,73.1931862647
577,53.9103548284,58.5951619028,6.85543208223,7.9448625022,27.7885481048,32.7184077821,7.3287903758,9.4338607603,7.70791213723,7.58786692168,5.98564634105,7.74893270815,58.9306218496,65.4761573206,11.1299249923,13.8605909551,2.3890120654,2.7319443786,19.4680920998,21.7341120883,143.884911827,155.281502716,243.782639134,302.460419732,8.05327422124,9.88263192424,18.9504577121,24.0190047415,64.5776560533,73.2894029993
578,52.3890424984,57.3232150737,4.82255729978,5.28669376537,27.7916733477,32.7192346207,7.3287903758,9.4338607603,8.27321464814,8.89118613052,5.98564634105,7.74893270815,58.9362915275,65.4786645796,7.40582062665,7.98746820448,2.3890120654,2.7319443786,19.4680920998,21.7341120883,143.884911876,155.281502764,243.937892903,302.646990026,7.74489570494,9.59577962895,17.9845677394,22.6242825528,61.4930642856,67.9427346163
579,51.9638191475,57.2166565786,4.84984906074,5.29309425796,27.7909581127,32.7191383623,7.3287903758,9.4338607603,7.70791213723,7.58786692168,5.98564634105,7.74893270815,58.9349917039,65.4791030218,7.43456679042,7.989928492,2.3890120654,2.7319443786,19.4680920998,21.7341120883,143.884911858,155.281502745,244.010870139,302.738957497,7.74905123466,9.59645116536,17.8977169689,22.5298535288,60.9151580376,67.8926027609
580,51.6412410227,57.199405061,4.85235459593,5.29055716616,27.7908973757,32.7197511135,7.3287903758,9.4338607603,8.2841283733,8.87012025999,5.98564634105,7.74893270815,58.9354238193,65.4807405826,7.43237900022,7.98470300111,2.3890120654,2.7319443786,19.4680920998,21.7341120883,143.884911912,155.281502799,244.192148203,302.960760554,7.59601704144,9.4608559138,16.8357371497,20.8992723221,56.9526299935,61.9905864339
581,51.2921668103,57.12958939,4.85838388472,5.28962787445,27.7890137302,32.7186896374,7.3287903758,9.4338607603,7.70791213723,7.58786692168,5.98564634105,7.74893270815,58.9322408249,65.4788823623,7.43884781478,7.9832181345,2.3890120654,2.7319443786,19.4680920998,21.7341120883,143.884911897,155.281502784,244.173598815,302.949508454,7.59661015457,9.47817201933,16.7720517522,20.7864819725,56.2059488326,62.0488596519
582,51.0192618186,57.0876107087,4.86157583071,5.28802380194,27.7881891828,32.7183634349,7.3287903758,9.4338607603,8.30340080215,8.89692609517,5.98564634105,7.74893270815,58.9310875718,65.4784809824,7.44174681038,7.98090488098,2.3890120654,2.7319443786,19.4680920998,21.7341120883,143.884911957,155.281502843,244.280098583,303.078254384,7.52322577236,9.41468472558,16.7282224428,20.7098421277,55.9005893739,62.1100442429
583,50.8106288338,57.1102057347,4.86471960167,5.28747968647,27.7873494962,32.718018901,7.3287903758,9.4338607603,7.70791213723,7.58786692168,5.98564634105,7.74893270815,58.9298195095,65.4779827158,7.44493093968,7.97986236596,2.3890120654,2.7319443786,19.4680920998,21.7341120883,143.884911945,155.28150283,244.365797192,303.18737401,7.52322217827,9.42256467948,16.6840353092,20.6485436069,55.6993728868,62.1559293642
584,62.4305603358,68.9026447934,5.21424780899,5.63624383034,28.3486729349,33.2805535277,7.3287903758,9.4338607603,8.31835811623,8.91020871689,5.98564634105,7.74893270815,60.0523390337,66.602425541,7.79372437264,8.32796607194,2.3890120654,2.7319443786,19.4680920998,21.7341120883,149.996010819,161.392601714,290.981196648,372.320699544,8.56355738653,10.4622391547,17.4415839167,21.3941124016,59.165619114,65.8294772792
585,62.2126408406,68.8365681122,5.21460144542,5.63420253952,28.3460726254,33.2782893448,7.3287903758,9.4338607603,7.70791213723,7.58786692168,5.98564634105,7.74893270815,60.0474125727,66.5979521916,7.79415856525,8.32560806468,2.3890120654,2.7319443786,19.4680920998,21.7341120883,149.996010816,161.392601709,290.88539892,372.208234524,8.56572595009,10.4692887212,17.4253693173,21.3666952829,58.816808012,66.244088288
586,62.0727364382,68.8112037711,7.24268112451,8.28512487486,28.3454620715,33.2778725395,7.3287903758,9.4338607603,8.33121092699,8.93897532724,5.98564634105,7.74893270815,60.0464597461,66.5972253725,11.513561112,14.2131859818,2.526513406,2.9808780324,20.8083001057,23.8378400826,174.679096254,192.305778031,291.832809188,373.307056245,10.8414746308,12.7293907677,21.2474908092,26.2757413679,72.5279433696,83.7323071924
587,61.9132560262,68.7709655591,7.19737745846,8.28241141633,28.1691412577,33.0989233275,7.3287903758,9.4338607603,7.70791213723,7.58786692168,5.98564634105,7.74893270815,59.6962327601,66.2425117327,11.4653701177,14.1955204622,2.526513406,2.9808780324,20.8083001057,23.8378400826,174.679096504,192.305778286,291.156496317,372.594438568,10.8538293007,12.7193441179,21.3107570777,26.3325909459,72.6550063428,85.0100920174
588,83.6862177993,97.957877121,14.293553628,16.12159952,33.4041092473,39.5754157998,10.564569842,15.4638351205,9.43586759362,11.7712363241,9.16850641665,16.0056328723,98.6797719311,119.0184782,19.3149246652,22.5555604641,3.42003517016,4.68055446677,46.6016850124,37.5772607629,247.566392753,276.939514359,406.189719463,515.745066099,13.5315881924,15.3674623979,37.3848914465,44.2938552695,122.264069958,142.7662856
589,83.8412859405,96.077958334,14.2968317914,16.1242301325,33.1439031677,39.0165348545,10.564569842,15.4638351205,9.43586759362,11.7712363241,9.15115278373,16.0382423581,98.1675488058,118.845304853,19.3027005635,22.5553752625,3.41786676166,4.68055446677,46.8143969198,37.5772607629,246.215909255,275.187234891,406.214263332,515.861852169,13.5621082522,15.3465493722,37.7424582245,44.6109923826,122.90561718,151.553978647
590,81.7233427981,91.9388886749,12.8884532363,14.4985272443,60.7161976508,81.7967090038,6.40836021779,11.3986958808,15.2194038444,13.1246369282,6.82921931125,13.7041507504,176.848704023,214.947456263,20.8059022896,23.6305541307,2.79523536568,4.29328908197,48.6084495428,42.7069035095,281.699916942,330.092934146,460.189835616,584.325985171,12.3497602264,13.6039817355,44.4223763751,48.0931726526,143.674473344,181.205606133
591,79.7060236594,89.5001855657,12.8900712703,14.5005859662,60.6989581196,81.7724921449,6.40836021779,11.3986958808,15.2194038444,13.1246369282,6.77270350094,13.611089492,176.835513003,214.931950117,20.8119611907,23.6360891246,2.79523536568,4.29328908197,46.303056309,42.7198646357,281.646946297,330.023636324,460.314355544,584.346998065,12.3741556655,13.5721091196,44.9405401863,48.7284359993,144.657642459,180.081898595
592,122.833321277,138.713334064,10.3928379153,12.0031367472,83.2698752002,104.299959046,10.955847897,20.338465098,24.9586402561,19.4512376933,11.7471720608,22.1393481638,222.961466673,260.917840355,20.8069753639,23.6186728014,5.84649668498,8.67060923789,72.8037513195,86.8751704133,555.655351175,678.761471519,480.985309619,604.999217827,11.9871588769,13.6510980343,37.5522192847,41.8142162693,123.164772077,153.122504342
593,103.6796803,119.342137656,10.3888050542,11.9995809761,83.2905951724,104.299728832,10.955847897,20.338465098,24.9586402561,19.4512376933,11.6927603237,22.0451819823,222.982798663,260.932229967,20.802837604,23.6396514336,5.83740034333,8.69757028603,69.2469608098,86.9164251704,555.608387555,678.693842536,480.990766131,605.000842768,12.0320413133,13.5825582919,37.728998537,42.6512271879,122.700102511,152.035582843
594,126.5695958,150.816188599,10.3932484942,12.0040404499,83.2906865141,104.30914438,17.7770794158,33.7481189238,30.9456646915,23.1631716976,19.210963259,34.93065847,223.015881807,260.965464907,17.0637292481,19.8820484742,5.82163769673,8.69188782595,65.3869772913,82.6740491123,537.284829574,660.368061923,497.391487703,621.34051628,10.5807516252,12.1739135578,34.9354198563,40.9486996314,108.898172942,138.044397504
595,126.784565508,150.915204219,10.3943233909,12.0051653543,83.7463797866,104.897590085,17.7770794158,33.7481189238,30.9456646915,23.1631716976,19.0855610152,34.8281426649,224.254064935,260.95760575,17.0594355473,19.8798093056,5.82718318254,8.70729397948,60.3916830895,82.8145723574,539.314055205,663.063721857,497.598974426,621.668510378,10.8080186165,12.044161783,35.6787402688,42.0726356444,110.976051197,140.197023409
596,123.382304186,147.62420253,12.8913470175,14.5021301497,86.2999329774,107.691702811,23.6994740226,46.2589358376,30.9456646915,23.1631716976,25.4143112347,46.549611087,228.478521633,263.951627949,20.8041211523,23.6417363398,5.83313390922,8.74464678277,59.1904242707,81.8925638992,518.111184614,642.929367189,501.4978514,625.6555568,9.49769674093,10.5318886464,26.3025020124,31.5623108581,87.5831045166,110.127450062
597,121.86018121,145.96538677,12.9007912589,14.5104336727,86.659842541,108.229379214,23.6994740226,46.2589358376,30.9456646915,23.1631716976,25.4143112347,46.549611087,229.196689005,263.971975249,20.809452784,23.6272077205,5.87944472074,8.81407578747,59.2306485225,81.900522558,519.991955451,645.420571279,501.711474297,626.005313701,9.61005691338,10.4925984485,26.4192431341,32.112736495,87.8721130759,110.018231896
598,131.889028214,155.85503875,13.6884320518,15.2987593729,87.3159227967,109.060813781,23.6994740226,46.2589358376,30.9456646915,23.1631716976,25.4143112347,46.549611087,230.114025054,264.245090317,21.2126789607,24.0488673389,5.90532001023,8.875291731,60.3870134848,82.8700450419,521.726298438,647.845597514,502.269108331,626.706741794,9.79118415446,10.5245368808,26.5802954933,32.3960013491,88.5702233878,110.677990265
599,139.764555517,163.619657542,13.2183238379,14.8281286172,87.567612253,109.382302598,23.6994740226,46.2589358376,30.9456646915,23.1631716976,25.4143112347,46.549611087,230.74809745,264.860908675,21.1239751049,23.9540643556,5.91687054836,8.92392444508,60.4990580289,82.8752049905,522.69656688,649.169831359,503.055090504,627.603640787,9.84452561606,10.5004065964,26.6766861085,32.5443551253,88.4526626969,110.529218056
600,128.929582921,152.814323749,13.1464109033,14.7563060075,87.1826615905,108.992592452,23.6994740226,46.2589358376,27.6992525542,21.0543047759,25.4143112347,46.549611087,230.063971255,263.995883655,20.864103142,23.6885881882,5.57000592434,8.51437046521,61.3839706559,82.4926765319,497.428552001,623.588141334,481.896691626,606.385133595,9.44805761865,10.2772450155,26.2054232319,31.8090204658,87.1191385775,108.202516155
601,126.009286397,149.984774893,12.9039526586,14.5137912188,87.2117296888,109.024012298,23.6994740226,46.2589358376,27.6992525542,21.0543047759,25.4143112347,46.549611087,229.914056619,264.052468351,20.8079462695,23.6432358257,5.57098852779,8.56046686147,61.2108005053,82.498983861,497.076712362,623.099375606,482.207740085,606.782355524,9.50334742636,10.2670138138,26.3216974587,31.633527669,86.8124553975,107.16967539
602,127.40158085,151.366524504,12.9188865238,14.5293834618,85.0503586442,106.774063788,23.6994740226,46.2589358376,30.9456646915,23.1631716976,25.4143112347,46.549611087,226.612853983,261.098179247,17.0775088425,19.8995406393,5.85835002532,8.86980187242,61.5125236156,83.6143570144,521.452284699,647.569263318,498.987616449,623.548176592,9.29123383367,10.2042588225,26.1936273593,31.3965450937,81.2698632552,100.541680969
603,125.310500813,149.305915389,12.9165308686,14.5280725781,84.9036079781,106.520700137,23.6994740226,46.2589358376,30.9456646915,23.1631716976,25.4143112347,46.549611087,226.179841787,261.101021384,17.070689811,19.8931667429,5.86058435696,8.91151705429,60.9407913437,83.6419098554,520.520370498,646.365952251,499.106640611,623.703685159,9.32727971221,10.2095622884,26.309757016,31.3570997355,80.8146343894,99.740061957
604,123.883173015,147.874345951,10.4209892795,12.0314965224,84.7696602396,106.2750342,23.6994740226,46.2589358376,30.9456646915,23.1631716976,25.4143112347,46.549611087,225.801666098,261.123635053,17.0735701249,19.895731716,5.89702511003,8.96329372804,58.0430317848,81.8547288798,519.686107504,645.264408867,499.346146761,624.00064006,9.36855640281,10.1327073501,26.580017267,31.6740860266,80.81211427,99.970143509
605,124.014980503,148.011072001,10.4139510905,12.0253779848,84.9804075723,106.550108025,23.6994740226,46.2589358376,30.9456646915,23.1631716976,25.4143112347,46.549611087,226.068500497,261.156742826,17.0721854733,19.8942815784,5.86882242206,8.96506497821,58.5760336224,81.8338821075,520.558315887,646.441315371,499.529819921,624.207650406,9.24837744255,10.1384670689,26.3578333013,31.4958177294,80.8152436702,99.8500308342
606,122.346418664,146.347040308,10.4078562781,12.0199615801,84.1976536469,105.84587729,23.6994740226,46.2589358376,30.9456646915,23.1631716976,25.4143112347,46.549611087,222.347723106,257.271706104,17.0651467696,19.8878042846,5.89528393926,9.01679468265,58.4749724575,81.8143820683,521.327837401,647.476884322,500.041321715,624.830947139,10.0383012539,10.8069082852,26.4549282368,31.51299201,81.2445763177,100.481773045
607,122.606469638,146.600474515,10.4071883103,12.0190176789,84.1925427095,105.839231688,23.6994740226,46.2589358376,30.9456646915,23.1631716976,25.4143112347,46.549611087,222.332150598,257.24173866,17.06578604,19.8880577122,5.91214486755,9.07216454255,58.6082578612,81.792812762,521.557534405,647.824051997,500.403038536,625.315931292,10.0798803263,10.8051774718,26.523635592,31.6316556423,81.3915290036,100.889205797
608,122.756461178,146.748332264,10.3655758262,11.9776699159,84.0153702378,105.788947327,23.6994740226,46.2589358376,30.9456646915,23.1631716976,25.4143112347,46.549611087,219.801099603,254.545197276,20.7789814907,23.6137834846,5.89749262241,9.05456229455,60.3166980303,83.2037902671,546.201956184,672.562720718,503.931721538,628.85301133,13.8184399821,14.5182694561,28.7116743291,33.5588187608,95.7332689899,116.073010695
609,122.785401998,146.790296836,10.3664119263,11.9780178177,84.0091851865,105.785166626,23.6994740226,46.2589358376,30.9456646915,23.1631716976,25.4143112347,46.549611087,219.780039091,254.536372741,20.781285055,23.5993351956,5.84119742667,8.91202740524,61.6066278032,83.160896726,546.287230644,672.653352098,504.062809439,628.947767132,13.5992420343,14.5552312373,28.2366609112,32.5405532141,94.7432227107,114.131894108
610,129.592596192,155.017847718,14.1310505819,15.9593901899,66.6753768007,89.4424845494,29.4419740226,53.0084358376,14.7991524143,12.7373832449,29.5473112347,51.547111087,188.778870929,225.577277222,22.898361999,26.1545228032,4.77174340928,6.94702637837,66.3656185062,83.4977266759,514.269964267,620.490835214,512.068810976,639.720483292,19.1805826228,20.1682981823,38.8503615278,45.8847718636,120.139515297,143.124746322
611,129.572584665,155.031571257,14.1371900101,15.9633879709,66.6774980972,89.4531055514,29.4419740226,53.0084358376,14.7065362507,12.3114006041,29.5473112347,51.547111087,188.778935493,225.582797549,22.9012522888,26.1420578512,4.77824242735,6.94702637837,67.9613830224,83.4977266759,514.231529295,620.288659785,512.300573187,639.934588294,19.1625781261,20.1921442022,38.8596459386,45.7303610664,120.17061785,142.695315491
612,137.702470543,156.644299262,14.1381283462,15.9654429062,66.8712725012,89.7408428674,21.2458355762,36.0277343152,7.98122464533,8.35785053945,20.7544532837,35.5195592053,189.051918693,225.587818741,22.9029576952,26.1445760844,3.94673536568,5.67628908197,51.621672082,61.6945101476,415.311114659,496.510793464,375.047205773,473.178797922,20.2929610004,21.2092231803,42.4974065021,52.2647960263,147.533732641,182.404850988
613,118.742335666,137.685629427,14.1388437503,15.9656700188,66.7001501959,89.491356144,21.2458355762,36.0277343152,7.70791213723,7.60379302953,20.7797775691,35.5487534563,188.742450833,225.587447979,22.9085352186,26.1447825252,3.94673536568,5.67628908197,52.6468466222,61.7245898239,414.466152618,495.369080115,375.196755381,473.367490871,20.2728600774,21.2263935273,42.7234540375,52.5518495522,147.888528255,183.398926908
614,118.662244196,137.618365326,14.1381422149,15.9659250882,66.5270744381,89.2381783003,16.698347897,27.087965098,8.05415803219,8.48374213882,15.7883008085,26.990097627,188.416763621,225.574262169,19.1596436196,22.4009533356,3.94673536568,5.67628908197,52.5219555589,60.4101145432,401.391986674,482.001318905,371.55122275,469.751508943,19.7319265014,20.766669073,44.2911682018,56.1036114365,151.477348358,194.759330553
615,118.412508088,137.401523933,14.1368120999,15.9644952123,66.1375369418,88.6668007061,16.698347897,27.087965098,7.73270070631,7.64012587048,15.8045893541,27.0248782602,187.863956341,225.574228726,19.1508085741,22.3936622147,3.94673536568,5.67628908197,52.9534386705,60.4101145432,399.846001452,479.943273778,371.317409939,469.435816794,19.6923990759,20.7911251627,44.3153044606,56.1675420271,150.725280809,194.203866131
616,105.527970432,122.526425699,11.6355315643,13.4631711024,65.954554396,88.3981608145,16.698347897,27.087965098,8.09989658865,8.60746725235,15.8091104955,27.0411209993,187.529979415,225.575118756,19.1493321152,22.3916531359,3.67173268448,5.17842177437,46.6283127641,49.3147865542,324.198731709,379.080118352,304.27410658,385.724714079,19.4525277111,20.5852748467,49.2220726758,62.0052730299,163.629768978,211.254042023
617,105.015721816,121.908323813,11.6298153015,13.4577040194,65.569640953,87.8330067588,16.698347897,27.087965098,7.75064486389,7.65680555743,15.8269807489,27.064102288,186.905777741,225.588475462,19.1470156587,22.3892175191,3.67173268448,5.17842177437,47.829059053,49.3147865542,322.491606261,376.815380888,304.029665579,385.429126622,19.3983590616,20.6173077915,49.1732542044,62.0274002544,163.164332588,211.064237059
618,74.9602230483,85.2764691026,11.6076322022,13.4357998558,27.7505283896,32.6898994757,12.1508602178,18.1481958808,8.1467365977,8.70864491353,10.8255723517,18.4803912536,58.8454615654,65.4129742738,19.1240691041,22.366328973,3.67173268448,5.17842177437,47.2970924832,48.672588752,308.504933819,362.260496243,284.079888077,365.386748583,16.6239474853,17.9195191663,46.4540270577,58.2230854494,151.041833119,195.455819023
619,75.4966812594,85.7576142286,11.6058934217,13.4338228104,27.7620065235,32.6990735744,12.1508602178,18.1481958808,7.7604889971,7.67010860062,10.8303824487,18.4949575326,58.8730089506,65.4355851505,19.1218920495,22.3640456346,3.67173268448,5.17842177437,47.0495731393,48.672588752,307.7221256,361.22764303,283.878219793,365.135996335,16.5993837554,17.9440456983,46.5532342568,58.3094776387,151.631353812,196.65702152
620,53.7962436367,56.6597952761,11.6045481815,13.4326892908,27.7688256207,32.7117996716,7.3287903758,9.4338607603,8.17311144865,8.77904943039,5.98564634105,7.74893270815,58.891993612,65.4561749583,19.1195558687,22.3619351994,2.526513406,2.9808780324,20.8083001057,23.8378400826,174.678390353,192.305072124,250.189959112,308.997643086,13.0091590394,14.5510060025,33.2224128204,42.7805464671,117.635862888,154.473379645
621,54.3494557238,57.7247522293,11.6032918844,13.431444613,27.7738035398,32.7144599038,7.3287903758,9.4338607603,7.76866779082,7.67963337784,5.98564634105,7.74893270815,58.9035918613,65.4661374152,19.1174486891,22.3597666905,2.526513406,2.9808780324,20.8083001057,23.8378400826,174.678390149,192.305071914,250.374474166,309.214465204,12.9835413296,14.5754712669,33.0140454809,42.4730372681,117.216376979,153.320015124
622,71.5652196146,75.5370597181,12.4236334591,14.2520430748,28.1545354329,33.0937666581,7.3287903758,9.4338607603,8.18719064939,8.83260609905,5.98564634105,7.74893270815,59.3210060097,65.8817712652,19.5521803997,22.7948540258,2.3890120654,2.7319443786,19.4680920998,21.7341120883,149.996010658,161.392601599,250.844054236,309.680678551,9.95692024226,11.6953381362,22.0886589496,28.2638691869,82.3113020699,105.206050877
623,68.9142216552,72.9408065395,11.92752453,13.7559841168,28.1140898435,33.0488038504,7.3287903758,9.4338607603,7.77737933433,7.69078248684,5.98564634105,7.74893270815,59.41755751,65.9727957172,19.4418031186,22.6843715298,2.3890120654,2.7319443786,19.4680920998,21.7341120883,149.996010718,161.392601597,251.037921419,309.869144944,9.93785668947,11.7388590253,21.7434398634,27.8215879411,81.086272538,103.205767507
624,57.9417148857,62.1582939554,7.05904269076,8.144845164,27.7811066098,32.7144749854,7.3287903758,9.4338607603,8.21731202954,8.90193843966,5.98564634105,7.74893270815,58.914821887,65.4664227759,11.1561227953,13.8895446056,2.1140093842,2.4569416974,16.7876760881,19.0536960766,118.964548486,130.361139361,244.778648738,303.670790263,8.05110721878,9.94572502861,19.5765061812,25.0111945587,62.957827275,74.9108321797
625,52.8447272457,57.7034718597,6.85317451316,7.94309695482,27.7838426473,32.7146883206,7.3287903758,9.4338607603,7.78451133416,7.69989325536,5.98564634105,7.74893270815,58.9201925661,65.4677802348,11.1279405483,13.8583837849,2.1140093842,2.4569416974,16.7876760881,19.0536960766,118.964548551,130.36113943,244.94943616,303.863534554,8.04171346657,9.97514599881,19.4176026523,24.8345206189,62.754403188,74.8985523852
626,51.2728864781,56.3920346769,4.82028429161,5.28456114658,27.7847131274,32.7135994967,7.3287903758,9.4338607603,8.23143556938,8.92789594767,5.98564634105,7.74893270815,58.9208341559,65.4664497086,7.40270200977,7.98409895189,2.1140093842,2.4569416974,16.7876760881,19.0536960766,118.964548543,130.361139422,245.213222429,304.164766216,7.74645223707,9.70162257822,19.3119424202,24.718697354,62.7468994058,75.0531953005
627,50.9272858768,56.3670889543,4.846168985,5.28907383756,27.7830381031,32.7129356699,7.3287903758,9.4338607603,7.78894021007,7.70485133442,5.98564634105,7.74893270815,58.9184165652,65.4657276228,7.43021845799,7.98513973504,2.1140093842,2.4569416974,16.7876760881,19.0536960766,118.964548518,130.361139407,245.330351823,304.288846476,7.74736900335,9.72347429961,19.2332317901,24.6009640382,62.5679154759,74.9223032558
628,50.6838415174,56.3981518967,4.84802695029,5.28631187928,27.7817620665,32.7126297666,7.3287903758,9.4338607603,8.22115278673,8.94832627788,5.98564634105,7.74893270815,58.916592568,65.4655674343,7.42754525102,7.97979141747,2.1140093842,2.4569416974,16.7876760881,19.0536960766,118.964548519,130.361139407,245.407668934,304.36375631,7.59958932558,9.58741543746,16.7514305593,20.7262125161,53.7455582435,61.8487651681
629,50.4102695126,56.3540117832,4.85394149327,5.2848469761,27.7800164178,32.7116484025,7.3287903758,9.4338607603,7.79228930659,7.70795604319,5.98564634105,7.74893270815,58.9137299347,65.4639038053,7.43391903049,7.97778664168,2.1140093842,2.4569416974,16.7876760881,19.0536960766,118.964548467,130.361139355,245.456712655,304.419085097,7.60033124466,9.60762502603,16.6586125841,20.5906323031,53.7050426482,61.8140699139
630,50.2359208331,56.3757727783,4.85711613035,5.28354948477,27.7789431955,32.7112448302,7.3287903758,9.4338607603,8.24388530878,8.96933071769,5.98564634105,7.74893270815,58.9121944283,65.4633562411,7.43682755919,7.97581584454,2.1140093842,2.4569416974,16.7876760881,19.0536960766,118.964548478,130.361139365,245.666496992,304.677211306,7.52705376221,9.54212092552,16.6076575675,20.5315397307,53.6961332386,61.8343587912
631,50.1143347723,56.437947701,4.86030156664,5.28305803231,27.7781110686,32.710815547,7.3287903758,9.4338607603,7.7951001084,7.71086208802,5.98564634105,7.74893270815,58.9110377842,65.4630229833,7.44009029014,7.97486458261,2.1140093842,2.4569416974,16.7876760881,19.0536960766,118.964548435,130.36113932,245.936530032,305.006729732,7.52703536063,9.55682373042,16.5383936555,20.4605872742,53.6428254754,61.7723052315
632,53.4588142025,59.9408466841,4.93678450302,5.35678892042,27.88826544,32.8209935434,7.3287903758,9.4338607603,8.26047260403,8.98357376603,5.98564634105,7.74893270815,59.1318443191,65.6848190299,7.51666550943,8.04818977671,2.1140093842,2.4569416974,16.7876760881,19.0536960766,125.075647356,136.472238241,251.177340264,321.620616804,8.56773792576,10.5936360512,17.3069907451,21.2190687115,56.9468304395,65.1043281271
633,53.3856985519,59.9883437704,4.93867819556,5.35614316069,27.8875515855,32.8202697025,7.3287903758,9.4338607603,7.79814195818,7.71414390473,5.98564634105,7.74893270815,59.1307509337,65.684313228,7.51868552833,8.04721633918,2.1140093842,2.4569416974,16.7876760881,19.0536960766,125.075647318,136.472238203,251.437676502,321.918960534,8.56811876461,10.5992629397,17.272398509,21.1724833647,57.1176270559,65.4089366816
634,53.1344783465,59.8450527834,6.96673487853,8.00897664759,27.8795649568,32.8122870094,7.3287903758,9.4338607603,8.27171023735,8.98765386914,5.98564634105,7.74893270815,59.1151127802,65.6693785154,11.2379242066,13.9452002084,2.1140093842,2.4569416974,16.7876760881,19.0536960766,137.298551867,148.695142746,251.563085174,322.071153842,10.8432843187,12.8530470455,19.3144133923,23.3031669715,63.2150623225,71.5231986211
635,53.1067542507,59.8913564819,6.9241143819,8.0128897622,27.8788125338,32.8115265248,7.3287903758,9.4338607603,7.80029131208,7.71621233817,5.98564634105,7.74893270815,59.1138831929,65.6686950834,11.1914820253,13.9332704328,2.1140093842,2.4569416974,16.7876760881,19.0536960766,137.298551814,148.695142683,251.661054595,322.173253689,10.8465891235,12.8419364344,19.2954626999,23.2699801837,63.4091664128,71.8741296438
636,68.2657670639,80.2619627559,14.1674184015,15.9991958382,27.8836955884,32.8164136234,7.3287903758,9.4338607603,8.2814954233,9.00103704359,5.98564634105,7.74893270815,59.123796116,65.6785491808,19.1850136898,22.4331582029,3.40611029123,4.68055446677,51.0181382616,37.5772607629,213.037245204,234.149105001,288.090642225,370.011815819,13.5147053436,15.4871402396,29.7053663375,36.4749600156,104.017624932,124.926217816
637,69.2774908486,79.6207548411,14.1715370234,16.0024540029,27.8829851326,32.8156733661,7.3287903758,9.4338607603,7.80224146104,7.71879562018,5.98564634105,7.74893270815,59.1225666077,65.6769906832,19.1790532828,22.4327385373,3.40401638893,4.68055446677,50.3009428166,37.5772607629,212.966884235,233.913100622,288.073782116,369.907063169,13.5378491859,15.4563642785,29.7983420956,36.663128128,104.49115522,125.449975346
638,69.8566856979,78.1637610078,12.8855941311,14.4974954998,23.5630564696,27.5231752811,1.5862903758,2.6843607603,4.97436759362,6.29223632413,1.85264634105,2.75143270815,50.0950036707,54.6750430269,20.8058175809,23.6314616075,2.24523000328,3.29755446677,43.3169634731,31.2415519717,199.546575921,215.312230854,341.236231408,431.701326574,12.2347614741,13.5929308674,35.0492249871,37.5059153029,118.754416963,149.874917884
639,70.2582594519,78.0065325989,12.8894825258,14.5001828218,23.5633950556,27.5250368396,1.5862903758,2.6843607603,4.97436759362,6.29223632413,1.85264634105,2.75143270815,50.0944963042,54.6770119688,20.8027809816,23.6137165132,2.24523000328,3.29755446677,39.4646990463,31.2600279913,199.478702452,215.223818635,341.572053618,432.023322748,12.2747504995,13.5024465646,35.6903006144,38.023524162,120.471585372,149.91105858
640,110.533371476,122.195308702,10.393057056,12.0033615388,23.5677871205,27.5305851565,6.40836021779,11.3986958808,5.48016743266,6.79803616318,6.79733509099,13.63521503,50.1021217894,54.6857776499,20.8042731095,23.6388017576,3.0760169451,4.56829176317,45.5966819987,50.4742375018,323.980135734,389.531747914,346.887753977,437.354126539,11.1899143038,12.3611674936,49.6206954467,54.6145451561,142.823515421,174.602885696
641,91.9103491755,103.318051977,10.3918782859,12.0029281752,23.5731688566,27.537818147,6.40836021779,11.3986958808,5.48016743266,6.79803616318,6.74185725439,13.5259581978,50.1114063883,54.6978029501,20.8073273448,23.6401837524,3.07271280434,4.56829176317,43.9394558101,50.4818224589,323.958959943,389.496097688,347.694337676,438.297184062,11.2190612578,12.2865407299,50.2045652252,55.9650324377,144.984406098,176.690338438
642,113.045846378,130.877629662,10.400730008,12.0110731094,23.5817468565,27.5478093811,6.40836021779,11.3986958808,10.3286243282,10.053929757,6.68141859041,13.4198129092,50.1288605021,54.7171678579,17.0690787831,19.8864213944,3.07359174448,4.56829176317,44.4319731071,51.5907137684,323.71412283,393.669603268,402.349390911,498.890147871,9.81901235381,10.8260910406,41.5760819908,48.5841162769,122.651230856,154.432333635
643,113.316429645,131.216771127,10.4033744916,12.0138107722,23.5839990464,27.5509196914,6.40836021779,11.3986958808,10.3286243282,10.053929757,6.65016147555,13.3745590968,50.1325715013,54.7211342703,17.0700767448,19.8844744228,3.07334628297,4.59433603161,43.7178039186,51.5545391909,326.741874707,397.669324197,403.458738159,500.297103132,9.85289846185,10.7824767626,41.7255618268,48.9888435067,123.015875211,154.103345766
644,125.389476295,149.681077488,12.901676013,14.5122871537,23.5803550702,27.5477585506,13.2295917366,24.8083497066,10.3286243282,10.053929757,14.0685395644,26.2159757457,50.1311115094,54.71951301,20.8161808243,23.654402096,3.07818952687,4.62384851428,39.7644979595,51.147115662,307.321160837,379.855617123,408.478654781,505.717881433,8.62318409786,9.2423654154,28.628932372,34.7063581141,97.229757381,122.387538625
645,125.952277413,150.24011323,12.910976903,14.5216321527,23.5830013595,27.5516156994,13.2295917366,24.8083497066,10.3286243282,10.053929757,14.0685395644,26.2159757457,50.1351220178,54.7243398105,20.8192007571,23.6359912782,3.07326829147,4.61054982201,39.7388319176,51.1426341397,309.72354341,383.027721106,409.542306013,507.132960946,8.65364581893,9.20680224963,28.5141852741,34.9129957183,96.5293201329,121.46066622
646,135.287801461,159.36682554,13.6974949103,15.3082689352,23.9044559183,27.8742571064,13.2295917366,24.8083497066,10.3286243282,10.053929757,14.0685395644,26.2159757457,50.4289656647,55.0186844484,21.2209240215,24.0578896588,3.07357473186,4.61723295275,40.8858957235,52.2540643248,312.311090081,386.44260166,410.813335623,508.669425322,8.85022368855,9.24145262316,27.4059915615,33.1491234835,92.2866396128,115.357539397
647,144.265626954,168.101559927,13.2250713618,14.8348150807,23.9313369148,27.9011599481,13.2295917366,24.8083497066,10.3286243282,10.053929757,14.0685395644,26.2159757457,50.6591891413,55.2485805456,21.1323670931,23.9605308573,3.07274977455,4.61582468064,41.0891634659,52.2160301849,330.750044039,409.512328789,412.173484041,510.242440135,8.87739628346,9.22162769036,27.4278674935,33.196608694,92.0030727165,115.245515537
648,133.86153155,157.759696413,13.1577088355,14.7676650819,23.5732678939,27.5438216531,17.7770794158,33.7481189238,4.97436759362,6.29223632413,19.0855610152,34.8281426649,50.1097016184,54.6979774165,20.8734622235,23.7072687931,2.24523000328,3.40898677997,41.2044682874,51.5675611259,335.750446047,416.116268499,397.052584195,495.394313442,8.69851323751,9.13701573731,27.2833247804,32.7687567966,91.5940380325,114.641609189
649,131.809143743,155.821529685,12.9154119869,14.5245953798,23.5741375465,27.5450860494,17.7770794158,33.7481189238,4.97436759362,6.29223632413,19.0855610152,34.8281426649,50.1106143622,54.6983125586,20.8165106553,23.6367605754,2.24523000328,3.40898677997,40.8913661853,51.5545391909,339.034114493,420.451466069,398.004500721,496.563892489,8.75230128814,9.12196198587,27.3668538121,32.6887323567,91.278509633,114.242837336
650,133.07917855,157.05834537,12.9321871304,14.5427182878,23.5934929743,27.5648584133,17.7770794158,33.7481189238,4.97436759362,6.29223632413,19.0855610152,34.8281426649,50.1478705071,54.7353832577,17.08828814,19.9091962022,2.25135234074,3.43855634119,38.9167183993,50.2701435865,342.162227309,424.583628744,395.178645305,493.938987859,8.67005120176,8.8765054056,27.7117941398,33.3330372008,86.5971833123,109.731064028
651,132.196477765,156.165516211,12.9329050246,14.5438158174,23.5945915565,27.5662598619,17.7770794158,33.7481189238,4.97436759362,6.29223632413,19.0855610152,34.8281426649,50.1490941111,54.7365762962,17.0841385324,19.9057459828,2.24523000328,3.42832764799,41.1704372319,50.2701435865,345.400626644,428.855613388,396.037679383,494.988484907,8.43262422165,8.89345075062,27.1919133438,32.735065626,86.1431073483,108.71795415
652,130.179290462,154.164316817,10.4383367533,12.0494326826,23.5999528343,27.5717787453,17.7770794158,33.7481189238,4.97436759362,6.29223632413,19.0855610152,34.8281426649,50.1589649634,54.7463087693,17.0884486887,19.909968255,2.24523000328,3.40898677997,31.5143800591,30.7206763558,221.673011612,261.805305543,396.572315395,495.621808973,8.2875802581,8.83900070968,27.0055925928,32.3589463511,85.6186346975,107.497990886
653,130.309903293,154.3006074,10.4328241949,12.0441385661,23.600810754,27.5726187428,17.7770794158,33.7481189238,4.97436759362,6.29223632413,19.0855610152,34.8281426649,50.1598448231,54.747040024,17.0867998775,19.909153934,2.24523000328,3.40898677997,30.9805569492,30.7206763558,224.683498489,265.782432632,397.218526634,496.423340006,8.39050150183,8.82950276613,27.232485679,32.5087249604,85.8258415084,107.812966509
654,128.522027175,152.516832536,10.4266430188,12.0384348247,23.5947861192,27.5664160779,17.7770794158,33.7481189238,4.97436759362,6.29223632413,19.0919461157,34.8281426649,50.1468717386,54.7340856864,17.0805252101,19.9026648033,2.24523000328,3.40898677997,33.838929321,30.0784785536,225.282905694,266.571084173,358.308453375,451.845325189,8.94467855361,9.5315761043,26.770379675,31.8687937973,85.387225417,107.002884453
655,128.476418795,152.473676712,10.4244311671,12.0365524794,23.593619506,27.5648047492,17.7770794158,33.7481189238,4.97436759362,6.29223632413,19.0855610152,34.8281426649,50.1438585595,54.730849517,17.0804780333,19.9024290791,2.2485467774,3.40898677997,32.5444604084,30.0784785536,223.161445379,263.76732664,358.270945786,451.785670859,9.02463557802,9.53182436508,26.9063264227,31.968023612,85.0438613145,106.56945784
656,128.458680219,152.457246516,10.3831102756,11.994982149,23.5445508995,27.5152377058,17.7770794158,33.7481189238,3.40871657354,2.58718413687,19.0972730701,34.8281426649,50.0429480824,54.6297595551,20.7992115321,23.6327737952,2.24523000328,3.42242614031,34.5700848503,30.2390280042,247.716775968,288.350677506,361.974649213,455.481709788,12.7518194879,13.2485301004,28.9162774646,33.7070664324,99.3718768764,120.889609916
657,128.450045186,152.449242957,10.3832606065,11.995228867,23.543973093,27.5140492524,17.7770794158,33.7481189238,3.24641213723,2.10886692168,19.1458246009,34.8281426649,50.0415670569,54.6281094701,20.7953920517,23.6131632597,2.24523000328,3.40898677997,38.1286677895,30.2390280042,247.804667603,288.459446696,362.029015051,455.533472994,12.6172811802,13.2847280524,28.6079299278,33.0328476718,98.8858676739,119.113836493
658,135.235101145,160.647127968,14.1477096275,15.976460982,27.8305710258,32.7719230466,18.9720917366,31.5578497066,8.00965245097,8.28866827537,18.2279322145,31.2134757457,59.0033322982,65.5630056662,22.9115236117,26.1683779426,2.98628653282,4.15661813177,44.3561529393,33.7564134602,254.412158591,287.777006068,348.718817783,444.972430979,19.0231411625,20.0957299845,37.2813471574,44.6125522453,120.667251359,143.855955291
659,135.238314441,160.667820739,14.152363253,15.9804164003,27.8306947918,32.7712838696,18.9720917366,31.5578497066,7.70791213723,7.61726347214,18.237184608,31.2165092767,59.0037859544,65.5631666644,22.9132352234,26.1561043348,2.98422598148,4.15661813177,45.25763152,33.7564134602,256.889170627,291.053513346,349.028020051,445.360440725,19.0342643841,20.1017221872,37.3328033483,44.5443723938,120.893243128,143.280897301
660,135.945512559,152.66936071,14.1533486038,15.981450597,27.8301422704,32.7699511551,14.4246040574,22.6180804894,8.08737220038,8.35894889957,13.2334516874,22.6420024047,59.0028746569,65.5620820928,22.9142282042,26.1568353958,2.1140093842,2.4569416974,16.7876760881,19.0536960766,173.964909484,185.36150037,329.567622619,414.525948676,20.2552861875,21.2131192094,45.2332170651,56.7900319757,154.172557143,192.639317892
661,116.923746884,133.663199815,14.1550662817,15.9821074484,27.8296232586,32.7687514901,14.4246040574,22.6180804894,7.70791213723,7.63522629548,13.2430598679,22.668737334,59.0021217056,65.5611719407,22.9146940875,26.1576062715,2.1140093842,2.4569416974,16.7876760881,19.0536960766,173.964909486,185.361500374,329.79215391,414.808215354,20.2502802385,21.2165991621,45.4606087695,57.1814258158,154.31422457,193.695138713
662,106.574936857,119.043962659,14.2331827008,16.0611227382,27.9449545095,32.8835741868,7.3287903758,9.4338607603,8.13809766738,8.41048046113,5.98564634105,7.74893270815,59.2332561068,65.7921677472,19.249557579,22.4921578739,2.1140093842,2.4569416974,16.7876760881,19.0536960766,161.742711539,173.13930265,326.276568004,411.262562339,19.7570970752,20.7349566351,46.080607945,59.2047852496,151.925410784,196.324054766
663,105.8466073,118.525745277,14.2342486928,16.0621730718,27.9455738017,32.8838254923,7.3287903758,9.4338607603,7.70791213723,7.64039088989,5.98564634105,7.74893270815,59.2349570335,65.7937207565,19.2458446896,22.5006361068,2.1140093842,2.4569416974,16.7876760881,19.0536960766,161.742711633,173.139302508,326.730838989,411.836271116,19.7412385943,20.7349427997,46.2405124414,59.4677931853,152.484854449,197.560501681
664,99.9641541771,112.562949752,11.7297925736,13.5579098337,27.9373447066,32.8753962652,7.3287903758,9.4338607603,8.16329714152,8.43910327435,5.98564634105,7.74893270815,59.2190249637,65.7776909599,19.2399799582,22.4829018417,2.1140093842,2.4569416974,16.7876760881,19.0536960766,161.742711908,173.139302777,270.901275508,344.87805326,19.4973707154,20.5215984236,49.6397504841,62.8050303233,158.423142501,203.973363453
665,99.9582559543,112.566741437,11.7265608733,13.5547713776,27.9367602909,32.8746612157,7.3287903758,9.4338607603,7.70791213723,7.64647347885,5.98564634105,7.74893270815,59.2183268764,65.7768427291,19.2396204799,22.4826801489,2.1140093842,2.4569416974,16.7876760881,19.0536960766,161.742711715,173.139302579,271.120030715,345.171120309,19.4788969008,20.5280595391,49.6847851679,62.8730543318,158.580391357,204.390658342
666,75.4173865515,83.567158377,11.6878211507,13.5162874865,27.8731508416,32.8113133229,7.3287903758,9.4338607603,8.18418314234,8.46674144933,5.98564634105,7.74893270815,59.1047121858,65.6635510873,19.1992288844,22.4427165169,2.1140093842,2.4569416974,16.7876760881,19.0536960766,149.520984469,160.917575337,270.996516495,345.072338177,16.7183686403,17.8060770839,48.6411117311,61.7725123222,153.809981938,199.727166572
667,76.0057554635,84.018274978,11.6878698157,13.516415229,27.874506101,32.8114995179,7.3287903758,9.4338607603,7.70791213723,7.64903893199,5.98564634105,7.74893270815,59.1090933392,65.6659996732,19.1983798344,22.4418920486,2.1140093842,2.4569416974,16.7876760881,19.0536960766,149.52098451,160.917575383,271.315727664,345.486029726,16.7005950284,17.8095755025,48.7014029705,61.8722922403,154.176761405,200.232249634
668,57.6897964498,60.4952221674,11.6318823876,13.4605440802,27.7901428496,32.7271306112,7.3287903758,9.4338607603,8.19213588297,8.46370967372,5.98564634105,7.74893270815,58.9272037584,65.4841987631,19.1414582344,22.3851601481,2.1140093842,2.4569416974,16.7876760881,19.0536960766,137.29784528,148.694436154,266.43687249,329.305576739,13.1197377023,14.3816059209,36.4496052924,48.0748477946,127.148833174,167.778093735
669,57.3782972741,60.3914643361,11.6315093686,13.4602174493,27.790505604,32.7273277846,7.3287903758,9.4338607603,7.70791213723,7.64896744911,5.98564634105,7.74893270815,58.9284307376,65.4850344481,19.1405344316,22.384136773,2.1140093842,2.4569416974,16.7876760881,19.0536960766,137.297845263,148.694436137,266.822795669,329.803127679,13.0872996227,14.3923130644,36.4396140423,48.0231678342,127.56804579,167.711023281
670,73.7183680089,77.0679343951,12.438543484,14.267517747,28.1540247245,33.0912991545,7.3287903758,9.4338607603,8.19544724178,8.46282168138,5.98564634105,7.74893270815,59.3111766416,65.8682229205,19.5621171371,22.8061103674,2.1140093842,2.4569416974,16.7876760881,19.0536960766,125.075647518,136.472238392,267.443139621,330.461538277,10.0619967346,11.4761061624,23.9647113211,31.2878434196,90.4603973244,116.806160486
671,72.513262074,75.8735658666,11.9704804176,13.7995756874,28.1138887799,33.0502615626,7.3287903758,9.4338607603,7.70791213723,7.65055517355,5.98564634105,7.74893270815,59.4050687138,65.9607749907,19.4793744376,22.72339353,2.1140093842,2.4569416974,16.7876760881,19.0536960766,125.075647504,136.472238378,267.774676697,330.820734637,10.0105847257,11.5008662295,23.5896380947,30.7834265999,89.8136067555,114.262581152
672,63.0290464499,66.6539545345,7.0964176706,8.18273631311,27.7901058209,32.7269406172,7.3287903758,9.4338607603,8.19521219697,8.45024109738,5.98564634105,7.74893270815,58.9283090745,65.4844277258,11.1796478378,13.9144237163,2.1140093842,2.4569416974,16.7876760881,19.0536960766,118.964313257,130.360904134,256.095849333,316.408605893,8.10187591105,9.68086343317,20.3722095081,26.0480593926,74.3410739148,85.2689726715
673,57.6226465529,61.6888134605,6.88460666373,7.96942629719,27.7898019562,32.7267068792,7.3287903758,9.4338607603,7.70791213723,7.6516967294,5.98564634105,7.74893270815,58.9278399395,65.4838531792,11.1529680375,13.8861049652,2.1140093842,2.4569416974,16.7876760881,19.0536960766,118.964313276,130.360904154,256.434051062,316.834366913,8.08268112968,9.70255538484,20.1301631387,25.7060732325,73.8268407045,85.9822725137
674,56.0220413294,60.3985666449,4.85030868107,5.31028446803,27.7894893451,32.7264101478,7.3287903758,9.4338607603,8.20373918035,8.46138890114,5.98564634105,7.74893270815,58.927300323,65.4831554934,7.42741651743,8.01139049408,2.1140093842,2.4569416974,16.7876760881,19.0536960766,118.964313181,130.360904061,256.549459343,316.976802556,7.7759538861,9.4229451659,20.0092389838,25.5433627355,73.562635628,86.2786404957
675,55.7419318807,60.3407300622,4.87311893097,5.31938555836,27.7892437505,32.7261587096,7.3287903758,9.4338607603,7.70791213723,7.65243548683,5.98564634105,7.74893270815,58.9268430458,65.4825607969,7.45516776347,8.01659653109,2.1140093842,2.4569416974,16.7876760881,19.0536960766,118.964313242,130.360904123,256.630254203,317.080921479,7.76935976759,9.43296928608,19.8766938614,25.3905051591,73.2810893085,86.2424771003
676,55.4464313377,60.2458574137,4.8739770845,5.31549259751,27.7882333749,32.7251395832,7.3287903758,9.4338607603,8.21475688757,8.48231997266,5.98564634105,7.74893270815,58.9247956971,65.48038137,7.45051163002,8.00928179321,2.1140093842,2.4569416974,16.7876760881,19.0536960766,118.964313184,130.360904065,256.379867129,316.770001481,7.60922282334,9.30972548364,17.2395103392,21.42206991,63.9013071505,72.5635107139
677,55.2245921771,60.1853321211,4.87975261439,5.31488897589,27.787812358,32.7246580302,7.3287903758,9.4338607603,7.70791213723,7.65727373651,5.98564634105,7.74893270815,58.9240464117,65.479433705,7.45776022708,8.00851411931,2.1140093842,2.4569416974,16.7876760881,19.0536960766,118.964313283,130.360904166,256.293750158,316.667497219,7.60650218515,9.31659534852,17.1372383631,21.2860750183,63.7565865488,72.4567166794
678,55.0328003244,60.143824968,4.8826613273,5.31372416557,27.7876406422,32.7244288601,7.3287903758,9.4338607603,8.22420402084,8.49089219462,5.98564634105,7.74893270815,58.9236918209,65.478944947,7.46056533771,8.00661664813,2.1140093842,2.4569416974,16.7876760881,19.0536960766,118.964313258,130.360904142,256.240681586,316.604404487,7.52985804819,9.24708998682,17.0721190741,21.2033005195,63.6555139713,72.3414979643
679,54.8160763321,60.0631600457,4.88479065636,5.31235095183,27.7867718445,32.7235030904,7.3287903758,9.4338607603,7.70791213723,7.65836768128,5.98564634105,7.74893270815,58.9218500565,65.4769673421,7.46303343026,8.00486002118,2.1140093842,2.4569416974,16.7876760881,19.0536960766,118.964313279,130.360904156,255.905583381,316.190737794,7.51986471958,9.26668222923,16.9771896392,21.0869212881,63.21044028,71.717085301
680,58.189356407,63.599185254,4.96179597403,5.38888563167,27.9028957051,32.8395614734,7.3287903758,9.4338607603,8.23254117282,8.5138948477,5.98564634105,7.74893270815,59.1541916994,65.7091254968,7.54168886968,8.08105355887,2.1140093842,2.4569416974,16.7876760881,19.0536960766,125.075412191,136.472003069,260.864968117,332.461471695,8.56405445783,10.3020958868,17.7413348262,21.8279562247,66.4731826336,74.9900757117
681,58.0088152547,63.5719822806,4.96107931672,5.38823056235,27.9027699019,32.8393971148,7.3287903758,9.4338607603,7.70791213723,7.66014776891,5.98564634105,7.74893270815,59.1539238804,65.7087247505,7.5405636515,8.08009723221,2.1140093842,2.4569416974,16.7876760881,19.0536960766,125.07541209,136.472002969,260.755024493,332.326922178,8.56566365365,10.3011323753,17.7210819848,21.7905157827,66.5215462185,75.0663524966
682,57.566682461,63.2632770389,6.98757600458,8.04003162875,27.8941899743,32.8307898946,7.3287903758,9.4338607603,8.23403183023,8.52397659454,5.98564634105,7.74893270815,59.1366558743,65.6913248276,11.2579200972,13.973287397,2.1140093842,2.4569416974,16.7876760881,19.0536960766,137.298316296,148.694907172,260.370251099,331.85846627,10.8571802718,12.5575467093,19.7636082778,23.9314699462,72.2971010076,80.7316564125
683,57.3591824368,63.1570948467,6.94786186256,8.03666621007,27.8930671543,32.8296298154,7.3287903758,9.4338607603,7.70791213723,7.6612353735,5.98564634105,7.74893270815,59.134306193,65.6887912081,11.2158717401,13.9486795952,2.1140093842,2.4569416974,16.7876760881,19.0536960766,137.298316269,148.694907153,259.648182746,330.965221312,10.8672590125,12.5540245555,19.728910027,23.915569642,71.7430183055,80.0186342296
684,72.3494163992,83.3654824019,14.19170435,16.0221295558,27.8973179598,32.8338809113,7.3287903758,9.4338607603,8.23489328983,8.53692607725,5.98564634105,7.74893270815,59.1427267113,65.6970451968,19.2105325567,22.4609306205,2.1140093842,2.4569416974,16.7876760881,19.0536960766,161.742005495,173.138596378,295.413182182,377.831358718,13.5539788052,15.1990604349,30.1394463811,37.1843198356,107.383646612,122.541696093
685,73.4187331349,83.6405892614,14.2000670244,16.0280133637,27.8970887481,32.8336518704,7.3287903758,9.4338607603,7.70791213723,7.66571418511,5.98564634105,7.74893270815,59.142231409,65.6963610978,19.2012984645,22.4578017777,2.1140093842,2.4569416974,16.7876760881,19.0536960766,161.74200559,173.138596474,294.982505042,377.285804286,13.5869304776,15.1712855182,30.3067621447,37.3929258333,107.463887072,122.841580332
686,74.6086504993,82.7068108481,12.9116574015,14.5229963811,23.5746741627,27.5388210606,1.5862903758,2.6843607603,3.78540482705,3.08116185598,1.85264634105,2.75143270815,50.1089966574,54.6888399907,20.8286893526,23.6563904699,0.962509384202,1.0739416974,9.3856760881,10.1491960766,148.333203363,154.563294248,290.309727551,369.75436269,12.2794700606,13.3248602314,36.0160033051,38.5459303107,126.025643649,155.487513012
687,74.6834557184,82.4258766982,12.9140098517,14.5254887946,23.5743045968,27.5394779609,1.5862903758,2.6843607603,3.24641213723,2.18770599486,1.85264634105,2.75143270815,50.106944091,54.6884466374,20.8221853991,23.6342494311,0.962509384202,1.0739416974,9.3856760881,10.1491960766,148.333203351,154.56329423,290.218586455,369.649857595,12.3350360623,13.2679554295,36.5662807661,39.2285956646,127.550410318,154.710757952
688,100.690727931,108.114016647,10.4167782942,12.0279645737,23.5775488141,27.5432618114,6.40836021779,11.3986958808,3.75849627284,3.02897107121,6.75734535168,13.571992479,50.1131827129,54.6954338147,20.8231401852,23.6603689342,0.962509384202,1.0739416974,9.3856760881,10.1491960766,148.333203425,154.563294311,329.916608387,412.145012414,11.2769670828,12.1335460751,50.591448639,56.1696977717,144.937670947,175.171072621
689,82.0106493481,89.2173440447,10.4149856989,12.0265579143,23.5829979665,27.5503372512,6.40836021779,11.3986958808,3.24641213723,2.17137921065,6.72387235075,13.4930194539,50.122431533,54.7073965261,20.8251282688,23.660285791,0.962509384202,1.0739416974,9.3856760881,10.1491960766,148.333203312,154.563294192,330.400544721,412.746307979,11.3056109911,12.0819051649,51.0443490737,57.4483226334,146.215236063,178.034054847
690,82.1327327007,89.2712971551,10.4220938384,12.033540714,23.591126305,27.5595547031,6.40836021779,11.3986958808,3.68743041288,2.91541969306,6.62554984483,13.3482651342,50.1383304234,54.7247407037,17.0853009962,19.9047556068,0.962509384202,1.0739416974,9.3856760881,10.1491960766,129.999906795,136.229997679,327.38683796,409.924981213,9.99973858091,10.6155437292,42.4854268856,50.1771857057,119.856543334,151.854736639
691,78.6998747992,85.914719057,10.4240383058,12.0351681392,23.5946792943,27.5641990454,6.40836021779,11.3986958808,3.24641213723,2.15623360686,6.57168671635,13.2977253669,50.1440242754,54.7316470824,17.0790734673,19.9008740792,0.962509384202,1.0739416974,9.3856760881,10.1491960766,129.999906528,136.22999741,328.025406405,410.727589444,10.1179838135,10.5707058293,42.8138203224,50.9355432605,120.225061447,153.054210478
692,96.9525662134,110.518826176,12.920466149,14.5316076897,23.5908198004,27.56149162,13.2295917366,24.8083497066,3.59215257289,2.77085406438,14.0777502999,26.2159757457,50.1417709906,54.7303225948,20.8307422475,23.6694235376,0.962509384202,1.0739416974,9.3856760881,10.1491960766,105.555511141,111.785602021,332.265317111,415.079396155,8.69250424762,9.0749089911,29.1291584411,35.8993038885,97.5554863069,126.115112782
693,97.226491494,110.710353063,12.928793859,14.5399170363,23.5917319823,27.5632714618,13.2295917366,24.8083497066,3.24641213723,2.14922677986,14.0685395644,26.2159757457,50.1429505514,54.7315299581,20.8355343457,23.6738157882,0.962509384202,1.0739416974,9.3856760881,10.1491960766,105.555510976,111.785601861,333.196436151,416.228963918,8.78874937096,9.04298862812,29.136200741,36.179614537,97.4322373966,125.450062508
694,106.035877073,119.240050921,13.7052311869,15.3169280038,23.902598439,27.8752734396,13.2295917366,24.8083497066,3.50546016014,2.62192410096,14.0685395644,26.2159757457,50.4151735682,55.0043723417,21.2250412782,24.0427319311,0.962509384202,1.0739416974,9.3856760881,10.1491960766,105.555981973,111.786072858,334.254229257,417.456176476,8.9119825717,9.0908068354,27.8931991951,34.1559384295,95.6452507481,122.35273412
695,115.295496795,128.41547695,13.2539004875,14.8651590223,23.9518652785,27.9250313964,13.2295917366,24.8083497066,3.24641213723,2.14813893266,14.0685395644,26.2159757457,50.6840952861,55.2718058575,21.1504337638,23.9907842697,0.962509384202,1.0739416974,9.3856760881,10.1491960766,105.555981922,111.786072804,335.473481954,418.838417671,8.80572683919,9.08988482242,27.593700395,33.7182430027,95.4560222487,121.490085074
696,118.420944808,135.908036517,13.1819831037,14.7932224751,23.5819220721,27.5557414059,17.7770794158,33.7481189238,3.46224447146,2.53949616906,19.0855610152,34.8281426649,50.1164745873,54.7039649058,20.8853642095,23.7128460206,0.962509384202,1.0739416974,9.3856760881,10.1491960766,105.555982183,111.786073059,335.232023116,418.720997918,8.91122464512,8.99419744331,28.1573170724,34.0779093004,95.3284470653,121.777997726
697,116.476741153,134.088319415,12.9334901166,14.5445308544,23.5833419365,27.5576809185,17.7770794158,33.7481189238,3.24641213723,2.13658179519,19.0855610152,34.8281426649,50.1182757594,54.7055318331,20.829595122,23.6731552692,0.962509384202,1.0739416974,9.3856760881,10.1491960766,105.555982168,111.78607294,336.206857599,419.927222428,8.97894268618,8.97299530899,28.2712892616,34.2483447235,95.5214017278,122.456312537
698,117.962563191,135.540561033,12.9507666189,14.5613990032,23.6030992336,27.5779096047,17.7770794158,33.7481189238,3.41552443674,2.45713864211,19.0855610152,34.8281426649,50.1566978959,54.7439535464,17.1002523987,19.9242796631,0.962509384202,1.0739416974,9.3856760881,10.1491960766,105.556688597,111.78677949,333.272259583,417.167211819,8.78739783834,8.73495873113,28.2668786434,34.6615405964,86.3271075291,111.145813463
699,116.982106875,134.558360631,12.9506801245,14.5617339361,23.6037834035,27.5790485462,17.7770794158,33.7481189238,3.24641213723,2.13232285905,19.0855610152,34.8281426649,50.1568695332,54.7442556632,17.0972644444,19.9209322222,0.962509384202,1.0739416974,9.3856760881,10.1491960766,105.556688476,111.786779362,333.301909859,417.191250469,8.77413652397,8.72854499696,28.2549328338,34.6312955818,85.9819018901,110.326660245
700,114.794705597,132.393596464,10.4550712268,12.0665999256,23.6103901418,27.5859999082,17.7770794158,33.7481189238,3.36053311539,2.42470980111,19.0855610152,34.8281426649,50.1684970398,54.7560026753,17.0998461385,19.925458975,0.962509384202,1.0739416974,9.3856760881,10.1491960766,105.555982068,111.786072959,333.434874071,417.357252178,8.7356929708,8.6445702394,28.3309238634,34.6951473178,86.0689015195,110.404064813
701,114.780901462,132.381877345,10.4479212967,12.0600206492,23.6109440287,27.5867105683,17.7770794158,33.7481189238,3.24641213723,2.10886692168,19.0855610152,34.8281426649,50.1684617899,54.7560468891,17.0978901461,19.9234703759,0.962509384202,1.0739416974,9.3856760881,10.1491960766,105.555982023,111.786072911,333.523034554,417.466718161,8.72464091244,8.64381643326,28.3113303655,34.6433004066,86.0838310433,110.256338813
702,112.877063131,130.4791734,10.4418807508,12.0541207386,23.6045085319,27.5802166975,17.7770794158,33.7481189238,3.38109958162,2.47334534836,19.0855610152,34.8281426649,50.1546880858,54.7422956348,17.0899763998,19.9157616298,0.962509384202,1.0739416974,9.3856760881,10.1491960766,105.555511027,111.785601917,333.254995589,417.118670046,9.26375067242,9.34775782293,27.8126120218,33.789085048,85.4753721111,108.789171018
703,112.567911584,130.16836748,10.4374251999,12.0507703942,23.6020259027,27.5773936696,17.7770794158,33.7481189238,3.24641213723,2.10886692168,19.0855610152,34.8281426649,50.148813483,54.7363181862,17.087857444,19.913144431,0.962509384202,1.0739416974,9.3856760881,10.1491960766,105.555511017,111.785601892,331.875573562,415.381951927,9.1611914779,9.3913635821,27.5319337096,33.1808505659,84.0061577894,106.130260683
704,112.177013921,129.773728659,10.3924824898,12.0057945064,23.5512944514,27.5259266624,17.7770794158,33.7481189238,3.50349204894,2.66748436607,19.0855610152,34.8281426649,50.0443501083,54.6315471727,20.8004076626,23.6374619458,0.962509384202,1.0739416974,9.3856760881,10.1491960766,129.999906743,136.229997633,317.624957677,400.737938792,12.8672026397,13.1396451461,29.4621718106,34.5815404383,97.4272897168,118.961113116
705,111.731146368,129.325958147,10.3891495306,12.0025134223,23.5493881035,27.5229600708,17.7770794158,33.7481189238,3.24641213723,2.10886692168,19.1095958641,34.8281426649,50.040075181,54.6269125761,20.7983170708,23.6172611837,0.962509384202,1.0739416974,9.3856760881,10.1491960766,129.999906537,136.229997423,316.461094003,399.288611888,12.7536657544,13.1911431996,29.1566361833,33.7478658339,96.4646962658,116.683066248
706,103.707579471,118.493796218,14.1506512027,15.9807218978,27.8344230106,32.7787451202,18.9720917366,31.5578497066,8.04901135637,8.30916203162,18.2015395644,31.2134757457,58.9986425975,65.5585721995,22.9124399132,26.1689100997,2.1140093842,2.4569416974,16.7876760881,19.0536960766,173.964203359,185.360794407,299.159848058,381.519649154,19.1694025781,20.0193073431,37.7991078553,45.3101356712,117.191051153,140.436897848
707,103.127098155,118.130828571,14.1521805983,15.9814746173,27.8331714382,32.7762395011,18.9720917366,31.5578497066,7.70791213723,7.58786692168,18.2219819918,31.2134757457,58.9963176438,65.5558919486,22.9123481856,26.1563275757,2.1140093842,2.4569416974,16.7876760881,19.0536960766,173.9642033,185.360794134,298.104148911,380.226084428,19.1259599872,20.046135715,37.7146286316,45.083916662,116.849390341,139.403900549
708,114.107988767,124.799917254,14.1512998697,15.9803461117,27.8314319562,32.7733349055,14.4246040574,22.6180804894,8.11653478198,8.42515298254,13.2244248822,22.6254584645,58.993385472,65.5527076951,22.9123217184,26.1559198292,2.1140093842,2.4569416974,16.7876760881,19.0536960766,173.9642034,185.360794283,281.850431605,352.36325965,20.359367994,21.171464392,45.485780948,57.2116331599,147.666352437,185.377892337
709,94.9164991276,105.636812727,14.1522294835,15.9803091891,27.8299914376,32.7708613613,14.4246040574,22.6180804894,7.70791213723,7.58786692168,13.2280834674,22.6491510452,58.991139905,65.5502159817,22.912746866,26.1551119884,2.1140093842,2.4569416974,16.7876760881,19.0536960766,173.964203374,185.360794259,281.281030684,351.679814222,20.3787193051,21.1798720151,45.7305763646,57.5880291232,148.081244833,186.537902627
710,98.2243951299,109.000517576,14.2287105265,16.0570154721,27.9442829374,32.8843001049,7.3287903758,9.4338607603,8.17904497948,8.47920795096,5.98564634105,7.74893270815,59.2203864905,65.7792683758,19.2447902613,22.4873027046,2.1140093842,2.4569416974,16.7876760881,19.0536960766,161.742005592,173.13859647,277.099875363,347.316044218,19.8142582792,20.7190716739,46.270191968,59.496776713,149.974014963,194.941328337
711,94.7666603455,105.790644494,14.2270503847,16.0556301353,27.9421758443,32.8815683038,7.3287903758,9.4338607603,7.70791213723,7.58786692168,5.98564634105,7.74893270815,59.21713676,65.775836831,19.2370861712,22.4802668226,2.1140093842,2.4569416974,16.7876760881,19.0536960766,161.742005603,173.138596482,276.69940889,346.840475243,19.8233509796,20.7265519925,46.4553302506,59.7646531069,150.534068112,196.415510877
712,90.9575311948,101.869947692,11.7215570675,13.5495486067,27.9333610372,32.8722607459,7.3287903758,9.4338607603,8.20784846551,8.53438559019,5.98564634105,7.74893270815,59.2002579617,65.7587573111,19.2299916665,22.4729884633,2.1140093842,2.4569416974,16.7876760881,19.0536960766,161.742005501,173.138596382,260.34040311,330.358696627,19.56192365,20.5208008295,49.8518666981,63.1224626528,160.853873915,209.113221782
713,90.7837324715,101.702862427,11.7158110572,13.5443069285,27.9316078554,32.8701700893,7.3287903758,9.4338607603,7.70791213723,7.58786692168,5.98564634105,7.74893270815,59.1975638741,65.755894999,19.2286015261,22.4715607171,2.1140093842,2.4569416974,16.7876760881,19.0536960766,161.742005554,173.138596436,260.046489949,329.977412179,19.5061691321,20.5390887902,49.8286406892,63.1239991065,161.130016534,209.663849031
714,80.8205775379,91.5766129121,11.677165261,13.5057721356,27.8675532437,32.8062411081,7.3287903758,9.4338607603,8.23657865284,8.6408018617,5.98564634105,7.74893270815,59.0839384878,65.6425438899,19.1890954954,22.4320592532,2.1140093842,2.4569416974,16.7876760881,19.0536960766,149.520514438,160.917105316,259.599379107,329.472875807,16.7147729376,17.8279868943,48.6106087087,61.8463015626,147.171033145,192.009021778
715,81.4130214787,92.0525782385,11.6755549084,13.5041030952,27.8667832462,32.8040703893,7.3287903758,9.4338607603,7.70791213723,7.58786692168,5.98564634105,7.74893270815,59.0844579476,65.6409405188,19.1856850439,22.4298093834,2.1140093842,2.4569416974,16.7876760881,19.0536960766,149.520514342,160.917105214,259.164905292,328.924810016,16.700192692,17.8419734395,48.6538756392,61.8891020382,146.865781894,191.71494222
716,56.0364903815,59.1798672498,11.6194392343,13.4479266998,27.7832451187,32.7203147329,7.3287903758,9.4338607603,8.26369605013,8.73151883545,5.98564634105,7.74893270815,58.9044969319,65.4608967434,19.1295815776,22.3730333893,2.1140093842,2.4569416974,16.7876760881,19.0536960766,137.297609961,148.694200845,253.867541178,312.229730748,13.0872016441,14.4397081328,36.3678354675,48.0111214416,119.666444335,159.573943307
717,55.8672949469,59.0833519862,11.6175909612,13.4465585393,27.7823595627,32.7190703029,7.3287903758,9.4338607603,7.70791213723,7.58786692168,5.98564634105,7.74893270815,58.9037121477,65.4596295145,19.1268161221,22.3706740432,2.1140093842,2.4569416974,16.7876760881,19.0536960766,137.297609932,148.694200818,253.663336881,311.985845177,13.0733008144,14.4536691246,36.3864084866,47.9568508585,120.229592568,159.535833375
718,72.7853799978,76.1263783074,12.4321566901,14.2609287251,28.153985722,33.0909119409,7.3287903758,9.4338607603,8.2817042147,8.77057351162,5.98564634105,7.74893270815,59.3040731293,65.86031664,19.5564540441,22.8000762257,2.1140093842,2.4569416974,16.7876760881,19.0536960766,125.075412179,136.472003057,253.984471939,312.253678074,10.0085648522,11.5636648516,23.8943931888,31.1767570702,87.5514599525,114.744902825
719,70.7231396378,74.3377513183,11.9488132289,13.7780791383,28.0981092943,33.0339818579,7.3287903758,9.4338607603,7.70791213723,7.58786692168,5.98564634105,7.74893270815,59.3694091613,65.9242393122,19.4591320738,22.7026111356,2.1140093842,2.4569416974,16.7876760881,19.0536960766,125.075412185,136.472003065,254.030866469,312.262125232,9.98367817424,11.5851422392,23.5669479291,30.6951340669,86.7359505276,112.595319329
720,61.1246235241,64.6856101942,7.07664602754,8.1627564653,27.7809827035,32.7171243971,7.5534996038,9.6585699883,8.29055084866,8.78257966122,6.28484183022,8.04812819733,58.9027725824,65.4579412512,11.1654635319,13.8995793751,2.1140093842,2.4569416974,16.7876760881,19.0536960766,118.964313337,130.360904218,247.572661393,305.885345579,8.08348844963,9.77531425699,20.3227347018,25.9321472549,70.9412956313,80.3425181938
721,55.9908920642,59.9112619017,6.86947314171,7.95604101502,27.7812032045,32.717237063,7.5534996038,9.6585699883,7.70791213723,7.58786692168,6.28484183022,8.04812819733,58.9037959898,65.4587701142,11.1404839499,13.8723453526,2.1140093842,2.4569416974,16.7876760881,19.0536960766,118.964313386,130.360904268,247.814872039,306.193206873,8.06698263821,9.79115954978,20.0743539345,25.6053172193,70.900677747,80.9440553259
722,54.4312067597,58.6220816993,4.83587259681,5.29779990667,27.7807452812,32.7167657845,7.5534996038,9.6585699883,8.29246901572,8.73967570779,6.28484183022,8.04812819733,58.9033862386,65.4582301193,7.41578418346,7.99855905552,2.1140093842,2.4569416974,16.7876760881,19.0536960766,118.964313318,130.360904201,247.884127294,306.243975929,7.7586692371,9.5147837197,19.9313372258,25.429422829,70.6155006844,81.3818073528
723,54.0820869227,58.6137468368,4.86191150437,5.30669797012,27.7810445648,32.7170337864,7.5534996038,9.6585699883,7.70791213723,7.58786692168,6.28484183022,8.04812819733,58.9044871501,65.459134456,7.44485189127,8.00306992666,2.1140093842,2.4569416974,16.7876760881,19.0536960766,118.964313406,130.360904291,248.378849429,306.888339344,7.74929420949,9.52688981571,19.7708181031,25.2548193103,71.2380285776,81.964785299
724,53.7690139586,58.6525772016,4.86355290926,5.30422135146,27.7804794025,32.7164755104,7.5534996038,9.6585699883,8.3068449423,8.7140426066,6.28484183022,8.04812819733,58.9038221965,65.4583572931,7.44084138388,7.99738837384,2.1140093842,2.4569416974,16.7876760881,19.0536960766,118.964313372,130.360904257,248.639251894,307.171757905,7.60015022806,9.3918904608,17.2084619203,21.3509983976,62.0733734098,69.8703616013
725,53.4900174073,58.6717327748,4.86990464935,5.30396848911,27.7801999779,32.7160973988,7.5534996038,9.6585699883,7.70791213723,7.58786692168,6.28484183022,8.04812819733,58.9035832531,65.4579184719,7.44832709519,7.99664177342,2.1140093842,2.4569416974,16.7876760881,19.0536960766,118.964313465,130.360904343,249.047670015,307.675254363,7.59778371544,9.40239682618,17.09066211,21.2106190805,62.1983375429,71.128540004
726,53.2801871805,58.7297621772,4.87312538862,5.30319697694,27.7798326935,32.7156215928,7.5534996038,9.6585699883,8.31640824518,8.75027798369,6.28484183022,8.04812819733,58.9031588661,65.4573395582,7.45131717879,7.99514924183,2.1140093842,2.4569416974,16.7876760881,19.0536960766,118.964313463,130.360904343,249.290291404,307.959098953,7.51972527411,9.33876316708,17.0193421573,21.1121968159,61.8825390417,71.1269032822
727,53.1044043609,58.7657468857,4.87614155646,5.30248082587,27.779482041,32.715168903,7.5534996038,9.6585699883,7.70791213723,7.58786692168,6.28484183022,8.04812819733,58.902777102,65.4568002907,7.45458242167,7.99402390975,2.1140093842,2.4569416974,16.7876760881,19.0536960766,118.964313351,130.360904232,249.456608606,308.167429133,7.51730638486,9.34550289393,16.9658123342,21.0331632925,61.6360926685,71.0877933454
728,56.4785439214,62.3112531601,4.95478455482,5.37815360964,27.8938360007,32.8294504047,7.5534996038,9.6585699883,8.32175461898,8.77442890159,6.28484183022,8.04812819733,59.1317843574,65.6856498954,7.53342617916,8.06935385161,2.1140093842,2.4569416974,16.7876760881,19.0536960766,125.075412293,136.472003175,254.684970364,324.77099294,8.55558947905,10.391931411,17.6950146191,21.7451570858,64.7206916137,74.2943238439
729,56.3593007255,62.3253928934,4.95403553335,5.37747242885,27.8932893483,32.8288501735,7.5534996038,9.6585699883,7.70791213723,7.58786692168,6.28484183022,8.04812819733,59.1310671358,65.6847714025,7.5333702247,8.06838086287,2.1140093842,2.4569416974,16.7876760881,19.0536960766,125.075412218,136.472003101,254.76265722,324.858353195,8.56397749721,10.3845867626,17.700938213,21.728398639,64.6889766726,74.5155853229
730,56.0182921833,62.1055184438,6.98132490825,8.02999558258,27.8859285747,32.8214248926,7.5534996038,9.6585699883,8.32416582038,8.78324724568,6.28484183022,8.04812819733,59.1164866786,65.6700203659,11.2514581531,13.9652628378,2.1140093842,2.4569416974,16.7876760881,19.0536960766,137.298316485,148.694907366,254.801099636,324.951114621,10.8471286414,12.6458171988,19.7091069691,23.8274555883,70.6723206793,80.5017285307
731,55.9329980643,62.1080723043,6.94075869102,8.02949432012,27.8853179185,32.8208052804,7.5534996038,9.6585699883,7.70791213723,7.58786692168,6.28484183022,8.04812819733,59.1155973573,65.669005721,11.2083742148,13.9406152727,2.1140093842,2.4569416974,16.7876760881,19.0536960766,137.298316661,148.694907551,254.845338843,325.014458475,10.8631441802,12.6317643083,19.6995172638,23.820344644,70.6982071573,80.7019376288
732,71.0768805173,82.4945859741,14.1843029623,16.0163069572,27.8908546759,32.8263296565,10.78927907,15.6885443485,8.327629517,8.79418327371,9.46547065251,16.2901856663,59.1268683854,65.6801165538,19.2037213943,22.4534576741,2.1140093842,2.4569416974,16.7876760881,19.0536960766,161.742005691,173.138596577,291.276800958,372.777455297,13.5495303518,15.2707853524,30.0648352796,37.0809381506,106.580604137,123.600104196
733,72.4352084168,82.9832157335,14.1946155124,16.0214975616,27.8913765161,32.8268479207,10.78927907,15.6885443485,7.70791213723,7.58786692168,9.44564638119,16.3210523039,59.1281731013,65.6812851984,19.1969006639,22.4526547559,2.1140093842,2.4569416974,16.7876760881,19.0536960766,161.74200581,173.138596689,291.744857198,373.342056757,13.5913599243,15.2219260408,30.2559444436,37.3499789879,107.360312358,125.711440751
734,73.8860197941,82.2156762236,12.9083943465,14.5196011813,23.5710956114,27.5341149631,8.68210405739,15.8685804894,3.85842300119,3.2977831064,9.32297717093,17.9779952072,50.0993207978,54.6781516132,20.8259822393,23.6533755148,0.962509384202,1.0739416974,9.3856760881,10.1491960766,148.333203604,154.563294485,288.107669806,367.092467004,12.2835387642,13.3581869902,35.9110445814,38.4092083993,126.618425167,164.390403663
735,74.3607320052,82.225907177,12.9125897266,14.5240767974,23.5713671961,27.5355743641,8.68210405739,15.8685804894,3.24641213723,2.10886692168,9.26701617005,17.8856346618,50.0988318645,54.6794799995,20.8215575848,23.6328549383,0.962509384202,1.0739416974,9.3856760881,10.1491960766,148.333203432,154.563294314,288.904622357,368.074264574,12.3142129394,13.3047232843,36.3920464374,39.0318160251,128.214613607,158.845195485
736,100.61941352,108.078306112,10.416325498,12.02716191,23.5737983616,27.538437846,15.5033355762,29.2782343152,3.83037245111,3.24097628106,16.7391613042,30.7055111806,50.103906237,54.6849508533,20.8253933021,23.6607535815,0.962509384202,1.0739416974,9.3856760881,10.1491960766,148.333203613,154.5632945,329.165673325,411.24181009,11.1736398795,12.216549277,50.1405426688,55.6272340292,145.1272883,176.113294642
737,82.036325652,89.2244674572,10.4146328243,12.025969969,23.5762588277,27.5417250536,15.5033355762,29.2782343152,3.24641213723,2.10886692168,16.6884781371,30.6200932108,50.1082495205,54.6904377856,20.8245503237,23.6585432344,0.962509384202,1.0739416974,9.3856760881,10.1491960766,148.333203387,154.56329427,330.335315794,412.696941761,11.2482697989,12.139794213,50.8502281275,57.0728059166,146.591908565,178.481363558
738,82.3136505922,89.372489143,10.4221553271,12.0333516795,23.5863914528,27.5527579372,23.6994740226,46.2589358376,3.75187559089,3.07823647965,25.428223624,46.549611087,50.1278433271,54.7113762037,17.0851962773,19.9039414772,0.962509384202,1.0739416974,9.3856760881,10.1491960766,129.999906955,136.229997837,327.734451455,410.379902705,9.96781516139,10.644891732,42.3950109393,49.9857844776,120.201946309,152.202262121
739,79.2154448321,86.3155018176,10.4251093592,12.0359415089,23.5910202247,27.5589398841,23.6994740226,46.2589358376,3.24641213723,2.10886692168,25.4143112347,46.549611087,50.1356619509,54.7211467786,17.079890009,19.9012878539,0.962509384202,1.0739416974,9.3856760881,10.1491960766,129.999906766,136.229997652,328.98920358,411.929958732,9.99077953774,10.6058746392,42.4805400065,50.5035264024,120.651098875,153.232523332
740,97.5678059904,110.974584293,12.9227931902,14.5336426434,23.5867377713,27.5560438291,23.6994740226,46.2589358376,3.6460512416,2.90214628157,25.4143112347,46.549611087,50.1266580585,54.7130094937,20.8306459607,23.671946015,0.962509384202,1.0739416974,9.3856760881,10.1491960766,105.555511255,111.785602137,333.226238984,416.269908263,8.64719621761,9.09293685233,28.9898120081,35.6912209804,97.750856669,125.920463891
741,97.8503491884,111.193817822,12.9310162651,14.5424025742,23.5897852983,27.5600471126,23.6994740226,46.2589358376,3.24641213723,2.10886692168,25.4143112347,46.549611087,50.1318348979,54.7186208242,20.842382484,23.6766196527,0.962509384202,1.0739416974,9.3856760881,10.1491960766,105.555511216,111.785602095,334.292298329,417.569384225,8.59672304592,9.07021182098,28.6678333738,35.5373832654,97.3748998801,124.556176472
742,106.391938254,119.509602292,13.7059232398,15.3177147518,23.8985053722,27.8699185233,23.6994740226,46.2589358376,3.54223312095,2.68804068457,25.4143112347,46.549611087,50.4041634329,54.9913232677,21.2238482714,24.0429339758,0.962509384202,1.0739416974,9.3856760881,10.1491960766,105.555982323,111.786073199,335.388323195,418.856755205,8.94746747272,9.09088326623,27.962214066,34.1409594299,95.8811173654,122.379251587
743,115.84896417,128.976927698,13.2592256633,14.8706810567,23.9528804346,27.9250913817,23.6994740226,46.2589358376,3.24641213723,2.10886692168,25.4143112347,46.549611087,50.6820828459,55.2682855923,21.1544273123,23.9961804971,0.962509384202,1.0739416974,9.3856760881,10.1491960766,105.555982206,111.786073093,336.307190799,419.866186593,8.935624026,9.07082965919,27.8955607512,34.1640085787,95.7448695316,122.344895509
744,118.915335552,136.410684659,13.1886016429,14.7997578303,23.5821169002,27.5553630914,23.6994740226,46.2589358376,3.46246544043,2.53369623981,25.4143112347,46.549611087,50.1138557972,54.7004257164,20.8933918533,23.7250589006,0.962509384202,1.0739416974,9.3856760881,10.1491960766,105.555982387,111.786073271,335.84205397,419.469953512,8.97798549433,8.9661223338,28.2686477222,34.4686425099,95.4080700245,122.385853865
745,116.712088911,134.307351528,12.9365313732,14.5474294279,23.5830871865,27.5571760526,23.6994740226,46.2589358376,3.24641213723,2.10886692168,25.4311320958,46.549611087,50.114603715,54.701074281,20.8323621923,23.6556845477,0.962509384202,1.0739416974,9.3856760881,10.1491960766,105.555982361,111.786073243,336.394989036,420.152060919,9.00237008155,8.95210070559,28.2725072214,34.4806472877,95.5575219109,122.753888546
746,118.041161676,135.610709582,12.9527317993,14.5634088753,23.6021478388,27.5769874449,23.6994740226,46.2589358376,3.39065712243,2.45618819956,25.4812561601,46.549611087,50.1513631579,54.7378265344,17.1015758318,19.9266152039,0.962509384202,1.0739416974,9.3856760881,10.1491960766,105.556688836,111.786779716,332.957050862,416.772686314,8.85293216662,8.71444529553,28.3652661516,34.929130494,86.1465149408,111.191333774
747,116.908389952,134.472318487,12.9514117324,14.5625771456,23.602240948,27.5777507769,23.6994740226,46.2589358376,3.24641213723,2.10886692168,25.4143112347,46.549611087,50.1500716896,54.73667913,17.0979554695,19.9214173376,0.962509384202,1.0739416974,9.3856760881,10.1491960766,105.55668884,111.786779756,332.608493448,416.319645109,8.68162644408,8.73322100691,28.0342517766,34.4025716691,85.5439666264,109.598484307
748,114.678096596,132.272883505,10.4550759628,12.0672024889,23.6087503447,27.5846585019,23.6994740226,46.2589358376,3.39726189797,2.47803554932,25.4495856687,46.549611087,50.1613630923,54.7480029098,17.0995389831,19.9258112714,0.962509384202,1.0739416974,9.3856760881,10.1491960766,105.555982391,111.786073246,333.110135447,416.955107572,8.68489087892,8.65367284034,28.168432378,34.4146728115,85.8313432594,109.777205255
749,114.551104818,132.148780423,10.4476526612,12.0593347396,23.6079286363,27.5839177181,23.6994740226,46.2589358376,3.24641213723,2.10886692168,25.4426426703,46.549611087,50.1581854416,54.7448985065,17.0960660016,19.9220974736,0.962509384202,1.0739416974,9.3856760881,10.1491960766,105.555982215,111.786073095,332.880002646,416.667418282,8.67556006819,8.66598138093,28.1682369845,34.3191733117,85.4946361135,109.154927519
750,112.58616641,130.185893426,10.4396528191,12.0521830349,23.6007440767,27.5764520459,23.6994740226,46.2589358376,3.44807024412,2.54960134823,25.44325348,46.549611087,50.1427039313,54.7293879202,17.0883551074,19.9138142028,0.962509384202,1.0739416974,9.3856760881,10.1491960766,105.55551125,111.785602136,332.482900973,416.175971753,9.3392811894,9.35664415768,27.912180859,33.8318023028,85.1301648948,108.435281846
751,112.387703062,129.987482432,10.4360558693,12.0491034112,23.5993946627,27.5746051531,23.6994740226,46.2589358376,3.24641213723,2.10886692168,25.4143112347,46.549611087,50.1390053226,54.7256295094,17.0868667172,19.912091267,0.962509384202,1.0739416974,9.3856760881,10.1491960766,105.555511097,111.785601979,332.332713805,415.977379492,9.15324097021,9.40067676741,27.5029479409,33.1939737868,84.7335327499,107.226168326
752,112.173580019,129.773028053,10.3922147903,12.0049476723,23.5477918895,27.5222350734,23.6994740226,46.2589358376,3.52604286615,2.72118570481,25.4143112347,46.549611087,50.0350574964,54.6214131814,20.8003128032,23.6358145126,0.962509384202,1.0739416974,9.3856760881,10.1491960766,129.999906808,136.229997692,318.712726043,402.122195061,12.9520304529,13.142067304,29.5925055433,34.8101097971,98.4233559589,120.402502256
753,111.96823572,129.566930706,10.3897332495,12.0024656421,23.5459915691,27.5194161111,23.6994740226,46.2589358376,3.24641213723,2.10886692168,25.4143112347,46.549611087,50.0309771042,54.6169786611,20.7992794324,23.6174795009,0.962509384202,1.0739416974,9.3856760881,10.1491960766,129.999906679,136.229997563,317.93903282,401.15672446,12.7813289999,13.1944515582,29.213622132,33.8815612947,97.3453580061,118.246883191
754,104.202365246,118.879522541,14.1513404261,15.981172207,27.8311822274,32.7753881429,29.4419740226,53.0084358376,8.06518945609,8.35303713381,29.5473112347,51.547111087,58.9897745178,65.5488659172,22.9129248965,26.1698780882,2.1140093842,2.4569416974,16.7876760881,19.0536960766,173.964203531,185.36079449,301.096207274,383.927969433,19.1882155895,20.0334184019,37.8029513608,45.3566942997,118.598278201,142.055474558
755,104.042232806,118.850530878,14.1539859173,15.9829834318,27.8305140075,32.7734932282,29.4419740226,53.0084358376,7.70791213723,7.58786692168,29.5473112347,51.547111087,58.9887580708,65.5474914329,22.9166367654,26.1575675935,2.1140093842,2.4569416974,16.7876760881,19.0536960766,173.964203494,185.360794378,300.63299297,383.37166361,19.1930912083,20.0465990026,37.8064049168,45.2180006193,118.613846932,141.190194131
756,115.216859539,125.673245001,14.154467476,15.9831766295,27.8300505757,32.7718648435,23.5195794158,40.4976189238,8.12747333948,8.44258284901,23.2431556702,39.8256426649,58.9882523969,65.5467625112,22.9149433388,26.1581230047,2.1140093842,2.4569416974,16.7876760881,19.0536960766,173.964203596,185.360794472,284.923126019,356.177009317,20.4144724271,21.1704126145,45.5769961082,57.3444880974,149.639952356,187.362014564
757,96.369741793,106.851674416,14.1570341434,15.9852686478,27.8300730136,32.7708754328,23.5195794158,40.4976189238,7.70791213723,7.58786692168,23.2602483643,39.8285247523,58.9890722093,65.5474033612,22.9166592012,26.1590451675,2.1140093842,2.4569416974,16.7876760881,19.0536960766,173.964203591,185.360794469,285.055927328,356.3561379,20.4134514093,21.1749756559,45.7976740431,57.697610524,150.092951171,188.719758751
758,99.9108754114,110.424658377,14.2356433505,16.0637725884,27.9456715464,32.8856720541,23.5195794158,40.4976189238,8.19104695916,8.50729112076,23.2787500199,39.8629524781,59.2211091972,65.779313651,19.250390635,22.4927423875,2.1140093842,2.4569416974,16.7876760881,19.0536960766,161.742005675,173.138596554,281.423803342,352.668507881,19.9090997819,20.699925912,46.4522462977,59.7388149913,152.296618434,197.283016996
759,97.1449382364,107.931119495,14.2366308498,16.0647300878,27.9461808182,32.8855093022,23.5195794158,40.4976189238,7.70791213723,7.58786692168,23.2865564908,39.8807733686,59.2230092636,65.7810682321,19.2447191521,22.4879028153,2.1140093842,2.4569416974,16.7876760881,19.0536960766,161.742005714,173.138596594,281.235009868,352.43895599,19.889308401,20.7014993271,46.594604482,59.9963288673,152.349375445,197.956652071
760,92.9832500483,103.662166174,11.7314528899,13.5597693483,27.9379991983,32.876871988,21.2458355762,36.0277343152,8.211104175,8.54566964454,20.7861740944,35.5939715641,59.2075644286,65.7655422201,19.2383521732,22.4815661251,2.1140093842,2.4569416974,16.7876760881,19.0536960766,161.742005637,173.138596518,264.71646501,335.743234507,19.6283901624,20.4901300196,50.0004403315,63.3665763167,162.421121445,210.399389713
761,92.686810243,103.448384464,11.7273001231,13.5557021644,27.9373515054,32.8758975243,21.2458355762,36.0277343152,7.70791213723,7.58786692168,20.7940260449,35.6083097817,59.2071828768,65.7650421465,19.2372390189,22.480554611,2.1140093842,2.4569416974,16.7876760881,19.0536960766,161.742005716,173.138596599,263.952229038,334.8112928,19.5962249131,20.4978738207,50.007405926,63.3977243426,162.094972052,210.490779632
762,82.1945677237,92.8743652822,11.6881026073,13.5166911795,27.8744698889,32.8131519589,11.1888245912,16.5881061292,8.22662050079,8.56558829826,10.3468034075,14.8064488759,59.0828822866,65.6411081742,19.1978758722,22.4413074489,2.1140093842,2.4569416974,16.7876760881,19.0536960766,149.520514661,160.917105541,263.055824144,333.758647755,16.8145354328,17.7715473314,48.7866163144,62.1160216419,147.928699204,192.816257792
763,82.5559298815,93.0035094002,11.6866274639,13.5154344382,27.8747721635,32.8123024233,11.1888245912,16.5881061292,7.70791213723,7.58786692168,10.3468034075,14.8064488759,59.0855618276,65.6421125658,19.1955854384,22.4391076713,2.1140093842,2.4569416974,16.7876760881,19.0536960766,149.520514436,160.917105309,262.352534142,332.885686962,16.7903767243,17.7790660715,48.8107112253,62.1479475918,147.819351561,192.700735185
764,56.9603059542,59.9631161925,11.6294123785,13.4582899026,27.7902351931,32.7276633545,7.5534996038,9.6585699883,8.23477600315,8.57988634902,6.28484183022,8.04812819733,58.9168882621,65.4734455448,19.1373666156,22.3810365635,2.1140093842,2.4569416974,16.7876760881,19.0536960766,137.297610173,148.694201058,256.408044503,315.326056971,13.1683611215,14.3411744719,36.5642889992,48.307545754,120.451832003,160.023490172
765,56.5961440891,59.6653835339,11.627474792,13.4563307754,27.7897915736,32.7270249015,7.5534996038,9.6585699883,7.70791213723,7.58786692168,6.28484183022,8.04812819733,58.9168213661,65.4730486575,19.1347732734,22.3784980957,2.1140093842,2.4569416974,16.7876760881,19.0536960766,137.297610164,148.694201051,255.853325648,314.655366339,13.1221727041,14.3550745799,36.5086276997,48.1908512271,120.884757115,160.067589908
766,73.0728401821,76.2421419556,12.434117109,14.2632130564,28.1532729992,33.0908589261,7.5534996038,9.6585699883,8.24378762811,8.59710085859,6.28484183022,8.04812819733,59.3003113598,65.8569541531,19.5561153169,22.8001757166,2.1140093842,2.4569416974,16.7876760881,19.0536960766,125.075412258,136.472003137,255.908554069,314.593338108,10.0743589706,11.4462245514,24.0720478681,31.4536251776,88.5244511614,115.749401201
767,71.5918485031,74.9857034235,11.9643727019,13.7935550701,28.1114042352,33.0480748606,7.5534996038,9.6585699883,7.70791213723,7.58786692168,6.28484183022,8.04812819733,59.3905581116,65.9458474023,19.4718045956,22.7158217505,2.1140093842,2.4569416974,16.7876760881,19.0536960766,125.075412292,136.472003172,255.590939714,314.130769562,10.0306560784,11.4758920399,23.7054349641,30.9411096587,87.6239005535,113.041674268
768,62.9215343148,66.2707367927,7.08803700751,8.17442398696,27.7877302494,32.7247148805,7.5534996038,9.6585699883,8.25233650912,8.61589043669,6.28484183022,8.04812819733,58.9147848217,65.4704327409,11.1707676245,13.9053629575,2.3890120654,2.7319443786,19.4680920998,21.7341120883,143.884912612,155.281503492,254.479659222,315.861037223,8.09525831815,9.66635260413,19.7175162683,25.0538921382,66.1085339682,75.0124910441
769,57.4976155984,61.1763202386,6.87575655482,7.96030409262,27.7865191383,32.723463628,7.5534996038,9.6585699883,7.70791213723,7.58786692168,6.28484183022,8.04812819733,58.9128074737,65.4683217516,11.1445147961,13.8771036331,2.3890120654,2.7319443786,19.4680920998,21.7341120883,143.88491259,155.28150347,254.324782857,315.62687066,8.07881971122,9.69665672804,19.4537375978,24.6713721457,65.2451813696,75.2458710711
770,55.808909933,59.8450930318,4.84136606572,5.30139492358,27.7868566889,32.7237193036,7.5534996038,9.6585699883,8.26135043455,8.63893491787,6.28484183022,8.04812819733,58.9137980921,65.4690902805,7.41932250933,8.00269667292,2.3890120654,2.7319443786,19.4680920998,21.7341120883,143.884912641,155.28150352,254.15977756,315.372203768,7.76519127306,9.428057581,18.4288192942,23.1461442783,61.2980268454,70.3042402285
771,55.2793109963,59.7047451296,4.86537067036,5.31058886143,27.7856067663,32.7224439366,7.5534996038,9.6585699883,7.70791213723,7.58786692168,6.28484183022,8.04812819733,58.9115828536,65.4667485965,7.44666289888,8.00642033958,2.3890120654,2.7319443786,19.4680920998,21.7341120883,143.884912623,155.281503502,254.039072042,315.192789627,7.75655632164,9.45277984146,18.25077676,22.9493627739,60.7416837199,70.0698006998
772,54.8826856713,59.6691196344,4.86732266327,5.30726287662,27.7852873122,32.7220200459,7.5534996038,9.6585699883,8.27835591281,8.67432518002,6.28484183022,8.04812819733,58.9113272781,65.4662637772,7.44410226467,8.00057200159,2.3890120654,2.7319443786,19.4680920998,21.7341120883,143.88491268,155.281503559,253.946924059,315.059486879,7.60287186826,9.31770568949,17.1525105873,21.3183282305,56.6322327968,64.4448003851
773,54.530409785,59.6389377203,4.87335281162,5.30700614869,27.7850397692,32.7216860211,7.5534996038,9.6585699883,7.70791213723,7.58786692168,6.28484183022,8.04812819733,58.9110804113,65.4658829887,7.45101155117,7.9996949844,2.3890120654,2.7319443786,19.4680920998,21.7341120883,143.884912666,155.281503544,254.115045852,315.304754736,7.59790792899,9.32914325497,17.0533422339,21.1989279493,56.6533406529,64.5165239737
774,54.2121429585,59.6188148821,4.87580522943,5.30558882082,27.784007814,32.7205706758,7.5534996038,9.6585699883,8.28284063404,8.69055376841,6.28484183022,8.04812819733,58.9092421677,65.4639139553,7.45347094848,7.99763825361,2.3890120654,2.7319443786,19.4680920998,21.7341120883,143.884912728,155.281503606,254.181697699,315.395076579,7.52585563672,9.26403473236,17.0023749122,21.1299600438,56.4989223667,64.2366418202
775,54.0480101224,59.7145235572,4.8793548164,5.30548812911,27.7846803216,32.721131612,7.5534996038,9.6585699883,7.70791213723,7.58786692168,6.28484183022,8.04812819733,58.9108314039,65.4653069247,7.45728486165,7.9971253865,2.3890120654,2.7319443786,19.4680920998,21.7341120883,143.884912717,155.281503595,254.691270415,316.083342944,7.51987255337,9.26651845298,16.9306736382,21.0435747774,57.2673311981,64.6414049439
776,65.9633475313,71.8440970528,5.23631294782,5.66237481846,28.3595693457,33.2965051533,7.5534996038,9.6585699883,8.27438619197,8.67094724678,6.28484183022,8.04812819733,60.0610428046,66.6161304042,7.81374394769,8.35346113377,2.3890120654,2.7319443786,19.4680920998,21.7341120883,149.996011601,161.392602489,301.650552292,385.757573118,8.56889038843,10.2952932994,17.7132860978,21.8112366753,61.1362150025,68.6494262822
777,65.8715223386,71.9589815946,5.23717490431,5.66222003284,28.3595656496,33.2964982677,7.5534996038,9.6585699883,7.70791213723,7.58786692168,6.28484183022,8.04812819733,60.0611547501,66.6161004407,7.81494548465,8.3530456331,2.3890120654,2.7319443786,19.4680920998,21.7341120883,149.996011598,161.392602485,302.352495051,386.567922869,8.56284352114,10.305666878,17.6562081343,21.7391679743,61.3647198437,69.6888637687
778,65.8346752419,72.0814589579,7.26329079594,8.31417224429,28.3590914659,33.2960598344,7.5534996038,9.6585699883,8.27634127365,8.67683315541,6.28484183022,8.04812819733,60.0604651451,66.615318174,11.5319855285,14.2471574355,2.526513406,2.9808780324,20.8083001057,23.8378400826,174.679097503,192.30577927,303.469071469,387.926609187,10.8581816178,12.5552255004,21.5233027765,26.7028579375,75.3972397748,87.8992126792
779,65.8243418977,72.207605036,7.22412418396,8.312329784,28.1790891963,33.1142652252,7.5534996038,9.6585699883,7.70791213723,7.58786692168,6.28484183022,8.04812819733,59.7000539065,66.2521489798,11.4910289415,14.2248620084,2.526513406,2.9808780324,20.8083001057,23.8378400826,174.679097753,192.305779527,303.491962988,387.989588371,10.8684282438,12.5501280035,21.5545156126,26.7617987487,75.5734559523,88.2119412325
780,87.7056122588,101.496668166,14.3205744757,16.1451281474,36.5819829662,44.1999112106,10.78927907,15.6885443485,9.43586759362,11.7712363241,9.4258096499,16.2441723857,105.528759342,119.096285899,19.3420528528,22.5836682759,3.40028844485,4.68055446677,59.5816578085,37.5772607629,276.612723246,315.458462227,417.960890158,530.567086391,13.5594737022,15.1867747254,38.0943115852,45.1675676752,125.445042651,146.045747704
781,88.3674688739,101.220119922,14.324968667,16.1527080235,36.5870782709,44.2054715763,10.78927907,15.6885443485,9.43586759362,11.7712363241,9.40199320814,16.2559219155,106.816450621,118.925349095,19.325839836,22.5821396808,3.39673000328,4.68055446677,60.978905214,37.5772607629,278.71658397,318.147922778,418.747476184,531.52101131,13.5989209263,15.1532152391,38.511416069,45.7245559757,126.5375058,154.843013377
782,87.4533203854,97.9524483824,12.9139440734,14.5251945795,64.424858245,87.17605823,8.68210405739,15.8685804894,15.2194038444,13.1246369282,9.29085460507,17.933630671,186.811703647,214.987668201,20.8299252428,23.6572426051,2.79523536568,4.29328908197,59.5098852059,42.7069035095,315.119527875,374.231982585,472.426863459,599.19289781,12.3877452232,13.3968870741,45.3075979049,49.3827931129,147.41878223,184.457333098
783,85.9016543294,95.9643470803,12.9186091377,14.5300068212,65.0701522759,88.1361875139,8.68210405739,15.8685804894,15.2194038444,13.1246369282,9.21286942647,17.8139440124,188.735498785,214.955924952,20.8317888864,23.6668072281,2.79523536568,4.29328908197,55.4560484248,42.7069035095,319.812652496,380.012167682,473.440624395,600.460310856,12.4975505153,13.3114076886,46.0118612679,50.2834072988,148.913027065,183.400193496
784,128.699775244,144.740594907,10.4242407287,12.0357019126,88.0648434136,111.286142624,15.5033355762,29.2782343152,24.9586402561,19.4512376933,16.7004802307,30.6499747171,236.0947716,260.961283011,20.8332855765,23.6447437788,5.84831562374,8.68041116458,78.6930943777,86.8690962724,594.233327962,729.263628725,494.799277395,621.997032823,12.0686369035,13.3690902361,38.5018072192,43.3545498224,127.935862938,157.436063141
785,110.531554237,126.249157251,10.4247270497,12.0364849077,89.1325283139,112.816902484,15.5033355762,29.2782343152,24.9586402561,19.4512376933,16.6126761436,30.5292163683,238.89025659,260.990533704,20.8332386484,23.6767945108,5.84025009226,8.7165391003,74.294779346,86.9148316527,595.177355279,730.440311994,496.184611439,623.740700697,12.2782349202,13.2621731343,38.9591347354,44.6484160164,128.386285219,158.403526528
786,134.157046671,158.421520344,10.4354506698,12.0463359666,90.1264803945,114.287847029,23.6994740226,46.2589358376,30.9456646915,23.1631716976,25.416709698,46.549611087,241.794882425,261.033575143,17.0964085657,19.9305910793,5.83085518975,8.73724777297,69.613059515,82.8012532274,577.932141897,713.467053856,514.553300505,642.515066467,10.8878864722,11.8036639767,36.4273577211,43.3839933643,115.50809255,146.839005545
787,134.988726212,159.100117657,10.440523642,12.0518567083,91.0907132553,115.703782634,23.6994740226,46.2589358376,30.9456646915,23.1631716976,25.4143112347,46.549611087,244.694825983,261.039826202,17.0952949068,19.9162489192,5.8295031911,8.74572098218,66.5230054248,82.9024842775,578.864804865,714.611936991,516.437143202,644.855153269,11.2011111564,11.7398501498,37.3746258261,44.6463220835,116.556476056,149.803812302
788,133.722105173,158.019948927,12.9426672661,14.5539477048,94.2644037356,119.398965992,23.6994740226,46.2589358376,30.9456646915,23.1631716976,25.4143112347,46.549611087,251.463102172,265.368520908,20.8456780143,23.698330696,5.85632196074,8.88702722447,65.8432305081,81.9665176825,555.787051684,691.894354556,522.616235805,651.606956972,9.97333011936,10.254428086,28.1819046991,34.0261973763,93.3172043381,120.617368271
789,131.215354643,155.34000712,12.9554400519,14.566450526,94.4661111342,119.687989449,23.6994740226,46.2589358376,30.9456646915,23.1631716976,25.4483113983,46.549611087,250.897971798,273.179750268,20.8518686362,23.6719704019,5.91497848935,9.00072503342,65.6206581956,81.9676805357,555.785973402,691.915803141,523.248193962,652.341374412,10.1216576222,10.2424221678,28.376735463,34.5128700939,92.7530735131,119.616974485
790,137.887093423,161.815603396,13.714703878,15.3261400041,95.2826398782,120.684819962,23.6994740226,46.2589358376,30.9456646915,23.1631716976,25.6140948433,46.549611087,251.912786969,285.39469347,21.2328174537,24.0760021167,5.982234938,9.12726084261,66.8483050629,82.9396109425,556.091598642,692.304666289,524.233897876,653.215022612,10.4546408642,10.398103746,28.919161588,35.130669218,93.5869944192,121.366456982
791,150.220574994,174.117842188,13.2989210395,14.9102244569,95.8718394826,121.027615812,23.6994740226,46.2589358376,30.9456646915,23.1631716976,25.6789943343,46.549611087,251.387241479,292.665543666,21.1996078983,24.0169939743,6.00614092793,9.28449051376,66.8321172506,83.036300611,555.894447043,692.075804292,524.86533254,654.167859175,10.5794320431,10.5173192611,29.1868787152,35.5305926721,93.4788863451,121.774642741
792,138.593925056,162.528043981,13.2274645575,14.8387730952,95.5336741524,120.842245259,23.6994740226,46.2610536673,27.6992525542,21.0543047759,25.6689483669,46.549611087,249.548490276,293.054540246,21.1094413791,23.7612861047,5.6932653781,9.01418730428,67.3499532339,82.6990305359,530.620221625,666.713588503,501.569337433,632.453469341,10.4229315338,10.3234044692,29.5073728993,35.5818254014,92.7259043541,121.02780821
793,136.074928235,160.113587728,12.9621028116,14.5731519617,96.3073746872,121.786074759,23.6994740226,46.3916066397,27.6992525542,21.0543047759,25.7916423099,46.549611087,249.605581674,299.86125712,21.1503942259,23.7509112193,5.72082386089,9.16579779245,67.0012839721,82.7545606536,530.610003831,666.756565983,501.444665719,632.285466055,10.582296347,10.4103903252,29.9560832092,35.8809545743,93.027984633,121.990301713
794,136.839936039,160.872811168,12.9781362471,14.589244725,94.6691426734,120.205751337,23.6994740226,46.4977843289,30.9456646915,23.1631716976,25.8335840718,46.549611087,245.970614483,299.730963653,17.1551951233,19.9463585091,6.04323475876,9.68896068275,66.4792124794,84.0409222252,555.36224162,691.465604514,517.936838847,648.761978949,10.5194024941,10.3800611866,29.8697139592,36.2676785795,88.1121832221,116.959505738
795,135.147100457,159.28726341,12.9752942866,14.5876643437,94.4714029095,119.877100443,23.6994740226,46.5275029913,30.9456646915,23.1631716976,25.7869820061,46.549611087,245.387481964,298.091390807,17.1173801874,19.9447095974,6.02283327867,9.74453335681,65.8574739356,84.0648789092,554.988401588,690.990777839,519.169463796,648.472072148,10.4946821686,10.365896078,29.7447174916,36.1306576086,87.9090635676,116.413818581
796,132.531990608,156.769449185,10.479156043,12.0910795571,94.4654472653,119.732672642,23.6994740226,46.5777572819,30.9456646915,23.1631716976,25.7830778301,46.549611087,244.683937087,297.623994321,17.116580038,19.9437782744,6.0418618633,9.79040310348,63.7737632721,82.2924228946,554.690018442,690.554924735,518.376230387,648.027060911,10.4369249532,10.3033142692,29.71416243,36.0183939954,87.6925900978,115.8712928
797,132.006495206,156.23013525,10.4663641561,12.079570232,93.7271167645,118.586861948,23.6994740226,46.4614036518,30.9456646915,23.1631716976,25.6624595188,46.549611087,244.086898923,291.430351163,17.1163116805,19.9404475426,6.01735123291,9.7245065103,63.5400644231,82.2229783126,554.531812524,690.12763173,518.10173079,647.804467251,10.2695468368,10.189128322,29.3446766902,35.5486369359,87.2667740672,114.676342126
798,129.715109976,153.939308563,10.4569814555,12.0705938332,91.565269269,115.827111894,23.6994740226,46.3192476912,30.9456646915,23.1631716976,25.5774282095,46.549611087,238.346624008,275.508826313,17.1103548272,19.9376672682,5.94764545536,9.53760050048,63.3371134875,82.1184968286,554.170313342,689.512016015,517.304979667,646.77436361,10.6798592825,10.7114192248,28.6378289586,34.4153492684,86.1245897201,111.923964819
799,129.211039039,153.415653862,10.4479899827,12.0607173465,90.4405654576,114.226898602,23.6994740226,46.2589358376,30.9456646915,23.1631716976,25.5471794317,46.549611087,236.71428305,268.695634673,17.1073288736,19.938772899,5.9444853967,9.41144568452,62.8063843088,81.9490443226,553.798888407,688.951224346,516.852512111,646.23410356,10.5937202641,10.6360928076,28.2108365032,33.8464527479,85.2457210848,109.95869139
800,128.823184105,153.003185716,10.4004645223,12.0128219761,88.376589441,112.214216413,23.6994740226,46.2589358376,30.9456646915,23.1631716976,25.42816551,46.549611087,232.430539255,254.841758339,20.8198838729,23.6452988098,5.87386409279,9.16270631036,65.0215068578,83.2140287411,577.717904953,712.73159627,519.283805421,648.351930973,14.1202978256,14.334363703,29.7730096877,35.0135103844,98.7026557856,123.253085176
801,128.747767193,152.889875082,10.3971751235,12.0094097919,87.9256819282,111.554981386,23.6994740226,46.2589358376,30.9456646915,23.1631716976,25.4143112347,46.549611087,232.219634299,254.658344878,20.8020049876,23.6250869513,5.85803727111,9.02814182188,65.9793515412,83.1790558349,577.624152408,712.640667442,519.184846759,648.138734981,13.9684749006,14.3494460129,29.4910621935,34.0282667197,98.1875518709,121.917646654
802,135.501246906,160.986740071,14.1591734917,15.9876980098,70.1002259269,94.4959415119,29.4419740226,53.0084358376,14.7065362507,12.3114006041,29.5473112347,51.547111087,201.076373724,225.624788002,22.9188926669,26.1642988186,4.77174340928,6.96758020839,69.9338925287,83.4977266759,546.232698051,661.781540691,526.780184194,658.313659993,19.6067935149,19.9744327646,40.065331026,47.516938334,123.669067582,150.68008968
803,135.624732175,161.090295854,14.1652517347,15.9928092269,70.1781486016,94.6190451661,29.4419740226,53.0084358376,14.7065362507,12.3114006041,29.5473112347,51.547111087,201.789818791,225.624644391,22.9213561751,26.1643053543,4.78067114454,6.94702637837,70.8856361853,83.4977266759,546.433500097,662.0348004,527.092238275,658.599968167,19.5935756447,19.9992789596,40.0892207128,47.4205580653,123.946715495,150.484261651
804,143.289574893,162.196573332,14.1659342738,15.9937903462,70.2579519787,94.7459639951,23.5195794158,40.4976189238,7.70791213723,7.89401138391,23.2185610152,39.8256426649,202.561049565,225.628090666,22.9285071801,26.1766000037,3.94673536568,5.67628908197,54.868011933,61.6945101476,447.029418292,537.777508265,392.882219371,495.593784416,20.7230366053,21.0345028052,43.630434877,53.9223564392,151.2213144,190.056457641
805,124.507293815,143.423801752,14.165473789,15.9928290832,69.7647217371,94.0196943534,23.5195794158,40.4976189238,7.84283018335,7.58786692168,23.2185610152,39.8256426649,200.973222916,225.625051842,22.9365354888,26.1698301933,3.95062727963,5.67628908197,55.0093805757,61.7125220979,446.528576409,537.156498205,392.452851774,494.992987797,20.7137084007,21.0566106724,43.8857514164,54.2621233741,151.096207442,190.350507407
806,124.365704322,143.286772822,14.1639297211,15.9921594864,69.5889185953,93.7657258674,23.5195794158,40.4976189238,7.70791213723,8.10221036384,23.2185610152,39.8256426649,200.849906358,225.610621169,19.180650275,22.4255713649,3.94673536568,5.67628908197,54.2534070919,60.4101145432,434.23238486,524.838695306,388.291552676,490.698855856,20.1816934838,20.5922678118,45.5171112864,57.9361184225,155.02475555,202.05162468
807,124.192076169,143.130756759,14.1628273318,15.9908760043,69.4101021602,93.5055570075,23.5195794158,40.4976189238,7.94804054849,7.58786692168,23.2209594785,39.8256426649,200.776816818,225.608857639,19.1723490003,22.4154826272,3.94673536568,5.67628908197,54.8069223756,60.4101145432,434.192113527,524.78663929,388.240934822,490.622847234,20.1336922053,20.6103412188,45.54035685,58.0642810755,154.915205085,202.090896062
808,112.821028769,129.812254431,11.6618217736,13.490017849,69.1618092367,93.1372449204,21.2458355762,36.0277343152,7.70791213723,8.23184831119,20.7302616863,35.5452380277,199.968269418,225.608401419,19.170197243,22.4143792866,3.67173268448,5.17842177437,49.0695592846,49.3147865542,359.170412579,424.779955702,320.777983443,406.233141206,19.8497225435,20.4108870512,50.3947398665,63.8692905908,167.519429705,218.485006689
809,111.235315041,128.079291429,11.6564632498,13.4846958473,68.9157777426,92.7726653257,21.2458355762,36.0277343152,8.00559434243,7.58786692168,20.7481970416,35.5697961646,199.156684355,225.607844551,19.168073076,22.4123751036,3.67173268448,5.17842177437,49.834491843,49.3147865542,358.86045996,424.388028332,320.384557331,405.786607833,19.79353113,20.4320672385,50.3650593486,63.8706295485,167.360641594,218.587632299
810,80.1518868207,90.3723743166,11.6331163454,13.4620632216,27.7763198001,32.7145717538,11.1888245912,16.5881061292,7.70791213723,8.35569309103,10.3468034075,14.8064488759,58.8914971241,65.4583214703,19.1441667911,22.3886142128,3.67173268448,5.17842177437,49.3900982514,48.672588752,345.559952497,411.192860699,300.1649291,385.447082796,16.9975567381,17.7214185526,47.6232317391,60.028368935,155.453837073,203.024404103
811,80.4474788197,90.6010257449,11.6307457211,13.4593077735,27.7865537943,32.7240295284,11.1888245912,16.5881061292,8.06697826225,7.58786692168,10.3468034075,14.8064488759,58.9141371568,65.4774017803,19.1410588606,22.3850274944,3.67173268448,5.17842177437,49.752041333,48.672588752,340.23854591,404.165234106,299.284895603,384.364183694,16.9109313763,17.7532594895,47.6244765396,59.9894035872,155.278297386,202.962251862
812,58.4877119083,61.262744707,11.6272647989,13.4564710258,27.7925179186,32.7295791475,7.5534996038,9.6585699883,7.70791213723,8.50133642867,6.28484183022,8.04812819733,58.9285676859,65.4869043748,19.1365140628,22.3816264999,2.526513406,2.9808780324,20.8083001057,23.8378400826,174.678391093,192.305072862,264.622427965,326.941913421,13.2446966944,14.3380422914,34.2101638972,44.2035072088,121.33043551,160.737827238
813,57.9490317136,60.9853919527,11.623450234,13.4528838581,27.7952886662,32.7308428573,7.5534996038,9.6585699883,8.12820923284,7.58786692168,6.28484183022,8.04812819733,58.9353496142,65.4924412415,19.1324340801,22.377229925,2.526513406,2.9808780324,20.8083001057,23.8378400826,174.678391148,192.305072913,263.622694624,325.720495063,13.1759607869,14.369714597,33.9177963788,43.7635710859,120.382345862,158.800726106
814,74.4719632274,77.6517664503,12.4351761628,14.2645222818,28.1669305837,33.1012933941,7.5534996038,9.6585699883,7.70791213723,8.64099482276,6.28484183022,8.04812819733,59.3343927874,65.8906961979,19.5597261847,22.8042890705,2.3890120654,2.7319443786,19.4680920998,21.7341120883,149.996011588,161.392602385,262.874651976,324.67200983,10.1095094036,11.4675106588,22.8975511301,29.3424566558,85.0676457314,112.167057318
815,72.3994037684,75.7849758069,11.9495806203,13.7786374461,28.133631863,33.0641899781,7.5534996038,9.6585699883,8.18272855925,7.58786692168,6.28484183022,8.04812819733,59.4420572395,65.9935547078,19.4606579336,22.7045376191,2.3890120654,2.7319443786,19.4680920998,21.7341120883,149.996011535,161.392602425,262.128277665,323.678033838,10.0522960363,11.4947580618,22.5060762202,28.7970662483,83.9669965123,108.968892223
816,62.9619295804,66.2363214192,7.07718786622,8.16365029463,27.7989994865,32.7288852576,7.5534996038,9.6585699883,7.70791213723,8.72904582756,6.28484183022,8.04812819733,58.9399722689,65.4898206467,11.1667083266,13.9015683561,2.3890120654,2.7319443786,19.4680920998,21.7341120883,143.884912828,155.281503717,254.920287338,316.341002671,8.09460960745,9.68324394185,19.613798795,24.7661682742,64.2452472408,71.5035593885
817,57.5674465711,61.1784897986,6.86811380874,7.95466111037,27.7985554623,32.7290161271,7.5534996038,9.6585699883,8.20363813307,7.58786692168,6.28484183022,8.04812819733,58.9388323248,65.4907277593,11.1397713294,13.8714320853,2.3890120654,2.7319443786,19.4680920998,21.7341120883,143.884912783,155.281503671,254.397300158,315.699512905,8.06635875033,9.70717206615,19.3979489079,24.4936053816,64.0217413904,71.9144233902
818,55.8693161875,59.7253664366,4.83347094395,5.29557438186,27.7953364135,32.7275623987,7.5534996038,9.6585699883,7.70791213723,8.77869037392,6.28484183022,8.04812819733,58.9336405604,65.4882737371,7.41373430484,7.99626016632,2.3890120654,2.7319443786,19.4680920998,21.7341120883,143.884912805,155.281503693,253.780508796,314.912627912,7.74498215395,9.45556789095,18.3466199804,22.9759361124,59.6329078246,66.8126891924
819,55.5103167684,59.5686022094,4.85963724465,5.30375201731,27.7940032772,32.7272394334,7.5534996038,9.6585699883,8.21712322596,7.58786692168,6.28484183022,8.04812819733,58.9322962376,65.4881803336,7.44164292143,7.9989002084,2.3890120654,2.7319443786,19.4680920998,21.7341120883,143.884912767,155.281503654,253.371342037,314.418189443,7.73780934819,9.47257689273,18.2077755934,22.8299274666,59.4926437097,66.9358260614
820,55.0718331353,59.4638696864,4.86151480148,5.30057170683,27.7928937622,32.7261154331,7.5534996038,9.6585699883,7.70791213723,8.80902498392,6.28484183022,8.04812819733,58.9309942138,65.4878346195,7.43897979128,7.99328185338,2.3890120654,2.7319443786,19.4680920998,21.7341120883,143.884912799,155.281503684,253.08381098,314.084053399,7.57641440796,9.3495529207,17.0789603031,21.1700223647,55.4635630521,61.2168246387
821,54.6242815877,59.3430661246,4.86700874325,5.29948415847,27.7909621975,32.7241974916,7.5534996038,9.6585699883,8.22865621394,7.58786692168,6.28484183022,8.04812819733,58.9280291624,65.4857145543,7.44513280008,7.99144364611,2.3890120654,2.7319443786,19.4680920998,21.7341120883,143.884912767,155.281503652,252.662497961,313.565616266,7.57629635425,9.36486056761,16.9994748844,21.0641658408,54.8496622829,61.4155834341
822,54.2081986893,59.2125662484,4.86928386001,5.29721248013,27.7894429171,32.7226504501,7.5534996038,9.6585699883,7.70791213723,8.84051888389,6.28484183022,8.04812819733,58.9256361774,65.4830568678,7.44727972723,7.98853639175,2.3890120654,2.7319443786,19.4680920998,21.7341120883,143.884912805,155.28150369,252.187708246,312.996147922,7.49064978598,9.31892558948,16.9071557345,20.9345966125,54.2149558028,61.4689528924
823,53.8950551382,59.1341739609,4.87199129109,5.29589059129,27.7882916368,32.7215355093,7.5534996038,9.6585699883,8.24464816283,7.58786692168,6.28484183022,8.04812819733,58.9241143088,65.4812357223,7.45022945314,7.98680194367,2.3890120654,2.7319443786,19.4680920998,21.7341120883,143.884912779,155.281503663,251.877121283,312.654149356,7.49150501083,9.32430860508,16.867282873,20.8693271311,54.2872603624,61.6143622858
824,57.0316105036,62.4963488506,4.94853400322,5.36957780723,27.8997069888,32.8330126978,7.5534996038,9.6585699883,7.70791213723,8.84474612411,6.28484183022,8.04812819733,59.1474306064,65.7042678175,7.52699592041,8.06014221408,2.3890120654,2.7319443786,19.4680920998,21.7341120883,149.996011726,161.39260261,296.568942252,379.7469041,8.5321773106,10.3733589956,17.6082990363,21.5972583491,56.8816406557,64.9862348859
825,56.7270840598,62.3734435747,4.94830939085,5.36762458465,27.8979074549,32.831274502,7.5534996038,9.6585699883,8.25688793251,7.58786692168,6.28484183022,8.04812819733,59.1442815343,65.7008025082,7.52718586229,8.05793992926,2.3890120654,2.7319443786,19.4680920998,21.7341120883,149.996011704,161.392602587,296.157697676,379.252467463,8.52839408004,10.3931641295,17.5500469414,21.5171739038,56.7544861869,65.2803212697
826,56.2227762201,62.0200149014,6.97466418184,8.01885630597,27.8888286811,32.8222697505,7.5534996038,9.6585699883,7.70791213723,8.88690297299,6.28484183022,8.04812819733,59.1265913628,65.6828088862,11.2444213501,13.948708283,2.526513406,2.9808780324,20.8083001057,23.8378400826,174.679098051,192.305779828,296.227254644,379.240950451,10.8148613779,12.6630841867,21.3766164317,26.4199310486,70.3470677159,82.820074329
827,56.0128449689,61.9419293451,6.92970347636,8.01838242311,27.8879833034,32.8214516705,7.5534996038,9.6585699883,8.27437080556,7.58786692168,6.28484183022,8.04812819733,59.1253489513,65.6812370445,11.1974979567,13.9302398879,2.526513406,2.9808780324,20.8083001057,23.8378400826,174.679098513,192.30578028,295.885017386,378.854226994,10.8288133351,12.6570140827,21.4200983135,26.4542867301,70.9017234847,83.8955996911
828,77.0603511522,90.4483099712,14.1735647505,16.005316577,32.7328483614,38.7355203245,10.78927907,15.6885443485,9.43586759362,11.7712363241,9.45141449855,16.2972983953,97.1659561542,118.653125039,19.1928931573,22.4411610651,3.42375185487,4.68055446677,49.5051100424,37.5772607629,245.485608731,274.030761277,410.52845425,521.362946636,13.5124440066,15.3041734135,37.6771273862,44.5761809062,120.616317484,141.535668148
829,77.8376834217,90.0969224451,14.1808743899,16.0087291272,32.6755929684,38.6318022091,10.78927907,15.6885443485,9.43586759362,11.7712363241,9.42090425415,16.3171866148,97.0807587155,118.490427179,19.1861986571,22.4403453325,3.42316303032,4.68055446677,49.9531667001,37.5772607629,245.286174846,273.947607581,410.506794949,521.321920799,13.5491388589,15.2740445808,38.0733373323,45.0360715157,121.743612266,152.499623236
830,78.6104101768,88.9165838905,12.8949278748,14.5055793381,60.7154122042,81.7901374277,8.68210405739,15.8685804894,15.2194038444,13.1246369282,9.30932204626,17.9828203733,176.861872174,214.953404239,20.8138469953,23.6399447821,2.79523536568,4.29328908197,50.9146235049,42.7069035095,281.716076844,330.116424109,464.612674712,589.771932632,12.3387412482,13.5108637558,44.8665689053,48.6900770823,143.213076902,189.252737158
831,78.9551751873,88.7839402823,12.8991188384,14.5101779115,61.2741586373,82.5264696211,8.68210405739,15.8685804894,15.2194038444,13.1246369282,9.27663181669,17.919697915,177.929042289,214.941765197,20.8221255169,23.6480014276,2.79523536568,4.29328908197,50.014002197,42.7069035095,283.665210443,332.681577869,464.998918787,590.424967461,12.3569710327,13.475884493,45.3048350394,49.2536981247,145.120389254,183.830162165
832,125.775725876,141.734347706,10.40505746,12.0160582623,84.5556634704,106.103067988,15.5033355762,29.2782343152,24.9586402561,19.4512376933,16.7022079855,30.6751345018,225.110561472,260.932196582,20.815549892,23.629175125,5.8618814023,8.68037392882,73.6735219737,86.8948451981,560.394042384,685.00731903,486.392036351,612.072088506,12.0199716375,13.482687989,38.1687576985,42.6263785331,124.728650654,156.728716443
833,107.278830044,123.045363323,10.4043731824,12.015786367,85.2770775485,107.132555052,15.5033355762,29.2782343152,24.9586402561,19.4512376933,16.6495748321,30.5749750875,228.265041875,260.960233389,20.8178453179,23.6580614429,5.8452839208,8.73932992361,70.5051922302,86.9509117264,568.592548672,695.827326556,487.399970966,613.369618213,12.1464764246,13.3883255514,38.433685148,43.6680193273,126.534671552,155.400941779
834,130.658771292,155.011565022,10.4128117773,12.0236791008,85.9520234807,108.143466961,23.6994740226,46.2589358376,30.9456646915,23.1631716976,25.4143112347,46.549611087,229.923519881,260.99744753,17.0793921445,19.9105027177,5.83692098441,8.72777670176,62.9710376835,82.8839023003,554.838354147,683.494290429,505.224044687,631.517010837,10.9742647643,11.9343603309,36.3355195984,42.8525507156,114.01141585,143.395734659
835,131.376950918,155.674132161,10.4162926596,12.0275678681,86.8112725901,109.395831385,23.6994740226,46.2589358376,30.9456646915,23.1631716976,25.4143112347,46.549611087,231.541389317,261.001340646,17.0770140017,19.8970993745,5.85961288268,8.78541040499,62.8404502901,82.9286216865,559.613302952,689.798967822,506.534932357,633.16582911,11.117070329,11.9039473665,36.6963296828,43.7035438552,114.432753875,144.796541299
836,129.21475114,153.634198166,12.914615214,14.5256708663,89.4593693742,112.337768604,23.6994740226,46.2589358376,30.9456646915,23.1631716976,25.4143112347,46.549611087,236.093290178,264.002490742,20.8267028631,23.6644430173,5.93285281274,8.90155047676,61.9229679408,81.9934606485,539.96574094,671.685148899,511.517704381,638.450107623,9.89584573729,10.4262628713,27.2687219745,33.0506686293,90.3692670579,114.664026772
837,127.290223027,151.564800819,12.9242506187,14.5354925437,89.9207274527,113.034668223,23.6994740226,46.2589358376,30.9456646915,23.1631716976,25.4143112347,46.549611087,237.705072368,270.533196948,20.830086281,23.6470514193,5.95913627906,8.98717512643,62.095895392,81.9667702135,545.135231983,678.528079529,513.196068582,640.506062506,10.0341272608,10.4011231137,27.3941546882,33.5036792368,90.5383042483,115.558485011
838,135.919583072,159.99963221,13.702304121,15.3133680201,90.8749384903,114.254306615,23.6994740226,46.2589358376,30.9456646915,23.1631716976,25.4900226106,46.549611087,239.657692065,279.347632908,21.2232999554,24.0493589945,5.97544329263,9.08278494229,63.6413207288,82.8917502089,549.8293738,684.310556711,514.96000018,642.712635531,10.224301014,10.4736041591,27.5676050888,33.7138554869,91.2583612185,116.79715613
839,146.15100364,169.98818681,13.2524774128,14.8635787694,91.3005161062,114.829486409,23.6994740226,46.2589358376,30.9456646915,23.1631716976,25.4542943923,46.549611087,241.74733436,274.413528442,21.1494245191,23.9908970439,5.94138234615,9.08826718304,64.015221479,82.8734066109,550.897724821,685.636055068,517.167654536,645.289446263,10.0929229273,10.4368564796,27.2844664821,33.3271903313,91.1560273812,116.453031555
840,135.496476162,159.376293918,13.1833010675,14.7947216811,91.5499428272,115.133106338,23.6994740226,46.2589358376,27.6992525542,21.0543047759,25.5253692115,46.549611087,242.955169422,282.055658892,20.8983187604,23.7290728751,5.67446653354,8.78842116717,64.9350969315,82.5397741815,527.002343594,661.981458925,497.418837474,626.272965036,10.0706612338,10.2441852193,27.6344654998,33.6428114343,91.1369459634,116.747095719
841,133.286009689,157.284142114,12.9339058717,14.5451888527,91.5816026581,114.956928806,23.6994740226,46.2589358376,27.6992525542,21.0543047759,25.5565491243,46.549611087,242.476959405,289.223110744,20.8440816374,23.65701831,5.69777593336,8.88056628899,64.5495513103,82.5373247211,527.062851996,662.16169947,498.382655698,627.213916408,10.1885036463,10.309949271,27.8738769648,33.927332132,90.7832917042,116.776434076
842,134.388178276,158.367911941,12.9494016575,14.5606874091,89.8731368352,113.21815573,23.6994740226,46.2589358376,30.9456646915,23.1631716976,25.5775912271,46.549611087,239.781491185,289.881768567,17.0996934456,19.9269063274,6.02492344865,9.33944482903,64.1326536132,83.7179112653,552.529293407,687.7287633,515.7594184,644.729892769,10.109510985,10.2822275575,28.0530976591,34.3118344723,86.0456756783,112.108337617
843,133.016436668,157.013941176,12.9468073679,14.558075647,88.9230645267,111.805979664,23.6994740226,46.2589358376,30.9456646915,23.1631716976,25.5230179951,46.549611087,236.579273831,281.001036553,17.0971022132,19.9212922472,5.97952867427,9.32785141789,63.0061602021,83.6968695699,551.733839505,686.638693169,514.887194523,643.527314612,9.98605530498,10.2388266963,27.7994967791,33.9296073387,84.6473541086,109.688811991
844,130.479233617,154.521368569,10.4473754031,12.0599748374,88.4675420022,111.075664239,23.6994740226,46.2589358376,30.9456646915,23.1631716976,25.5117103349,46.549611087,234.899892857,278.381114561,17.0956373928,19.9222928204,5.97984049816,9.30592625787,60.5894136564,81.8862652509,547.888001989,681.880437319,514.193267939,642.594569688,9.88250577925,10.1477547697,27.7073756257,33.6959185036,84.1019674805,108.692980805
845,129.941372414,154.07275705,10.436695039,12.0485414629,87.3776062773,109.827503194,23.6994740226,46.2589358376,30.9456646915,23.1631716976,25.4362710975,46.549611087,230.717219622,266.672421035,17.0928887546,19.9132177529,5.93470851956,9.21224106833,60.2434280331,81.8416773414,534.925717745,664.820487483,512.437596617,640.283709193,9.67043574672,10.0778455912,27.3043891137,32.9904936172,81.792874206,105.549933607
846,127.220894996,151.411640792,10.4238277054,12.0379340746,85.4749923351,107.4102867,23.6994740226,46.2589358376,30.9456646915,23.1631716976,25.4672938434,46.549611087,224.165576568,262.908466639,17.0807051084,19.9025785848,5.97277322154,9.21039099384,59.3546266611,81.8114669869,527.12760024,654.570664827,510.201645734,637.470859347,10.4380193256,10.7720976844,27.2733515317,32.6658808997,81.7837103524,102.890479674
847,126.319302836,150.478327557,10.4159803457,12.0287861521,84.6830459914,106.454624899,23.6994740226,46.2589358376,30.9456646915,23.1631716976,25.4286569244,46.549611087,223.153118895,257.147087191,17.072673884,19.8984764907,5.95158793044,9.15214440483,59.0302468894,81.7600780048,524.185111774,650.754276501,508.33027757,635.094698544,10.3424254337,10.795375183,27.0421495166,32.3018766206,81.35780654,101.17170135
848,125.450378889,149.581066947,10.3696333672,11.983005019,83.5838962975,105.151702353,23.6994740226,46.2589358376,30.9456646915,23.1631716976,25.4143112347,46.549611087,219.278259338,254.552356487,20.7820148969,23.6171241684,5.91934831228,9.07200547178,60.1205700981,83.1765217317,544.662129184,670.025164036,509.66755525,635.899589145,14.0083554636,14.5358537572,29.0531497189,33.8747523098,94.8550766914,114.086319922
849,124.548368016,148.665859989,10.3653225901,11.9778821789,82.7380630928,103.911041244,23.6994740226,46.2589358376,30.9456646915,23.1631716976,25.4143112347,46.549611087,217.771633859,254.531917244,20.7798178057,23.5982407348,5.84577077745,8.89340862892,61.4068634378,83.1406074806,540.380648277,664.394279341,507.799049365,633.456073097,13.7310054157,14.5871021949,28.4960031856,32.7305261055,92.9632659094,111.618622346
850,130.638073783,156.152990018,14.1258649842,15.9550231101,64.8790281513,86.8745128534,29.4419740226,53.0084358376,14.8115515323,12.8709776139,29.5473112347,51.547111087,185.648144801,225.571449167,22.8939890616,26.137690109,4.77174340928,6.94702637837,66.2565530802,83.4977266759,474.110147707,569.75584891,513.967022888,641.869401701,19.259772327,20.2238635288,38.9998574001,46.0129301382,117.682533912,140.334167094
851,130.027864576,155.554687576,14.128531728,15.9557539575,64.8800893824,86.8824754665,29.4419740226,53.0084358376,14.7065362507,12.3114006041,29.5473112347,51.547111087,185.649595525,225.571403177,22.8947014573,26.1361522877,4.78458809688,6.94702637837,67.6816889863,83.4977266759,474.118664111,569.714714013,513.08294189,640.683394804,19.2280060305,20.2583604512,38.9726311083,45.7975712427,117.285972343,139.67821924
852,137.723699296,156.715039999,14.1268402565,15.9541131958,64.8827727646,86.890121094,23.5195794158,40.4976189238,8.01095276646,8.66768631866,23.245099012,39.8256426649,185.655275726,225.575656949,22.8937935596,26.1349637124,3.94673536568,5.67628908197,52.6337515765,61.6945101476,374.479349678,445.166030536,376.178010302,474.722226189,20.2999075711,21.3103006945,42.4879110871,52.1858369995,144.151955829,178.188771206
853,118.141720633,137.099530893,14.1243836177,15.9520770005,64.8855782367,86.8950462954,23.5195794158,40.4976189238,7.70791213723,7.58786692168,23.2744365478,39.8602891809,185.655594009,225.575743675,22.8979339884,26.1340730255,3.95138323306,5.67628908197,53.8548295271,61.7338461024,374.495584266,445.186529334,375.055184572,473.337351684,20.2650634469,21.3368165112,42.6803681777,52.4110974842,145.241223696,179.114902877
854,121.111883004,140.080670873,14.1960463295,16.0238454576,65.0002628453,87.0112705036,23.5195794158,40.4976189238,8.14034151903,8.95003009305,23.3102145155,39.9140728903,185.864067721,225.798467977,19.2217229803,22.4626614828,3.94673536568,5.67628908197,53.6589394777,60.4101145432,362.287855885,432.98151956,370.682107518,468.748483634,19.7143242387,20.8854341696,44.2209536582,55.9087821374,149.538610755,190.189825412
855,120.660410284,139.656251792,14.1938745744,16.0219207701,65.0022669316,87.014495555,23.5195794158,40.4976189238,7.70791213723,7.58786692168,23.3236664084,39.939227177,185.864306226,225.829344247,19.2132194029,22.4545462147,3.94673536568,5.67628908197,54.1851664461,60.4101145432,362.296416437,432.99242024,369.839966758,467.7148148,19.6804608235,20.9048273302,44.2501606571,55.9924436964,149.27165292,189.755437004
856,107.574616515,124.561678638,11.6881389226,13.5158014761,64.9976627201,87.0111508729,21.2458355762,36.0277343152,8.25088825172,9.08149835004,20.8289178986,35.6601840487,185.851756803,225.821269439,19.2060376449,22.4474450549,3.67173268448,5.17842177437,48.6003091253,49.3147865542,287.577153885,333.358284037,302.254451946,383.292248834,19.4188493068,20.7067640134,49.0847410131,61.7187464797,162.605611148,206.853721021
857,107.127225265,123.998392857,11.683344609,13.5111285449,64.9988784152,87.0135831701,21.2458355762,36.0277343152,7.70791213723,7.58786692168,20.8358021652,35.6738182487,185.85208381,225.830175979,19.2049123954,22.4463745229,3.67173268448,5.17842177437,49.0596740914,49.3147865542,287.586775239,333.371689021,301.758246221,382.671317122,19.4006706935,20.7162783046,49.1203944583,61.8190609051,162.896129879,207.94055395
858,76.6171919973,86.9191625415,11.6470322007,13.4750697521,27.8177089954,32.7563006748,11.1888245912,16.5881061292,8.29676538716,9.14887456598,10.3468034075,14.8064488759,58.9781514001,65.5450336218,19.1675350963,22.4086983878,3.67173268448,5.17842177437,49.0215706625,48.672588752,275.374610318,321.162136483,281.630646145,362.396001055,16.6188297072,18.0055894457,46.3601184556,57.9693922013,151.3225384,192.298788774
859,77.0287308859,87.2441245439,11.6455844844,13.4735694181,27.8304540163,32.7666822067,11.1888245912,16.5881061292,7.70791213723,7.58786692168,10.3468034075,14.8064488759,59.0093298162,65.5708553965,19.1655752693,22.4069981164,3.67173268448,5.17842177437,49.0231664766,48.672588752,275.377391958,321.166387295,281.57596698,362.331089001,16.5939727828,18.0219597849,46.4507273585,58.0467808838,152.392811671,194.448881341
860,52.7966531323,55.6250370777,11.591677433,13.4197397504,27.7603005219,32.7038975147,7.5534996038,9.6585699883,8.32333892697,9.19460541203,6.28484183022,8.04812819733,58.870349172,65.440921202,19.1103771108,22.3519874434,2.526513406,2.9808780324,20.8083001057,23.8378400826,174.678391316,192.305073073,247.69877681,305.946663303,12.9995480329,14.636299859,33.1054886071,42.5146371335,118.140150483,150.857707979
861,53.3685625786,56.7374278083,11.5895497865,13.4180657478,27.7651449137,32.7060090764,7.5534996038,9.6585699883,7.70791213723,7.58786692168,6.28484183022,8.04812819733,58.8820680275,65.4493806893,19.1072246652,22.3495518199,2.526513406,2.9808780324,20.8083001057,23.8378400826,174.678391156,192.305072907,247.652067271,305.900430233,12.9665974244,14.6659589856,32.8781945616,42.1918968936,117.442410966,149.866813794
862,70.9879623143,74.8266708988,12.4182411652,14.2464495497,28.1547810308,33.0935206736,7.5534996038,9.6585699883,8.35302967678,9.24829046969,6.28484183022,8.04812819733,59.320720763,65.8822503104,19.5506745243,22.7926624686,2.3890120654,2.7319443786,19.4680920998,21.7341120883,149.996011667,161.392602549,248.039483625,306.287984208,9.95690703439,11.7711619756,22.0148974785,28.0870456819,82.8367444447,101.707233919
863,67.5420095494,71.4914042377,11.9073320227,13.7360774644,28.0961525305,33.0297494562,7.5534996038,9.6585699883,7.70791213723,7.58786692168,6.28484183022,8.04812819733,59.3839456697,65.9389152196,19.4254568107,22.6672683181,2.3890120654,2.7319443786,19.4680920998,21.7341120883,149.996011733,161.392602601,248.134468227,306.385452101,9.93867451003,11.8070791979,21.6803661915,27.687985929,81.729244274,99.8290108622
864,57.7764510201,61.8029470779,7.040602689,8.12771146557,27.7740343324,32.7061648402,7.5534996038,9.6585699883,8.37069630133,9.26849537914,6.28484183022,8.04812819733,58.8999942443,65.4507314469,11.1456218768,13.8780496526,2.3890120654,2.7319443786,19.4680920998,21.7341120883,143.884912995,155.281503864,241.859301446,300.111770808,8.05416101537,10.0026102013,18.9010437122,23.9294338991,62.7727891608,75.9592381614
865,52.6382926135,57.3925905241,6.8446029597,7.93323423617,27.7766394214,32.7060112738,7.5534996038,9.6585699883,7.70791213723,7.58786692168,6.28484183022,8.04812819733,58.9051766563,65.4512808786,11.1187526544,13.8476995386,2.3890120654,2.7319443786,19.4680920998,21.7341120883,143.884913006,155.281503877,241.829433956,300.082726168,8.04365593255,10.0321343919,18.7342402994,23.7417333534,62.4243147661,75.4627649662
866,51.1173239435,56.1246626214,4.81068446201,5.27477008384,27.7772235261,32.7048590089,7.5534996038,9.6585699883,8.38324678627,9.2879916796,6.28484183022,8.04812819733,58.9059430735,65.4497133646,7.39360522806,7.97397174246,2.3890120654,2.7319443786,19.4680920998,21.7341120883,143.884913004,155.281503875,241.813160268,300.06656345,7.7471618224,9.7600073579,17.8248729525,22.3419808693,58.6288474683,69.8936967123
867,50.6902308562,55.9933851903,4.83677148701,5.27711826355,27.7762231441,32.7044449867,7.5534996038,9.6585699883,7.70791213723,7.58786692168,6.28484183022,8.04812819733,58.9048700954,65.4495168212,7.4220124077,7.97337747924,2.3890120654,2.7319443786,19.4680920998,21.7341120883,143.884912948,155.28150382,241.791156325,300.045901681,7.74955098459,9.77770059023,17.7340695665,22.1993703712,58.3287122782,69.3731541988
868,50.3755110562,55.9600308942,4.83909585185,5.27494905969,27.7757043908,32.7045181455,7.5534996038,9.6585699883,8.39449032996,9.29459049593,6.28484183022,8.04812819733,58.9045968857,65.4501839885,7.41968699153,7.96846229156,2.3890120654,2.7319443786,19.4680920998,21.7341120883,143.884912957,155.28150383,241.826363332,300.088048255,7.60360489649,9.63672226995,16.7058061783,20.6034088037,54.2961267996,63.3875661647
869,50.0398270068,55.8786765365,4.84569878069,5.27374392083,27.7747478931,32.7039513387,7.5534996038,9.6585699883,7.70791213723,7.58786692168,6.28484183022,8.04812819733,58.9033275321,65.4494381122,7.42668597618,7.96670157804,2.3890120654,2.7319443786,19.4680920998,21.7341120883,143.88491291,155.281503782,241.815136016,300.077582901,7.60583758538,9.64452791293,16.6492804243,20.5433286624,54.2663810859,63.3276314026
870,49.7560532681,55.8273784456,4.84882568959,5.27235260657,27.7738794716,32.7033769091,7.5534996038,9.6585699883,8.3960138405,9.29204808855,6.28484183022,8.04812819733,58.9020914581,65.4485678103,7.42939933822,7.96461375971,2.3890120654,2.7319443786,19.4680920998,21.7341120883,143.884912929,155.281503802,241.799888769,300.065046907,7.5320838913,9.58975861406,16.5703526857,20.470596719,54.1683196403,63.1385632487
871,49.5434214354,55.7883157233,4.85244285109,5.27156418644,27.7734803643,32.7033212276,7.5534996038,9.6585699883,7.70791213723,7.58786692168,6.28484183022,8.04812819733,58.9019293684,65.4488192273,7.43307015371,7.96339880443,2.3890120654,2.7319443786,19.4680920998,21.7341120883,143.884912888,155.281503762,241.831645244,300.101481299,7.53296689407,9.58601545622,16.5424884468,20.437026159,54.1757318592,63.146473532
872,52.6767473404,59.0609468171,4.92781417963,5.34378502346,27.8826636679,32.8126320856,7.5534996038,9.6585699883,8.39802820995,9.28836502096,6.28484183022,8.04812819733,59.1206565185,65.6676005738,7.50849402763,8.03523062498,2.3890120654,2.7319443786,19.4680920998,21.7341120883,149.996011817,161.392602691,286.997196111,367.771153193,8.57309622766,10.6326449179,17.2785086793,21.1710905486,57.3857112469,66.2824530709
873,52.5066927124,58.9909180257,4.93021717433,5.34324400208,27.8825851699,32.8127420202,7.5534996038,9.6585699883,7.70791213723,7.58786692168,6.28484183022,8.04812819733,59.1210085341,65.6681166097,7.51100988058,8.03439304241,2.3890120654,2.7319443786,19.4680920998,21.7341120883,149.996011783,161.392602658,287.041197727,367.816263493,8.57426979744,10.6259525569,17.2661375202,21.1471211184,57.6117897332,66.7098320227
874,52.1052101663,58.7352760391,6.95951215508,7.99589236676,27.8748880123,32.8051349019,7.5534996038,9.6585699883,8.39413178228,9.27290423065,6.28484183022,8.04812819733,59.1059167668,65.6530186778,11.2316430667,13.9278238773,2.526513406,2.9808780324,20.8083001057,23.8378400826,174.679098572,192.305780327,287.8457323,368.748606695,10.8505705634,12.8752631986,21.1138290269,26.071820321,71.4680309172,84.2619541594
875,51.9274217511,58.6430782116,6.91219994411,8.0008975798,27.8742101945,32.8045085714,7.5534996038,9.6585699883,7.70791213723,7.58786692168,6.28484183022,8.04812819733,59.1048054532,65.6518716922,11.1805173115,13.9116575336,2.526513406,2.9808780324,20.8083001057,23.8378400826,174.679098647,192.305780402,287.798257484,368.671611725,10.8542386828,12.8643804435,21.1451900605,26.0997611884,72.1394207881,85.565986463
876,73.0122707181,87.1537749511,14.1562852644,15.9880237008,32.7952217646,38.8437282292,10.78927907,15.6885443485,9.43586759362,11.7712363241,9.50581771175,16.3616832938,97.2258761412,118.852440144,19.1736549032,22.4197836441,3.41255824159,4.68055446677,50.4465298434,37.5772607629,213.232428407,234.287022844,402.699701852,511.628325661,13.5248405332,15.4962264475,37.0982565605,43.9841876331,121.963078698,143.600050087
877,73.6616433726,85.5692525102,14.159705417,15.9914580945,32.7316376465,38.7279725647,10.78927907,15.6885443485,9.43586759362,11.7712363241,9.48704015844,16.4061973164,97.1110760459,118.611476019,19.1699183511,22.4211920089,3.41031987788,4.68055446677,50.7509834669,37.5772607629,212.957416838,233.916244071,402.830641972,511.819167955,13.5501071037,15.4666931061,37.361541712,44.2553224942,123.219216647,146.181411181
878,73.5081025196,83.5048024385,12.8736851291,14.4864204711,60.7294392609,81.8064831748,8.68210405739,15.8685804894,15.2194038444,13.1246369282,9.36155590581,18.0472553682,176.862897273,214.981978291,20.7939852473,23.6180442356,2.79523536568,4.29328908197,51.6178968245,42.7069035095,249.368335852,290.055874842,457.293800479,580.709761847,12.3407938788,13.7064248701,44.0584203243,47.4822655532,144.130269473,176.506530945
879,73.7914283244,83.3719915623,12.8766723878,14.4878465758,60.7064773462,81.7727679244,8.68210405739,15.8685804894,15.2194038444,13.1246369282,9.29528147421,17.932637217,176.846444792,214.955325392,20.8014449469,23.6249434618,2.79523536568,4.29328908197,48.6050723235,42.7069035095,249.31878288,289.990764256,457.497023077,580.947317703,12.3648928162,13.6558873608,44.6013942623,48.1768515748,145.679397161,177.464398039
880,120.793182937,136.555792973,10.3805638628,11.990588815,83.2678177076,104.279753309,15.5033355762,29.2782343152,24.9586402561,19.4512376933,16.704432919,30.6544948308,222.955028384,260.89814135,20.7955994434,23.6088880516,5.85027638258,8.68236740011,71.1424658123,86.8992761799,523.275004479,638.661638267,478.32408786,601.76928841,12.0377565274,13.6487001919,37.650039279,41.8241674571,124.397987505,152.845325914
881,101.670545441,117.249816193,10.3769970809,11.9880726124,83.2875834363,104.285589216,15.5033355762,29.2782343152,24.9586402561,19.4512376933,16.689851585,30.6012007648,222.980185241,260.916209366,20.794381751,23.6313250879,5.83315536249,8.69794999412,69.0004815846,86.9193815716,523.249002735,638.615797648,478.389990502,601.81409513,12.058550625,13.5928324842,37.6446411784,42.5371689515,123.486703189,151.511490947
882,124.573919994,148.749680414,10.3818095805,11.9925340756,83.2820587878,104.295969183,23.6994740226,46.2589358376,30.9456646915,23.1631716976,25.5230017826,46.5969978895,223.013312811,260.950008844,17.055331917,19.8728593161,5.82330797013,8.68237811661,65.766611122,82.6721525011,504.932463602,620.30387626,495.101633955,618.51256811,10.5880512279,12.1993272862,34.8090073057,40.7424347945,109.387588914,137.371080127
883,124.819034619,148.902657882,10.3821745327,11.9933362264,83.2867657448,104.28961374,23.6994740226,46.2589358376,30.9456646915,23.1631716976,25.4143112347,46.549611087,223.002109689,260.936174041,17.0508957151,19.8693230801,5.82974901339,8.70145121397,60.7216179112,82.8331467125,504.885519776,620.226703112,495.438393463,618.869913852,10.8209299894,12.0987400325,35.5149702445,41.7921221491,110.229497349,140.158381573
884,120.979194785,145.149656184,12.8778166618,14.4883948415,85.2920591876,106.285507136,23.6994740226,46.2589358376,30.9456646915,23.1631716976,25.4216989839,46.549611087,225.993289688,263.928310116,20.7980194791,23.6298819003,5.82342593207,8.71553259138,60.1768874054,81.8249354394,480.442190104,595.783791285,499.284817982,622.700366808,9.30426895809,10.6140177657,25.7421281998,30.630769505,84.9313608324,108.025462772
885,119.851474402,143.908743326,12.8857931026,14.4954637054,85.2875605612,106.289163162,23.6994740226,46.2589358376,30.9456646915,23.1631716976,25.4143112347,46.549611087,226.008701345,263.942316695,20.7995300593,23.6152582466,5.83967145543,8.73749833453,59.2517999629,81.8381032159,480.435863675,595.7720947,499.490243122,622.941417598,9.47750653579,10.5967834923,26.0044916041,31.1500484855,85.3275518245,107.791209084
886,130.718709327,154.653820281,13.6820984756,15.2928862029,85.6020427596,106.609325083,23.6994740226,46.2589358376,30.9456646915,23.1631716976,25.4143112347,46.549611087,226.304198957,264.238777053,21.2114221343,24.0430915936,5.83266736837,8.72018525797,60.446148933,82.7748034819,480.440000636,595.776097069,499.909818355,623.40326138,9.53394247759,10.6484351174,25.8781211117,31.0186029573,85.4282526055,107.564390592
887,137.206314102,161.029579965,13.1913411551,14.8008005173,85.6602718873,106.661872972,23.6994740226,46.2589358376,30.9456646915,23.1631716976,25.4143112347,46.549611087,226.590139301,264.526869713,21.1000156956,23.9289791758,5.8942532684,8.85389159575,60.2444059443,82.7691156555,480.528166389,595.810528305,500.639251419,624.20337713,9.72575180917,10.6275165384,26.2717671412,31.5138410049,86.0449477022,108.471646964
888,126.741951267,150.593281893,13.1202620054,14.7303277931,85.2811085125,106.284894449,23.6994740226,46.2589358376,27.6992525542,21.0543047759,25.4143112347,46.549611087,226.000958104,263.935713387,20.8494992183,23.6792200988,5.57580081393,8.53619235257,60.8177786039,82.4335132661,455.52783043,570.862449021,479.50247894,603.097544137,9.50355617535,10.3968932725,26.234844408,31.4215257307,85.3005310563,106.873327808
889,123.745482292,147.677533316,12.8855859883,14.4936118975,85.2867616366,106.286271055,23.6994740226,46.2589358376,27.6992525542,21.0543047759,25.4143112347,46.549611087,226.007530692,263.937619691,20.7955994866,23.622396008,5.61183774837,8.58256164798,60.5193250362,82.4302381303,455.524312775,570.855122716,479.689881684,603.414289858,9.65335420335,10.3815180963,26.5500784472,31.7610618503,86.1383006282,107.216888078
890,125.115167438,149.035576689,12.9011115949,14.5105113124,83.3076885358,104.30483882,23.6994740226,46.2589358376,30.9456646915,23.1631716976,25.4143112347,46.549611087,223.039892525,260.973902753,17.0655000441,19.8843070904,5.90314076556,8.93191375991,60.2419488157,83.553970606,480.800083913,596.271390655,496.45317408,620.233779676,9.49131785324,10.296829539,26.4952532841,31.8446873269,81.1404536914,101.603524282
891,122.814453512,146.753734545,12.8998096119,14.5095371777,83.2993088801,104.294545506,23.6994740226,46.2589358376,30.9456646915,23.1631716976,25.4143112347,46.549611087,223.016905615,260.949497336,17.0583503158,19.8783529608,5.87096021814,8.90081341633,60.0978375284,83.5170222437,480.913823415,596.433112359,496.451904995,620.234940782,9.40110745538,10.3053462044,26.2656053212,31.4755397222,80.5531092095,99.8395848381
892,121.365759927,145.297284186,10.4022256025,12.0133626828,83.3039202074,104.298356791,23.6994740226,46.2589358376,30.9456646915,23.1631716976,25.4143112347,46.549611087,223.019866786,260.952551848,17.0608065102,19.8820623369,5.88466896008,8.93216928566,57.5436999368,81.7466170651,481.041407399,596.615202441,496.617069733,620.448067945,9.38203834205,10.2287297708,26.3611702055,31.4703003037,80.8572155156,99.8516696155
893,121.06514219,144.99290624,10.3942071305,12.0049036554,83.3240383072,104.294951311,23.6994740226,46.2589358376,30.9456646915,23.1631716976,25.4143112347,46.549611087,223.022341804,260.945739103,17.0565692991,19.878352751,5.90074698019,8.99371680419,57.2559723288,81.7385492337,481.146133917,596.786920117,496.675133439,620.538377508,9.4475996224,10.2350951282,26.5060108136,31.6021890134,81.3438951525,98.8739425785
894,119.043614615,142.965896804,10.3859198884,11.9971222811,82.2966284618,103.285419818,23.6994740226,46.2589358376,30.9456646915,23.1631716976,25.4143112347,46.549611087,219.093001118,257.018893285,17.0490116561,19.8702441375,5.83924313864,8.86562361607,58.3734275054,81.7150750848,481.248467335,596.933503358,496.537838435,620.344791416,9.86169676718,10.9456338247,25.8127572417,30.655760419,79.6477531011,96.083055522
895,118.980063731,142.885221133,10.3824464434,11.9945228346,82.2902459033,103.279116453,23.6994740226,46.2589358376,30.9456646915,23.1631716976,25.4143112347,46.549611087,219.08092381,257.00467757,17.0473628116,19.8692872907,5.87103936334,8.91659637538,57.6702195848,81.697591621,481.341608554,597.091977865,496.673886895,620.532134169,9.98825217417,10.9509998185,26.03184086,30.7382886123,80.3292574991,96.0931322204
896,118.876899464,142.772988514,10.3408208066,11.9514273954,82.2278721695,103.229464946,23.6994740226,46.2589358376,30.9456646915,23.1631716976,25.4143112347,46.549611087,216.573965671,254.494625157,20.7577430346,23.5900002446,5.82766099299,8.81328157289,60.1975738622,83.1197634562,505.86706495,621.653075268,499.894941653,623.736575856,13.6016629282,14.6953954598,27.9581548761,32.3058956985,93.7229667141,108.408423338
897,119.074819286,142.982461467,10.3421438238,11.9527068176,82.2222657759,103.231508556,23.6994740226,46.2589358376,30.9456646915,23.1631716976,25.4143112347,46.549611087,216.564338934,254.49494843,20.7634586404,23.5800284157,5.82026485888,8.72944203747,63.357580388,83.1197634562,505.891684045,621.671664002,500.039076771,623.904361914,13.4718469216,14.72794083,27.6708465807,31.5583516801,92.628385892,109.136842469
898,126.137189062,151.466967073,14.1093569316,15.9363718775,64.8717729943,86.8685537111,29.4419740226,53.0084358376,14.9001793024,13.0825279375,29.5816091761,51.547111087,185.634462245,225.548423186,22.8827961704,26.1356202237,4.77174340928,6.94702637837,67.6228757219,83.4977266759,474.122999096,569.864274594,507.960303694,634.570903944,19.0838378836,20.3365494849,38.3092835363,45.0378511941,118.756460168,140.816795366
899,126.247616928,151.613535979,14.1163821995,15.9427363982,64.8746209968,86.8813346293,29.4419740226,53.0084358376,14.7065362507,12.3114006041,29.607086941,51.547111087,185.638471798,225.565221451,22.8885143648,26.1253217014,4.7808167149,6.94702637837,68.7629220133,83.4977266759,474.135016038,569.739049114,508.099298064,634.744572503,19.0622552653,20.3560661351,38.3316191229,44.9259126752,119.037841124,141.457102213
900,134.685782521,153.542526847,14.1173636813,15.9446523819,64.8785489355,86.8908100674,23.5195794158,40.4976189238,8.05471313875,8.81685343859,23.2977107491,39.8524277998,185.641335409,225.609189647,22.8877308799,26.1368762005,3.94673536568,5.67628908197,53.1344014785,61.6945101476,374.492383679,445.183781698,371.664566241,469.053843774,20.1583723258,21.3678724741,41.9352809299,51.3580301607,146.24561416,181.439889679
901,115.485471386,134.333962202,14.1183969439,15.9456000304,64.8809448546,86.8973919738,23.5195794158,40.4976189238,7.7183599713,7.58786692168,23.3104419283,39.890196029,185.640691509,225.611488024,22.8942489127,26.1294502833,3.94673536568,5.67628908197,54.1402930262,61.7194448626,374.504868738,445.199431892,371.720275011,469.126958679,20.148036704,21.3727994587,42.1768510465,51.6526412181,147.499587649,183.169426877
902,118.969493728,137.832783214,14.1945983412,16.021689885,64.995192997,87.0145371447,23.5195794158,40.4976189238,8.17867663014,8.93233115348,23.3280834502,39.9246356626,185.851207287,225.823817696,19.2215729714,22.4616073384,3.94673536568,5.67628908197,53.2451306108,60.4101145432,362.286437437,432.982498188,368.373641219,465.792039321,19.6450297432,20.8982144296,43.799442795,55.2436626433,151.642841058,195.330821434
903,118.532484249,137.521089951,14.1945751416,16.0219640678,64.9981750583,87.0198610014,23.5195794158,40.4976189238,7.75141005243,7.58786692168,23.3383308633,39.948210479,185.853981634,225.830802528,19.2142225989,22.4552527666,3.94673536568,5.67628908197,53.9748217133,60.4101145432,362.296838787,432.994794987,368.362279511,465.787212195,19.6174042117,20.9171790428,43.8377442109,55.3585297516,150.857805764,194.387031241
904,105.496523646,122.282328188,11.6908657294,13.5181625011,64.9916321152,87.0146572481,21.2458355762,36.0277343152,8.21625705166,8.96395610278,20.8275651509,35.6499542304,185.83954661,225.815944951,19.2089335069,22.4500439404,3.67173268448,5.17842177437,47.359818781,49.3147865542,287.560989027,353.381237215,301.479336918,382.216894226,19.3978287011,20.6938481613,48.7775920823,61.2575761649,165.027302968,212.071667384
905,105.473437599,122.271283384,11.6874954341,13.51488289,64.9943778519,87.0186168376,21.2458355762,36.0277343152,7.76126018694,7.58786692168,20.8376949112,35.6646587955,185.842189087,225.823719464,19.2082301753,22.449332783,3.67173268448,5.17842177437,48.2685844788,49.3147865542,287.576026191,373.437763086,301.477175874,382.225372547,19.3682863643,20.7089843769,48.8023821355,61.405881462,164.937030856,212.154694969
906,75.2425128604,85.4833030555,11.6513933719,13.4791628262,27.8213857912,32.7598828308,11.1888245912,16.5881061292,8.22312318373,8.96544548634,10.3468034075,14.8064488759,58.9868326123,65.553642395,19.1711310519,22.4124758131,3.67173268448,5.17842177437,47.7930548507,48.672588752,307.715131478,361.219238293,281.75986054,362.517127877,16.60856559,17.9903931791,46.1290525537,57.6679693064,153.169256952,196.902993639
907,75.7794426547,85.9742067117,11.6508423338,13.4786120423,27.8338120464,32.7698742986,11.1888245912,16.5881061292,7.76783450643,7.58786692168,10.3468034075,14.8064488759,59.0173133437,65.5787197924,19.1695817322,22.4110430409,3.67173268448,5.17842177437,48.2173267268,48.672588752,307.72299592,361.227356498,281.764985722,362.527298092,16.5794985572,18.011708979,46.2141002497,57.7477298857,153.724498834,197.828406739
908,51.6230183025,54.4300645048,11.5964137082,13.424233848,27.7627218,32.7054569619,7.5534996038,9.6585699883,8.23183811229,9.03075580904,6.28484183022,8.04812819733,58.8727694549,65.4488292374,19.1134803897,22.3552460699,2.526513406,2.9808780324,20.8083001057,23.8378400826,174.678391504,192.305073282,247.936602267,306.200202558,13.0119590581,14.6143175347,32.944413699,42.3299454022,118.805226525,155.055759443
909,52.1755255037,55.786118453,11.594712011,13.4228728875,27.7680152745,32.7081105018,7.5534996038,9.6585699883,7.77575229579,7.58786692168,6.28484183022,8.04812819733,58.8887954607,65.4582073421,19.1109580508,22.3533484497,2.526513406,2.9808780324,20.8083001057,23.8378400826,174.678391243,192.305073015,247.923796094,306.194868298,12.9892963458,14.6370025013,32.7381702608,42.0333729392,117.977367659,153.868545145
910,69.7607407366,73.5155387042,12.4173622114,14.2452769415,28.1511286593,33.0895154525,7.5534996038,9.6585699883,8.25029035442,9.07852661111,6.28484183022,8.04812819733,59.3121076158,65.8772127813,19.5482610601,22.7904344531,2.3890120654,2.7319443786,19.4680920998,21.7341120883,149.996011747,161.392602789,248.274689191,306.545653016,9.97438071785,11.7484083686,21.8946121219,27.9992243748,83.2225261867,105.023012389
911,66.6901847536,70.8462912482,11.9167868771,13.7449226262,28.1082523916,33.0417083134,7.5534996038,9.6585699883,7.78202228664,7.58786692168,6.28484183022,8.04812819733,59.404738162,65.9631274564,19.4334869198,22.6755409632,2.3890120654,2.7319443786,19.4680920998,21.7341120883,149.996011801,161.392602681,248.370882581,306.637976526,9.96163325716,11.7847869101,21.5933797667,27.6503040257,82.0555021332,102.937298119
912,56.5867681623,60.7000923656,7.04876751142,8.13447309331,27.7755975984,32.7073737132,7.3287903758,9.4338607603,8.26098226303,9.12409547456,5.98564634105,7.74893270815,58.9024060062,65.4559455738,11.1499711814,13.8827531765,2.3890120654,2.7319443786,19.4680920998,21.7341120883,143.884913048,155.281503928,242.036950066,300.30255909,8.07930938663,9.99180400076,18.7924637528,23.876887609,62.9830718718,73.3515936652
913,51.538319507,56.3300475354,6.84515685223,7.93492004802,27.7790049347,32.7080323742,7.3287903758,9.4338607603,7.78798030883,7.58786692168,5.98564634105,7.74893270815,58.9096260222,65.4579791952,11.1210657249,13.8506725895,2.3890120654,2.7319443786,19.4680920998,21.7341120883,143.884913108,155.281503988,242.06194058,300.336740734,8.07098676785,10.0124089294,18.6577935702,23.7001960635,62.5938047158,73.2996173599
914,50.0497930433,55.0581850823,4.81228262372,5.27646188966,27.7805578808,32.707128307,7.3287903758,9.4338607603,8.26657567701,9.14123120866,5.98564634105,7.74893270815,58.9129441889,65.4567019222,7.39588598487,7.97653295019,2.3890120654,2.7319443786,19.4680920998,21.7341120883,143.884913095,155.281503976,242.063450867,300.34062376,7.77494571203,9.73709167057,17.7614550628,22.3128911916,58.7927218598,68.0150844788
915,49.6968425467,55.0188440855,4.83906594146,5.27975497077,27.7810176163,32.7069458081,7.3287903758,9.4338607603,7.79227028184,7.58786692168,5.98564634105,7.74893270815,58.9155857547,65.4567935009,7.42474562327,7.97718753686,2.3890120654,2.7319443786,19.4680920998,21.7341120883,143.884913161,155.281504041,242.05752155,300.339051396,7.77456176675,9.74944542832,17.6835232686,22.1970605793,58.4849265256,67.8352602757
916,49.3927298811,54.9981328233,4.84079844999,5.27693502314,27.7798825659,32.7064890512,7.3287903758,9.4338607603,8.24946935738,9.16389286123,5.98564634105,7.74893270815,58.9139729706,65.4562540199,7.42180855342,7.97151964453,2.3890120654,2.7319443786,19.4680920998,21.7341120883,143.884913152,155.281504032,242.053747028,300.339340265,7.6255594386,9.61417126186,16.6516189425,20.6128056339,54.4218425566,61.9959659549
917,49.1298980268,54.9888420782,4.84753577374,5.27578982035,27.7789126032,32.7060712816,7.3287903758,9.4338607603,7.79413409753,7.58786692168,5.98564634105,7.74893270815,58.9126870151,65.4557131888,7.42889618068,7.96987830392,2.3890120654,2.7319443786,19.4680920998,21.7341120883,143.884913173,155.281504057,242.057808462,300.347320006,7.62532731115,9.6216461347,16.5927361205,20.5435030519,54.3631691048,62.0264170557
918,48.8830212386,55.0243404919,4.85022699073,5.27425617712,27.7772978641,32.7049783483,7.3287903758,9.4338607603,8.27953827352,9.18028784212,5.98564634105,7.74893270815,58.9099104127,65.4536257534,7.43121397181,7.96760261552,2.3890120654,2.7319443786,19.4680920998,21.7341120883,143.88491317,155.281504054,242.013165754,300.301314177,7.55215899007,9.56924357956,16.5235995761,20.4738412906,54.2798865773,62.0012428614
919,48.7000682517,55.0404026677,4.85336332817,5.27296083117,27.7762905265,32.7044393668,7.3287903758,9.4338607603,7.79671797739,7.58786692168,5.98564634105,7.74893270815,58.908421545,65.4526873607,7.434362473,7.96584657147,2.3890120654,2.7319443786,19.4680920998,21.7341120883,143.884913113,155.281503997,242.013230332,300.304211239,7.55263154885,9.5719529798,16.491967192,20.4344964024,54.2692895918,62.0688588268
920,60.0414912174,66.5919782068,5.19414654221,5.61322709993,28.323457461,33.2529447774,7.3287903758,9.4338607603,8.28893533865,9.1846641772,5.98564634105,7.74893270815,60.0024766964,66.5487371174,7.7743637489,8.30539627543,2.3890120654,2.7319443786,19.4680920998,21.7341120883,149.996012022,161.392602906,288.488049135,369.279172222,8.59323215661,10.6173427598,17.2463951645,21.1841786167,57.8567553478,65.7060735388
921,59.9230035851,66.6226110157,5.19582421774,5.612157647,28.3226959509,33.2524920434,7.3287903758,9.4338607603,7.79857160087,7.58786692168,5.98564634105,7.74893270815,60.0012771998,66.5478266403,7.77608818038,8.30401761201,2.3890120654,2.7319443786,19.4680920998,21.7341120883,149.996011974,161.392602857,288.494910801,369.284732804,8.59362926397,10.6185136381,17.2219625395,21.1497098794,58.0497923137,66.0656789562
922,59.7731439741,66.6497366432,7.22274082471,8.2624982695,28.3201700327,33.2503005067,7.3287903758,9.4338607603,8.29850108028,9.18028533208,5.98564634105,7.74893270815,59.9964220375,66.5432895381,11.4942926079,14.193856989,2.526513406,2.9808780324,20.8083001057,23.8378400826,174.679098869,192.305780634,289.31370043,370.240133933,10.868348745,12.8869825998,21.0389946691,26.035841082,71.83599148,83.5249505846
923,59.6957516573,66.6796585675,7.17933024862,8.26317791564,28.1490271613,33.0757906195,7.3287903758,9.4338607603,7.80367243172,7.58786692168,5.98564634105,7.74893270815,59.6567828568,66.1978268893,11.4472022954,14.1750495485,2.526513406,2.9808780324,20.8083001057,23.8378400826,174.67909867,192.30578043,288.753746408,369.655699813,10.8706012651,12.8845168232,21.070189064,26.0445453099,72.5036974266,84.6610603149
924,81.4406631217,95.8944589369,14.2774516823,16.1062343337,32.9734380216,39.0186500361,10.564569842,15.4638351205,9.43586759362,11.7712363241,9.2154964646,16.0613631286,97.5902956806,119.226285733,19.2974097571,22.5375095215,3.40799434311,4.68055446677,49.5136176416,37.5772607629,224.020223455,247.692024077,403.525712195,512.521139256,13.5378070773,15.5225622461,37.0284306521,43.912977687,122.441816245,142.578460377
925,81.4791408253,93.6077853329,14.2769241582,16.1086833124,32.9128631109,38.9152973602,10.564569842,15.4638351205,9.43586759362,11.7712363241,9.20095648603,16.1060069171,97.4712238043,118.988604213,19.2871228579,22.5382570893,3.40300063439,4.68055446677,49.8419119015,37.5772607629,245.296540502,273.967646222,403.611299972,512.71437676,13.563659965,15.5024258082,37.2684089212,44.1561739205,123.72753568,144.966626551
926,79.1853729204,89.2979912493,12.8734924119,14.4863026704,60.731343898,81.8117017609,6.40836021779,11.3986958808,15.2194038444,13.1246369282,6.86544817222,13.7505225812,176.866455761,214.991921513,20.7936020211,23.6175084154,2.79523536568,4.29328908197,50.8719990222,42.7069035095,281.707707157,330.109998262,457.60889621,581.059744888,12.3536487502,13.7418936041,43.9474740836,47.3156998694,144.771757381,174.838857647
927,77.0468978771,86.7392243554,12.8742616823,14.4855161873,60.7087472344,81.7758180189,6.40836021779,11.3986958808,15.2194038444,13.1246369282,6.79843181589,13.6386195152,176.851401996,214.968054877,20.798591533,23.6213994302,2.79523536568,4.29328908197,47.6485941471,42.7183012785,249.293424674,289.966063055,457.676900144,581.126326837,12.3769521995,13.7112444254,44.4808726382,47.9842478276,146.31138339,173.122149661
928,120.357168299,136.160202924,10.3752794353,11.9850461986,83.2699247935,104.286511145,10.955847897,20.338465098,24.9586402561,19.4512376933,11.7670537891,22.1536440557,222.961310107,260.913618762,20.7907812716,23.6042302214,5.83887854603,8.66369719808,73.1679610251,86.8655302077,523.292767041,638.686459528,478.339659649,601.709015553,11.99941368,13.7890872615,37.1917838709,41.2809459216,124.347252588,145.05230573
929,100.926853058,116.510315256,10.3706255446,11.9831547503,83.2879391385,104.286836904,10.955847897,20.338465098,24.9586402561,19.4512376933,11.7274499671,22.0770301352,222.982238827,260.916353337,20.7895188402,23.6237438801,5.83205535222,8.67650006148,70.4219566414,86.8878659186,523.255197507,638.633628059,478.475772479,601.855856035,12.0170403371,13.7303847034,37.2818246826,41.9930108768,123.226548252,144.161228618
930,123.720497258,147.894157812,10.3744973626,11.9870793529,83.2894854937,104.289627922,17.7770794158,33.7481189238,30.9456646915,23.1631716976,19.2016187681,34.9059238031,223.015806904,260.940026512,17.0497449889,19.8669699672,5.82369622147,8.68972037306,63.9290734265,82.6958097554,504.901258211,620.265207403,495.187302715,618.619267661,10.61467159,12.2819164315,34.8242889207,40.6581703438,109.774509751,131.975602829
931,124.163486734,148.245367106,10.3764609448,11.9893634467,83.2913238878,104.284791379,17.7770794158,33.7481189238,30.9456646915,23.1631716976,19.1238396545,34.8281426649,223.003543573,260.927176529,17.0463613675,19.8654001495,5.82516325323,8.69569551799,60.4940808003,82.7902511085,504.878006852,620.217891284,495.549992703,619.093720066,10.7333934396,12.1468621672,35.2629131623,41.4866303967,110.025113943,137.132476794
932,120.366565634,144.534320833,12.8737272148,14.4859114777,85.2916099338,106.27916984,23.6994740226,46.2589358376,30.9456646915,23.1631716976,25.4143112347,46.549611087,225.989372754,263.918184245,20.7913088007,23.6272819841,5.82322940285,8.73265050672,58.7510505516,81.8817456804,480.428383149,595.762080744,499.608449151,623.251781968,9.42177220433,10.6037679859,25.9996666015,31.079725406,85.9787305627,111.348930794
933,119.027885593,143.064049981,12.8825244959,14.4919414186,85.2871690985,106.285637873,23.6994740226,46.2589358376,30.9456646915,23.1631716976,25.4143112347,46.549611087,226.002031656,263.935004844,20.7960057503,23.6131726438,5.84024695107,8.76790221681,58.3840543405,81.8837325651,480.424981338,595.757425182,499.834060341,623.553913043,9.51351839255,10.5643768495,26.0795431907,31.5546653317,86.0059317326,111.585582184
934,130.087487445,154.004065966,13.6809215883,15.2908033253,85.598560626,106.60669797,23.6994740226,46.2589358376,30.9456646915,23.1631716976,25.4143112347,46.549611087,226.298423062,264.235621971,21.2095501421,24.0434683589,5.87000903301,8.82627100795,59.2842449707,82.8189821743,480.467154073,595.79700339,500.36782109,624.178604893,9.68342800814,10.594840285,26.2226677353,31.8043670096,86.6386559314,111.958600059
935,136.601591922,160.408666185,13.1921420662,14.8015937884,85.6653309011,106.665626722,23.6994740226,46.2589358376,30.9456646915,23.1631716976,25.4143112347,46.549611087,226.587302767,264.533520405,21.1047417712,23.9308344627,5.85366001957,8.8205651796,59.4249140198,82.7914905437,480.627154092,596.015019427,500.980371567,624.846196069,9.61243421973,10.5746819757,26.0153404873,31.5596627248,86.2544367408,110.079602729
936,126.379234013,150.213476445,13.122696085,14.7326330619,85.2790314756,106.28678094,23.6994740226,46.2589358376,27.6992525542,21.0543047759,25.4143112347,46.549611087,225.99683303,263.938373947,20.8513989515,23.6818275285,5.55456585157,8.49535480454,60.2542149478,82.4463866326,455.520173167,570.854478252,479.932995581,603.899862568,9.43726764353,10.3447562361,26.0880347,31.3934998993,86.2499703201,108.664325864
937,123.537356825,147.453843182,12.8867819655,14.4969579277,85.2869034252,106.287911346,23.6994740226,46.2589358376,27.6992525542,21.0543047759,25.4143112347,46.549611087,225.999973535,263.939589975,20.794860163,23.6246572678,5.5996588195,8.57282861232,59.763780919,82.4569812939,455.513866813,570.844464213,480.162436431,604.316366471,9.62250140668,10.3248119331,26.5253750119,31.7400253349,86.819554381,108.752687423
938,125.102784149,149.013192772,12.9031711015,14.5130291833,83.3096189718,104.30750402,23.6994740226,46.2589358376,30.9456646915,23.1631716976,25.4143112347,46.549611087,223.03971895,260.977950386,17.0665249543,19.8861540611,5.84128094763,8.84699247905,60.4093277757,83.5395915832,480.790610363,596.359969378,496.865491188,620.951297036,9.24651394058,10.2612933455,25.998125101,31.2540260392,80.615891861,100.630782598
939,123.079193757,147.014130837,12.9020917399,14.5131265194,83.3045289286,104.298518507,23.6994740226,46.2589358376,30.9456646915,23.1631716976,25.4143112347,46.549611087,223.016422043,260.955377821,17.0604186873,19.8815590267,5.89365861333,8.92950674536,59.1191892757,83.5667159348,480.961600053,596.572348146,497.139282731,621.354875317,9.45917673729,10.2436526675,26.4541101663,31.6458583604,81.499007371,101.255310571
940,121.890653406,145.829753837,10.4074157372,12.0170804051,83.3203484353,104.303232555,23.6994740226,46.2589358376,30.9456646915,23.1631716976,25.4143112347,46.549611087,223.022799982,260.959843073,17.063978897,19.8848348609,5.86874405111,8.93219202178,57.2537269079,81.7624527244,481.104661819,596.769226511,497.199739225,621.451413882,9.325830258,10.1799731283,26.3196947508,31.4690875439,80.4764327834,99.7146151192
941,121.807472424,145.751720474,10.3980955234,12.0093982999,83.3319596681,104.300789408,23.6994740226,46.2589358376,30.9456646915,23.1631716976,25.4143112347,46.549611087,223.023105002,260.955596208,17.0589912273,19.8815647858,5.84379698279,8.88836437722,57.8144827333,81.7461004264,481.182127104,596.893933969,497.166940938,621.419166729,9.19117782952,10.2097998843,26.0277673202,31.0665704211,79.2456657444,97.234469789
942,119.915071128,143.862574942,10.3890129248,12.0010479853,82.3268610848,103.29011875,23.6994740226,46.2589358376,30.9456646915,23.1631716976,25.4143112347,46.549611087,219.099456752,257.02642414,17.0510128435,19.8730078665,5.83050471454,8.84799180752,58.195853145,81.7242286558,481.252083076,596.994203312,497.140844713,621.404212132,9.81932571394,10.9194632019,25.7703717718,30.5170994042,78.9224844469,95.3445404726
943,119.842086197,143.777925551,10.3856272668,11.9974439884,82.3185482779,103.282978901,23.6994740226,46.2589358376,30.9456646915,23.1631716976,25.4143112347,46.549611087,219.084962702,257.010105312,17.049969514,19.8715026845,5.83993031157,8.85229631807,57.695150238,81.7024254462,481.34412962,597.12435336,497.19704802,621.482630751,9.85316927343,10.9428319295,25.8167558353,30.4626752056,79.1128052038,94.0674302864
944,119.824257098,143.757717118,10.3426792214,11.9536449807,82.2307573052,103.231721985,23.6994740226,46.2589358376,30.9456646915,23.1631716976,25.4143112347,46.549611087,216.579175148,254.497612159,20.7591477926,23.5916787645,5.82026485888,8.8121228663,59.7162345819,83.1197634562,505.882359567,621.705742465,500.44859193,624.699285399,13.5621453061,14.6824757321,27.9718711297,32.2997566053,93.3406328567,106.947506801
945,120.071443043,144.021831485,10.3437700795,11.9542275687,82.2250669559,103.233939834,23.6994740226,46.2589358376,30.9456646915,23.1631716976,25.4234301928,46.549611087,216.570108099,254.498110473,20.7642913283,23.5811159665,5.82026485888,8.71702657284,63.2349285205,83.1197634562,505.936471636,621.774034897,500.558813976,624.771331248,13.4150412437,14.7285773573,27.6533380008,31.5685845936,92.2751890606,106.681135026
946,127.170524129,152.547879937,14.1100118049,15.9371439679,64.8774314173,86.8737314297,29.4419740226,53.0084358376,14.9052617082,13.09786158,29.5997404245,51.547111087,185.645303549,225.598229003,22.8830756307,26.1361210627,4.77174340928,6.94702637837,68.1461466408,83.4977266759,474.141635761,569.952080367,508.4387005,635.339141521,18.9996862769,20.367942346,38.2558000527,44.9616811125,118.252328529,137.741059679
947,127.243114489,152.660026932,14.1156513856,15.941129044,64.8815850379,86.8849155392,29.4419740226,53.0084358376,14.7065362507,12.3114006041,29.6203701928,51.547111087,185.650708743,225.626970041,22.8855136462,26.1244542445,4.78357583864,6.94702637837,69.0085129841,83.4977266759,474.137734968,569.781724105,508.503156607,635.369988917,18.9896123886,20.4155861108,38.2793509797,44.8227204515,118.608347622,137.313110384
948,135.602671392,154.509564886,14.1157193639,15.9421835693,64.8859865104,86.8938453495,21.2458355762,36.0277343152,8.1024495077,8.95149970109,20.8277085065,35.5941068594,185.654506537,225.689644643,22.8862735059,26.1264577748,3.94673536568,5.67628908197,53.3293817491,61.6945101476,374.494352588,445.188656917,371.595962228,468.989578445,20.0884252825,21.4419504175,41.8915035494,51.2515171446,145.834816939,177.29923246
949,116.283707177,135.200921976,14.1155807725,15.9422375829,64.8890085477,86.90014404,21.2458355762,36.0277343152,7.73048145238,7.58786692168,20.8450293631,35.6392280923,185.655904779,225.709347748,22.8915206618,26.1265436642,3.94673536568,5.67628908197,54.4168320307,61.7165264307,374.508454107,445.206724608,371.55441114,468.955005182,20.0722094114,21.4706349047,42.105575393,51.5026985028,147.043746415,178.482507007
950,116.233052074,135.160852927,14.1154910666,15.9425800497,64.8930960149,86.9074143191,16.698347897,27.087965098,8.22688287744,9.12343789224,15.8457467005,27.0719633454,185.645799556,225.70150763,19.1432288723,22.3835065397,3.94673536568,5.67628908197,54.1544743031,60.4101145432,362.299224562,432.999225021,367.81735269,465.222894394,19.5514954715,21.0186236566,43.6722140654,55.0130560154,150.859222013,190.25294901
951,115.997987791,134.956205961,14.114676266,15.941937163,64.8959540447,86.9118891945,16.698347897,27.087965098,7.7611346949,7.58786692168,15.8574832321,27.0985452535,185.649141509,225.705825213,19.1347797542,22.3763784741,3.94673536568,5.67628908197,54.7192355085,60.4101145432,362.307857651,433.009106435,367.740083028,465.145801479,19.5325824599,21.0478308093,43.7061123888,55.1005006027,150.161794516,188.854070468
952,103.282956387,120.240028853,11.6145940322,13.4416572822,64.8985495965,86.9167722884,16.698347897,27.087965098,8.28257259109,9.23169742637,15.8640662922,27.113541697,185.651820942,225.710070713,19.1341619549,22.3750082333,3.67173268448,5.17842177437,48.9945369367,49.3147865542,287.586495301,333.37254041,300.811981196,381.524289836,19.2888609346,20.8520831892,48.5730913856,60.909691092,163.45531193,206.755604517
953,103.058878233,119.92712228,11.6110261213,13.4385848831,64.8992482542,86.9190545964,16.698347897,27.087965098,7.77437874722,7.58786692168,15.8645333653,27.1217180095,185.651261792,225.710923369,19.1338017007,22.3747351499,3.67173268448,5.17842177437,49.1358374875,49.3147865542,287.589960243,333.378687727,300.842286945,381.564644151,19.2887660551,20.8527703521,48.6634304135,61.110928928,163.645849787,208.756832236
954,73.5714709339,83.8665997745,11.5919058707,13.4194195575,27.7363164573,32.6745910733,12.1508602178,18.1481958808,8.30598793785,9.2410505411,10.8625907145,18.5349094644,58.8163248339,65.3828556315,19.1132188322,22.3540153179,3.67173268448,5.17842177437,48.8385401695,48.672588752,275.372303833,321.163048486,281.194583438,361.925265061,16.5270304265,18.1385801332,45.9675032027,57.351935652,152.03446301,193.79519225
955,74.1629440729,84.4059334059,11.591205717,13.4188207118,27.7486118209,32.684135863,12.1508602178,18.1481958808,7.78126339946,7.58786692168,10.8734694046,18.5541465747,58.846443478,65.4073859945,19.1114871214,22.3526205969,3.67173268448,5.17842177437,49.3840312408,48.672588752,275.382828788,321.174766988,281.183168375,361.916296171,16.495107419,18.1621130783,46.0252923722,57.4073346006,152.96189331,195.601818931
956,52.4268330636,55.2711816268,11.5907112665,13.41830733,27.758018093,32.7009428069,7.3287903758,9.4338607603,8.31345295198,9.25668628679,5.98564634105,7.74893270815,58.8631260631,65.4397359849,19.1100109987,22.3511308452,2.526513406,2.9808780324,20.8083001057,23.8378400826,174.678391727,192.305073496,247.622316698,305.853299028,12.9562049023,14.7389427758,32.8026958227,42.053553244,118.869106209,153.152387031
957,53.0544299436,56.5531190529,11.5894180051,13.4170632507,27.7633835611,32.7035148829,7.3287903758,9.4338607603,7.78459933036,7.58786692168,5.98564634105,7.74893270815,58.8788296504,65.4485988842,19.1075954063,22.3489063729,2.526513406,2.9808780324,20.8083001057,23.8378400826,174.67839146,192.305073225,247.6044185,305.84144333,12.9488521409,14.7535629025,32.591912185,41.7930662083,118.015878855,151.736348915
958,70.6991484992,74.5891245125,12.417127875,14.2449881554,28.152501667,33.0899655031,7.3287903758,9.4338607603,8.30672611743,9.25031250655,5.98564634105,7.74893270815,59.3147342615,65.8784340088,19.5499289804,22.7916020016,2.3890120654,2.7319443786,19.4680920998,21.7341120883,149.996012191,161.392603071,248.009946563,306.254588706,9.96369596833,11.8631694577,21.7115648495,27.7804862222,83.1351959478,101.965014436
959,67.3101624859,71.3940158311,11.9073677422,13.7365455549,28.0985563293,33.0309641331,7.3287903758,9.4338607603,7.7898059929,7.58786692168,5.98564634105,7.74893270815,59.387376469,65.9441083484,19.4251642044,22.6676702105,2.3890120654,2.7319443786,19.4680920998,21.7341120883,149.996011984,161.392602866,248.125306005,306.369914786,9.95501516168,11.8869131296,21.4490661879,27.5084843139,82.0008532628,99.982837271
960,56.3435694622,60.5085112214,7.04237076108,8.12981712604,27.7724198637,32.7036401298,7.3287903758,9.4338607603,8.31762679973,9.29076331923,5.98564634105,7.74893270815,58.8953517372,65.4478908775,11.1471323633,13.8798369774,2.1140093842,2.4569416974,16.7876760881,19.0536960766,118.96454985,130.36114073,241.847204858,300.096665042,8.07728255055,10.089185709,19.3086732576,24.7280962898,64.0486070545,77.8473321191
961,51.2373202913,56.0961645207,6.84231221064,7.93232669809,27.7742154647,32.7027760337,7.3287903758,9.4338607603,7.79670432965,7.58786692168,5.98564634105,7.74893270815,58.8992059964,65.4467664495,11.1176477397,13.846793303,2.1140093842,2.4569416974,16.7876760881,19.0536960766,118.964549722,130.361140604,241.765096547,300.00879896,8.07723399607,10.124627183,19.1962411038,24.5601931285,63.6897899175,77.3699703827
962,49.588522091,54.6533306484,4.80895731896,5.27324503325,27.7738814163,32.7007191548,7.3287903758,9.4338607603,8.34379853331,9.3635606376,5.98564634105,7.74893270815,58.9002041998,65.4432186064,7.39184139711,7.97195409801,2.1140093842,2.4569416974,16.7876760881,19.0536960766,118.964549702,130.361140585,241.703959913,299.944720157,7.78276800834,9.86908865774,19.1077439222,24.4314035731,63.542689458,77.1779940658
963,49.1009368825,54.5031164605,4.83312942738,5.27277589954,27.7712713998,32.6988460071,7.3287903758,9.4338607603,7.80445246395,7.58786692168,5.98564634105,7.74893270815,58.8961070345,65.4400066418,7.41887351543,7.96990569597,2.1140093842,2.4569416974,16.7876760881,19.0536960766,118.964549759,130.361140642,241.576922203,299.804302196,7.78558281382,9.90195154377,19.0377376217,24.327615227,63.2489658664,76.7024877196
964,48.6599868155,54.3549436965,4.83347875427,5.26870847538,27.7685859735,32.6967195083,7.3287903758,9.4338607603,8.37481563708,9.46623614788,5.98564634105,7.74893270815,58.8913633551,65.4361739472,7.41466989308,7.96289048647,2.1140093842,2.4569416974,16.7876760881,19.0536960766,118.964549744,130.361140627,241.445030919,299.658862622,7.64116209613,9.79217523403,16.540714446,20.4696447841,54.3112073359,64.8163419523
965,48.3339315713,54.2960684666,4.83956939147,5.26654796003,27.7666619533,32.695285144,7.3287903758,9.4338607603,7.81074528875,7.58786692168,5.98564634105,7.74893270815,58.8882679929,65.4337739097,7.42106881121,7.96020531607,2.1140093842,2.4569416974,16.7876760881,19.0536960766,118.964549806,130.361140689,241.370484878,299.57802878,7.64408650739,9.81569884658,16.4541654863,20.3693153116,54.2243166977,66.2874122009
966,48.0532825344,54.2524703747,4.84213490742,5.26458964676,27.7648331685,32.6938651378,7.3287903758,9.4338607603,8.39497481796,9.53510992048,5.98564634105,7.74893270815,58.8852530144,65.4313039421,7.42316007235,7.95743395634,2.1140093842,2.4569416974,16.7876760881,19.0536960766,118.964549794,130.361140678,241.193082658,299.498051739,7.57310329336,9.7667471575,16.4017922554,20.321697323,54.1800133161,66.3781104469
967,47.7920454386,54.1743492385,4.8446131221,5.26250169335,27.7631460363,32.6924538115,7.3287903758,9.4338607603,7.81498634101,7.58786692168,5.98564634105,7.74893270815,58.8824451493,65.4287944069,7.42564220118,7.9548431767,2.1140093842,2.4569416974,16.7876760881,19.0536960766,118.964549844,130.361140724,240.563468929,299.433599734,7.57790060327,9.79260459695,16.3479896342,20.2801415581,54.1214562529,67.558063644
968,50.8200497696,57.3663602313,4.91703586712,5.33162911344,27.8678662363,32.7974779115,7.3287903758,9.4338607603,8.4116821611,9.60548278792,5.98564634105,7.74893270815,59.0923378847,65.639014441,7.4980683502,8.02351142229,2.1140093842,2.4569416974,16.7876760881,19.0536960766,125.075648738,136.472239619,244.484940967,315.757612496,8.62718036443,10.8668541872,17.0771979823,21.1182337679,57.303376477,71.9231474895
969,50.736504384,57.4106476886,4.91955765718,5.3310667871,27.867614333,32.797584069,7.3287903758,9.4338607603,7.81983456119,7.58786692168,5.98564634105,7.74893270815,59.0925478294,65.6396052653,7.50065799074,8.02254979061,2.1140093842,2.4569416974,16.7876760881,19.0536960766,125.075648677,136.472239558,245.465360014,315.779778276,8.62437869095,10.8583618784,17.0816848206,21.141645282,57.5623453055,71.201419211
970,50.4052376692,57.2140289229,6.9489602863,7.98374893586,27.8600907933,32.7901615324,7.3287903758,9.4338607603,8.42081807116,9.61852077995,5.98564634105,7.74893270815,59.0779068012,65.6250703693,11.221358213,13.9234996705,2.1140093842,2.4569416974,16.7876760881,19.0536960766,137.298553841,148.695144723,245.643968131,315.752516563,10.8927297385,13.1095152163,19.126165206,23.2064650899,63.6374760683,76.6554949646
971,50.2161901104,57.1271670331,6.90253303542,7.99126113531,27.8567844929,32.7867309213,7.3287903758,9.46582162374,7.82321677599,7.58786692168,5.98564634105,7.83343113595,59.0714193484,65.6188141628,11.169960372,13.9106021004,2.1140093842,3.47404998242,16.7876760881,19.0536960766,137.298553478,148.695144363,245.019073357,315.681200061,10.8995279902,13.14627564,19.068974427,23.2241325019,63.7619772883,71.2072764828
972,65.3526897019,77.487632632,14.1453197461,15.9770595785,27.8615668131,32.7913078698,7.3287903758,9.4338607603,8.44690985805,9.75411187132,5.98564634105,7.79789908577,59.0812786107,65.6287763714,19.1611175701,22.406122699,3.40028672355,4.68055446677,56.2312666886,37.5772607629,213.077135734,234.332753134,281.530618148,363.479198739,13.567920477,15.820140397,29.4450634755,36.1168060259,104.330080828,120.536140317
973,65.9067092028,75.7932886279,14.146999751,15.9782980288,27.858588815,32.7881350632,7.3287903758,9.48141928368,7.8312950058,7.58786692168,5.98564634105,7.91031889244,59.0754964529,65.6228749605,19.1550957541,22.4047100094,3.39673000328,4.68055446677,54.4373579132,37.5772607629,213.001451086,233.992289407,281.534888584,363.341688705,13.5791584416,15.8261575727,29.5187479724,36.1978107191,104.835449185,121.416901379
974,65.4453870708,73.3819293245,12.8572863141,14.4715079464,23.5378612422,27.4943793073,1.5862903758,2.74213044106,4.97436759362,6.29223632413,1.85264634105,2.84501269481,50.0463945993,54.6186938359,20.7772544488,23.5988387862,2.24523000328,3.29755446677,47.7857687747,31.2415519717,199.601571125,215.400851075,334.200612778,425.040701591,12.2716406244,14.0349064606,34.5694375665,36.8808228658,119.016599018,139.017816641
975,65.3420674054,72.8188713282,12.8567714026,14.4711599386,23.5355874421,27.4936901696,1.5862903758,2.7479633007,4.97436759362,6.29223632413,1.85264634105,2.96893414554,50.0408421914,54.6195422692,20.7672617667,23.5830897447,2.24523000328,3.29755446677,46.6576464082,31.2415519717,199.584051761,215.37385335,333.502125029,424.881505637,12.2751093806,14.0397187336,34.7539932202,37.1000632737,120.308986251,134.721211754
976,105.516516823,116.976790358,10.355928981,11.9701125229,23.5341683889,27.4919544383,6.40836021779,11.3986958808,5.48016743266,6.79803616318,7.0018273496,13.8874575056,50.0383691557,54.6163083461,20.772205353,23.5993522466,3.07023804688,4.56829176317,52.9089566224,50.430693037,324.06569307,389.664499919,337.921030138,429.723739962,11.1817869424,12.9697273173,47.9509523279,52.5148984413,142.051761182,163.535603285
977,85.875935191,97.1525302021,10.3533178508,11.9684863272,23.5362191319,27.4944813247,6.40836021779,11.3986958808,5.48016743266,6.79803616318,6.96932633239,13.89120094,50.0417929198,54.6207647436,20.7736454575,23.5966001612,3.07023804688,4.56829176317,51.3599726921,50.430693037,324.04218777,389.629089943,337.537478256,429.624718129,11.1821882542,12.9107232573,48.3754293683,53.3415728113,143.381624498,165.387556628
978,106.439007467,124.12553651,10.3590180568,11.9733079729,23.5420732546,27.5010708199,6.40836021779,11.3986958808,10.3286243282,10.053929757,6.89844642278,13.7441052905,50.0537591701,54.63342034,17.0329615868,19.8479363283,3.07023804688,4.56829176317,51.8806897026,51.5545391909,305.704997428,371.285685236,391.301286789,489.048481522,9.76698080734,11.4870156584,39.7473593627,46.0915341919,119.873709246,142.652552504
979,105.189567603,122.844895275,10.3611106633,11.9751276707,23.5436991843,27.5033707963,6.40836021779,11.3986958808,10.3286243282,10.053929757,6.80144649272,13.589874122,50.0572754271,54.6368736855,17.0306151101,19.8448677196,3.07023804688,4.56829176317,48.6230258011,51.5784224914,305.651328399,371.216633275,391.496631365,489.023016017,9.77992200905,11.3500626885,40.0676826253,46.5517526818,119.396352939,142.956394855
980,118.040968812,142.109620504,12.8581283682,14.4717914692,23.5413973148,27.502179892,13.2295917366,24.8083497066,10.3286243282,10.053929757,14.2349209364,26.3511000139,50.0584478367,54.6387849577,20.7763050971,23.6105924979,3.07023804688,4.56829176317,44.8603147323,51.1032869187,281.157026476,346.701968456,395.774821395,492.795066031,8.34040491864,9.74733789483,27.1320874495,32.4641390816,92.0804785519,110.2156638
981,118.23595338,142.26735676,12.8647001446,14.4777496911,23.5455961933,27.5080777367,13.2295917366,24.8083497066,10.3286243282,10.053929757,14.2320069191,26.3326721855,50.06611811,54.6475548245,20.7846345435,23.5984424321,3.07023804688,4.56829176317,45.2738075532,51.0885192845,281.166590112,346.708247754,396.606023914,492.854720349,8.32231311524,9.66213717935,26.9708220879,32.5304310042,91.1956855626,108.949504235
982,130.197364533,154.112191389,13.6774342091,15.2870422777,23.894082139,27.8590050849,13.2295917366,24.8083497066,10.3286243282,10.053929757,14.2352297226,26.3165996812,50.4159067778,54.9987840485,21.2115325734,24.0441891611,3.07023804688,4.56829176317,46.7770340126,52.2043405618,281.178020508,346.723265148,398.613310914,493.438146701,8.37106545587,9.67146160189,25.5896796085,30.411274351,86.6800396433,102.06148496
983,136.003324892,159.798391733,13.1717848417,14.781545157,23.8813957903,27.8457145555,13.2295917366,24.8083497066,10.3286243282,10.053929757,14.1278288292,26.2159757457,50.5748769492,55.156434178,21.0853206641,23.9142310659,3.07282626786,4.59451061745,41.9736186342,52.2151877601,281.119470403,346.643368869,399.344557965,494.208589129,8.43394852492,9.51232452239,26.1355185908,30.9214251009,87.5112537151,104.200860385
984,126.442974331,150.264208873,13.1107576178,14.7211050431,23.5476548393,27.5140530311,17.7770794158,33.7481189238,4.97436759362,6.29223632413,19.1341319525,34.8281426649,50.0645148559,54.6462724752,20.8450659177,23.6775637687,2.24646469677,3.40898677997,40.9937592802,51.5832691672,281.115681348,346.635377897,383.546102075,478.45449248,8.36398848918,9.3389749336,26.3053837635,31.1093917098,87.1670921651,112.773653065
985,124.001498544,147.90452852,12.8834695129,14.4920418002,23.5522452247,27.5199560527,17.7770794158,33.7481189238,4.97436759362,6.29223632413,19.0855610152,34.8281426649,50.0726508737,54.6546110104,20.7952186644,23.6249031758,2.24747174943,3.43907510624,38.9068476778,51.5903129341,281.10195419,346.609564196,383.840281954,478.791190954,8.50327643957,9.24321969661,26.7289084421,31.7490103896,88.1922235436,116.408692911
986,125.932766256,149.828169642,12.9037287375,14.5133175873,23.5763026513,27.545496442,17.7770794158,33.7481189238,4.97436759362,6.29223632413,19.0855610152,34.8281426649,50.1191519468,54.7015045269,17.0695335712,19.8875973701,2.24818307531,3.44035341634,36.6406312503,50.2965484039,315.939081505,389.892463269,380.455054485,475.447479355,8.45054366127,8.93341879837,27.1600234987,32.7035694756,86.9686085012,114.049772484
987,123.737340684,147.645385985,12.9045116336,14.5143787275,23.5775162226,27.5481591353,17.7770794158,33.7481189238,4.97436759362,6.29223632413,19.0926533338,34.8281426649,50.1197615507,54.7025460603,17.0629243004,19.8831233436,2.24523000328,3.42506390322,38.4265205874,50.2701435865,315.898557577,389.855690018,380.551295374,475.54705023,8.21028736902,8.94584533149,26.5235278703,32.0910297354,85.216248387,108.994127605
988,122.406709323,146.317693383,10.4095713247,12.0198156637,23.5835234021,27.5553916474,17.7770794158,33.7481189238,4.97436759362,6.29223632413,19.0855610152,34.8281426649,50.130091561,54.7130381208,17.0673268441,19.8874412316,2.24735067493,3.40898677997,27.4515986704,30.7206763558,191.341556567,221.70794896,380.608976407,475.605625308,8.16982713035,8.86894087929,26.5629758905,31.8928475056,84.7750491595,107.08136409
989,122.094412042,146.002652771,10.4006355166,12.0120132435,23.5828920295,27.5556927414,17.7770794158,33.7481189238,4.97436759362,6.29223632413,19.0855610152,34.8281426649,50.1267309656,54.7098923121,17.0625658076,19.8843076763,2.24523000328,3.43776747696,25.2356321001,30.7206763558,188.887572463,218.503553481,380.538018839,475.521672301,8.29413385925,8.86167606726,26.846144149,32.0424396087,83.9400984792,104.984227152
990,120.077086933,143.984967062,10.3923211036,12.0037923016,23.5749651749,27.5480981189,17.7770794158,33.7481189238,4.97436759362,6.29223632413,19.0855610152,34.8281426649,50.1087954895,54.692054017,17.0538644353,19.8754038858,2.24523000328,3.42348091181,28.2573072928,30.0784785536,156.547537534,218.525925829,341.46101862,430.777315387,8.90066650894,9.57342458453,26.4831770022,31.4842023597,81.7131708062,101.859629472
991,120.104279998,144.011307908,10.3906745569,12.0024984034,23.5759511625,27.5489132349,17.7770794158,33.7481189238,4.97436759362,6.29223632413,19.0979759701,34.8281426649,50.1092441568,54.6924016292,17.0549494424,19.8766012925,2.24523000328,3.40898677997,30.3705485885,30.0784785536,156.574100653,178.488133779,341.528074025,430.851886683,8.84122116964,9.58918934147,26.3258834747,31.2279689634,81.8690985656,101.001307923
992,120.40470799,144.319408625,10.3522642551,11.9625121375,23.5274412419,27.4999092705,17.7770794158,33.7481189238,3.4410324891,2.75078229694,19.1057112734,34.8281426649,50.0084289206,54.5914855108,20.7698537678,23.6010118166,2.24523000328,3.42083230843,30.8052634398,30.2390280042,181.02327827,202.938756893,345.236123425,434.564719616,12.6475216453,13.3062422271,28.541939745,33.1296373056,96.2078508321,114.904691362
993,121.013037735,144.941863895,10.3555120522,11.9654993435,23.5288426995,27.5004571328,17.7770794158,33.7481189238,3.24641213723,2.10886692168,19.1723893388,34.8281426649,50.0103110347,54.5931681597,20.7738948,23.5912860144,2.24523000328,3.40898677997,35.5555557386,30.2390280042,197.880138161,223.810357122,345.420515865,434.7731572,12.5017521076,13.3611317918,28.2029701269,32.3583824753,96.1291391052,113.99155655
994,128.240932129,153.595990893,14.121798212,15.9489142489,27.8165723889,32.7590598037,18.9720917366,31.5578497066,8.07187518844,8.64966566571,18.2421349986,31.2134757457,58.9737216098,65.5298076338,22.8922335233,26.1451938146,2.98422598148,4.15661813177,42.60521915,33.7564134602,205.448790866,224.37835184,332.04332704,424.126548153,18.8834671657,20.1817874825,36.808841475,43.8380676942,118.292074858,140.132766356
995,128.281835456,153.672737912,14.1262906737,15.9529074323,27.8162110524,32.757338223,18.9720917366,31.5578497066,7.72933830206,7.58786692168,18.2501551768,31.2134757457,58.9726186466,65.5284390032,22.8934540901,26.1349918135,2.98422598148,4.15661813177,43.5445094845,33.7564134602,221.046579728,224.389702642,332.085604176,424.176385065,18.8881224598,20.2116904446,36.8336835271,43.729928363,118.168732643,139.425129999
996,129.624985752,146.339646014,14.1265888897,15.9535757962,27.815844972,32.7555135369,14.4246040574,22.6180804894,8.13330101819,8.80417189536,13.2483009904,22.6473434225,58.9717750136,65.527434098,22.8939761262,26.1355196765,2.1140093842,2.4569416974,16.7876760881,19.0536960766,173.964911245,185.361502131,312.66592226,393.423750745,20.073909286,21.3353558129,44.616334607,55.6393757238,151.557943002,187.928435
997,110.283423523,127.032154395,14.1275859404,15.9541738,27.8151933759,32.7535562134,14.4246040574,22.6180804894,7.75564695438,7.58786692168,13.2602255859,22.6819325268,58.9707470245,65.5262034482,22.8990368969,26.1359889118,2.1140093842,2.4569416974,16.7876760881,19.0536960766,173.964911268,185.361502152,312.688998308,393.460189232,20.0638435949,21.3571754567,44.814697293,55.9484527351,151.669258847,188.605397759
998,99.8155899955,112.27870975,14.2033132716,16.0303453676,27.927277681,32.8645570983,7.3287903758,9.4338607603,8.20233860266,8.88194330258,5.98564634105,7.74893270815,59.1954686272,65.7507493484,19.2277020772,22.4682172475,2.1140093842,2.4569416974,16.7876760881,19.0536960766,161.742713298,173.139304424,309.294802078,390.07397717,19.5494670033,20.9011914201,45.3269856838,57.798281004,149.236975853,190.834171285
999,97.6931071913,110.289590359,14.2026294842,16.0297254985,27.9254531441,32.8618667578,7.3287903758,9.4338607603,7.76696448559,7.58786692168,5.98564634105,7.74893270815,59.1924818136,65.7475674691,19.2200554797,22.4618515334,2.1140093842,2.4569416974,16.7876760881,19.0536960766,161.742713414,173.13930428,309.239385951,390.019243577,19.5365452278,20.9251574578,45.4525861814,58.0020985837,149.187691134,191.42040932
1000,92.666950233,105.209915924,11.6974725855,13.5245987899,27.9174932864,32.8531942591,7.3287903758,9.4338607603,8.22632257037,8.9517023761,5.98564634105,7.74893270815,59.1773574336,65.7322195467,19.2143258944,22.4556720526,2.1140093842,2.4569416974,16.7876760881,19.0536960766,161.742713674,173.139304542,253.428606993,323.098562349,19.3033187896,20.71605222,48.7951338466,61.2952112155,155.351442648,198.30584567
1001,92.4454342747,104.997869175,11.6919201731,13.5192720942,27.9148754503,32.850108415,7.3287903758,9.4338607603,7.77223393001,7.58786692168,5.98564634105,7.74893270815,59.1727633405,65.7274679641,19.2114518773,22.4530007681,2.1140093842,2.4569416974,16.7876760881,19.0536960766,161.742713468,173.139304339,253.328083131,322.996422337,19.2748689109,20.747120563,48.7864998043,61.3532724148,154.522634657,197.947093705
1002,69.024332643,77.1692569774,11.6535789464,13.4812430462,27.8516513737,32.7870389634,7.3287903758,9.4338607603,8.24413985954,9.05073493877,5.98564634105,7.74893270815,59.0602621381,65.6153494447,19.1719268967,22.4137746584,2.1140093842,2.4569416974,16.7876760881,19.0536960766,149.520986736,160.917577603,253.060785019,322.720960126,16.5100653792,18.0482051986,47.7042997347,60.2471774755,148.902546192,192.548225081
1003,69.5668904589,77.6735177957,11.6526774499,13.4803171753,27.8516957606,32.7855598429,7.3287903758,9.4338607603,7.7789513469,7.58786692168,5.98564634105,7.74893270815,59.0624525944,65.614678259,19.1702651086,22.4122108123,2.1140093842,2.4569416974,16.7876760881,19.0536960766,149.520986778,160.917577646,253.047397367,322.712067352,16.4814329781,18.0719225008,47.6998656654,60.2669751579,149.184539403,193.249736466
1004,51.3516827507,54.2390834819,11.5982667855,13.4259142445,27.7697108675,32.7035853377,7.3287903758,9.4338607603,8.25630255087,9.09025837656,5.98564634105,7.74893270815,58.8857317342,65.4380102281,19.1155697012,22.3573076633,2.1140093842,2.4569416974,16.7876760881,19.0536960766,137.29784654,148.694437416,247.987828194,306.301835664,12.9412687003,14.6630850632,35.5675484168,46.6827649341,121.935175525,160.571424272
1005,51.9807324519,55.7253153642,11.5974256753,13.4250790007,27.7699452611,32.7035750522,7.3287903758,9.4338607603,7.78431972781,7.58786692168,5.98564634105,7.74893270815,58.8870293283,65.4385388017,19.1145117852,22.356254254,2.1140093842,2.4569416974,16.7876760881,19.0536960766,137.297846522,148.694437398,248.013115785,306.338042844,12.935801189,14.6754760331,35.556143326,46.6295231099,122.834085495,162.135732438
1006,69.5598509486,73.5099207699,12.4195665188,14.2475148662,28.1492901913,33.0834474476,7.3287903758,9.4338607603,8.26911448118,9.1024735743,5.98564634105,7.74893270815,59.3031800559,65.8552958618,19.5508706364,22.7930635888,2.1140093842,2.4569416974,16.7876760881,19.0536960766,125.07564878,136.472239657,248.504269129,306.835142722,9.95463902988,11.7775108961,23.1604114296,30.078919719,85.4720301987,109.773675774
1007,66.6167839714,70.8650765406,11.9203846306,13.7487463424,28.0770115762,33.0099551161,7.3287903758,9.4338607603,7.78872122736,7.58786692168,5.98564634105,7.74893270815,59.3394680203,65.8902767898,19.4374947469,22.6797007759,2.1140093842,2.4569416974,16.7876760881,19.0536960766,125.075648766,136.472239643,248.604899671,306.930684296,9.94452261933,11.8105792199,22.8372195829,29.6878195207,84.3237650769,107.403934887
1008,56.8092177995,61.0233950556,7.05370969271,8.1390283716,27.7676114681,32.7009579034,7.5534996038,9.6585699883,8.28276979051,9.14361922858,6.28484183022,8.04812819733,58.8837179272,65.4349214629,11.1543991072,13.8874616757,2.1140093842,2.4569416974,16.7876760881,19.0536960766,118.964314221,130.3609051,236.742033607,292.28685059,8.06282299153,10.007547386,19.6098901146,25.0657501678,68.9103986516,82.579853941
1009,51.4630890965,56.5650099008,6.84753617866,7.93726568687,27.7655674032,32.6988033302,7.5534996038,9.6585699883,7.79442225368,7.58786692168,6.28484183022,8.04812819733,58.8799276649,65.4309663249,11.1233544124,13.8533399112,2.1140093842,2.4569416974,16.7876760881,19.0536960766,118.964314237,130.360905116,236.628976624,292.167780073,8.06325975162,10.0583766157,19.370142146,24.814248931,68.1077455424,81.9536807041
1010,49.8555532925,55.1462750503,4.81376076438,5.27803483364,27.7641993733,32.6972150927,7.5534996038,9.6585699883,8.30343005986,9.2373039817,6.28484183022,8.04812819733,58.8775805687,65.4282594048,7.39740320214,7.97824068924,2.1140093842,2.4569416974,16.7876760881,19.0536960766,118.964314142,130.360905021,236.569644299,292.102718295,7.76928888125,9.79446518822,19.2991030381,24.6803966474,68.0591712337,82.0976346205
1011,49.3985392872,54.9919954473,4.84043600526,5.27950297461,27.7623534182,32.6951167421,7.5534996038,9.6585699883,7.80127444856,7.58786692168,6.28484183022,8.04812819733,58.8740948471,65.4244811999,7.42706874531,7.97779274708,2.1140093842,2.4569416974,16.7876760881,19.0536960766,118.964314199,130.360905078,236.461386918,291.988030172,7.77165269749,9.84324872693,19.1927283524,24.5190058888,67.7299177733,81.8026095873
1012,48.9946061636,54.8442755893,4.84007895586,5.27482009716,27.7601288872,32.692590122,7.5534996038,9.6585699883,8.31486408234,9.35047458373,6.28484183022,8.04812819733,58.8699890325,65.4200283859,7.42095063444,7.96943275799,2.1140093842,2.4569416974,16.7876760881,19.0536960766,118.964314139,130.360905018,236.344917113,291.857179752,7.62751032018,9.73684807631,16.708436766,20.6749579572,58.8625555609,68.6766623397
1013,48.6736086876,54.7513469207,4.84600652509,5.272609322,27.7589929637,32.6911035771,7.5534996038,9.6585699883,7.80784574525,7.58786692168,6.28484183022,8.04812819733,58.868019397,65.4176860272,7.42748334822,7.96678942115,2.1140093842,2.4569416974,16.7876760881,19.0536960766,118.964314233,130.360905112,236.272104108,291.778319555,7.63080535688,9.77169122303,16.6087595172,20.5593159828,58.7664357092,68.5812549285
1014,48.4060711935,54.6899524286,4.84832171297,5.27053533287,27.7575967725,32.6894371266,7.5534996038,9.6585699883,8.3537651186,9.42180466467,6.28484183022,8.04812819733,58.8656013744,65.4149879031,7.4294070739,7.96383467361,2.1140093842,2.4569416974,16.7876760881,19.0536960766,118.964314205,130.360905084,236.198490553,291.695779066,7.56037990351,9.72433230212,16.5471432367,20.4933250519,58.7235297112,68.5658156202
1015,48.1979868019,54.6477332392,4.85122010328,5.26904902428,27.7570934528,32.6886885395,7.5534996038,9.6585699883,7.81205450306,7.58786692168,6.28484183022,8.04812819733,58.8649823541,65.4140628138,7.43228278774,7.96183072039,2.1140093842,2.89274302358,16.7876760881,19.0536960766,118.96431425,130.36090513,236.17624941,291.67419138,7.56584174409,9.74660554762,16.477710539,20.4625083748,58.637720449,68.4800825455
1016,51.4449888661,58.0405399226,4.9269682868,5.341699986,27.8667204635,32.7981834537,7.5534996038,9.6585699883,8.36557336776,9.44658386911,6.28484183022,8.04812819733,59.0847640188,65.6336197345,7.50803997664,8.03399706633,2.1140093842,2.62886123276,16.7876760881,19.0536960766,125.075413157,136.472004037,241.310297713,308.164475853,8.60399927646,10.7789992938,17.2470842822,21.2605844348,61.91415656,71.7916912871
1017,51.3621747085,58.1066611861,4.92945904266,5.34195253657,27.867227356,32.7985705177,7.5534996038,9.6585699883,7.81381715238,7.58786692168,6.28484183022,8.04812819733,59.0861888846,65.6348513344,7.51057973797,8.03382393288,2.1140093842,3.08806029368,16.7876760881,19.0536960766,125.075413053,136.472003933,241.357163636,308.213928135,8.6042556676,10.7642211373,17.2490892516,21.2661874937,62.1702130399,72.2451043295
1018,51.0119192724,57.8729595924,6.95873366159,7.99434804361,27.8599553473,32.7911786035,7.5534996038,9.6585699883,8.33773662622,9.43329677209,6.28484183022,8.04812819733,59.0718424527,65.6203554802,11.2311493296,13.9318609781,2.1140093842,2.71482100044,16.7876760881,19.0536960766,137.298317988,148.694908867,241.333031414,308.190970992,10.8784347598,13.002550475,19.3061777066,23.3368486836,68.2904528098,78.4169994173
1019,50.9034797356,57.8625227683,6.91298062197,8.0017067956,27.8596069759,32.7907768323,7.5534996038,9.6585699883,7.81209302468,7.58786692168,6.28484183022,8.04812819733,59.0713559796,65.6197151992,11.1810517671,13.9215163346,2.1140093842,3.35386554397,16.7876760881,19.0536960766,137.29831792,148.694908797,241.333673042,308.195742013,10.8814767673,12.9917541901,19.263999918,23.3030847701,68.4324417513,78.6943459421
1020,66.0661607894,78.264855857,14.1571223569,15.9888682864,27.8658045873,32.7970657856,10.78927907,15.6885443485,8.35514262052,9.42262838207,9.56189606184,16.406471026,59.0840470994,65.6322572171,19.1737691935,22.4205349492,2.1140093842,2.71482100044,16.7876760881,19.0536960766,161.742006445,173.138597325,277.882038194,356.040265044,13.5480212199,15.6286036958,29.5938400575,36.3738121959,104.409094682,121.828816741
1021,66.9925267981,77.0219444388,14.1604448742,15.9915636303,27.8644582389,32.7958178285,10.78927907,15.6885443485,7.81504621145,7.58786692168,9.55892284155,16.4779607184,59.0815218266,70.7408464947,19.1690927559,22.4208268761,2.1140093842,3.64187638365,16.7876760881,19.0536960766,161.742006533,173.138597413,277.850010002,355.991952024,13.5569873891,15.5968153333,29.6918717454,36.5292877136,104.946549568,122.921139444
1022,67.0519450598,75.1480163279,12.8728763756,14.4861278208,23.5441720323,27.5028680847,8.68210405739,15.8685804894,3.90113111893,3.97739034834,9.41753124291,18.1023881673,50.0529384189,54.6262952262,20.7932341037,23.6169837619,0.962509384202,1.33182100044,9.3856760881,10.1491960766,148.333204301,154.563295181,273.734173848,349.138700356,12.2500717263,13.7539059337,34.8915608704,37.3245452331,123.798817776,143.507193407
1023,67.1557902518,74.8169862214,12.8731306337,14.4853971912,23.5406386531,27.5007125146,8.68210405739,15.8685804894,3.35648054463,2.10886692168,9.38278683655,18.032824183,50.0444343247,54.620165511,20.782157773,23.5992495106,0.962509384202,2.24321187053,9.3856760881,10.1491960766,148.333204388,154.56329527,273.57294148,348.900032493,12.2544421711,13.7730336292,35.0570874532,37.5059902607,125.037890069,143.696438677
1024,93.4854762986,100.809774774,10.3718660995,11.9838026391,23.5384670506,27.4985269923,15.5033355762,29.2782343152,3.88871343226,3.99064485788,16.8395567576,30.8344622693,50.0405416456,54.6159832079,20.7865099276,23.615050743,0.962509384202,1.33182100044,9.3856760881,10.1491960766,148.333204354,154.563295234,313.080423696,391.202287615,11.1527242498,12.714025535,48.432602703,52.9973299044,142.28698733,165.133051722
1025,74.2036485152,81.2985495419,10.3696310733,11.9846346634,23.5431750788,27.5037844357,15.5033355762,29.2782343152,3.34643156096,2.10886692168,16.7404511179,30.6772450185,50.0493277627,54.625769006,20.7891187339,23.6158981286,0.962509384202,2.30283363321,9.3856760881,10.1491960766,148.333204217,154.563295099,313.251376655,391.328179473,11.1777221423,12.5467430396,49.2887999107,54.5265562031,144.12513497,170.157141619
1026,74.2243522411,81.1998910375,10.377077186,11.9914953318,23.5568990023,27.5182538451,23.6994740226,46.2589358376,3.84146680397,3.80226582708,25.5003532863,46.5703261842,50.0751604006,54.6526630225,17.0510574459,19.8684942758,0.962509384202,1.33845283997,9.3856760881,10.1491960766,129.999907751,136.229998632,309.674542803,387.771824777,9.77897227747,11.0171814667,40.8419099892,47.4859279358,116.593953071,145.672912839
1027,69.8419073461,76.8701937285,10.3828908886,11.9964046301,23.5654589301,27.5290780051,23.6994740226,46.2589358376,3.32096230956,2.10886692168,25.4143112347,46.549611087,50.0917520212,54.67254315,17.048640852,19.8677292923,0.962509384202,1.44055278722,9.3856760881,10.1491960766,129.999907475,136.229998356,310.026354723,388.207520247,9.8783366299,10.8269763377,41.4396154352,48.6044910408,117.254187355,153.586235798
1028,89.2895346773,102.694051439,12.8868228764,14.4972708208,23.5706296069,27.5359393676,23.6994740226,46.2589358376,3.70793696222,3.26174793393,25.4143112347,46.549611087,50.1078765722,54.6902072299,20.7990764131,23.6313120336,0.962509384202,1.0739416974,9.3856760881,10.1491960766,105.555512136,111.785603022,314.175367591,392.41670744,8.59079959244,9.20675958756,28.5043913007,34.8284499092,99.0279085345,131.057738342
1029,89.5785636931,102.915303766,12.9009999288,14.5113981857,23.5779924065,27.5457596899,23.6994740226,46.2589358376,3.28577072095,2.10886692168,25.4143112347,46.549611087,50.1214358799,54.7060671315,20.8114991063,23.6493713709,0.962509384202,1.0739416974,9.3856760881,10.1491960766,105.555511905,111.785602785,314.487659821,392.783997619,8.84945855137,9.08691237163,29.0015570689,35.8333269308,100.26741119,130.268806221
1030,100.414472575,113.597417055,13.6883402136,15.2983182642,23.8968671854,27.8675479314,23.6994740226,46.2589358376,3.54398966432,2.8258031894,25.4239378116,46.549611087,50.4091297654,54.9960427741,21.2114949429,24.0292110369,0.962509384202,1.0739416974,9.3856760881,10.1491960766,126.655612218,123.801775204,315.093018465,393.442517761,9.08620454206,9.06194029916,27.9926629173,34.386110861,98.5213556503,126.194768565
1031,108.159319248,121.280774889,13.2379232821,14.8474658476,23.9434328184,27.9167413997,23.6994740226,46.2589358376,3.27109284057,2.10886692168,25.4526507222,46.549611087,50.6739852906,55.2596425873,21.1381310006,23.9790748533,0.962509384202,1.0739416974,9.3856760881,10.1491960766,105.555983319,111.786074201,315.708681833,394.084396304,9.07395774555,9.02747184478,27.9081760658,34.3673143376,97.2386594473,123.896366868
1032,111.339996845,128.825625144,13.1673693744,14.7768201821,23.5770736198,27.5521651082,23.6994740226,46.2589358376,3.3985007139,2.52495964873,25.5328753538,46.549611087,50.112028033,54.697338957,20.8760628865,23.7075507242,0.962509384202,1.0739416974,9.3856760881,10.1491960766,141.243672196,163.671459325,315.176726029,393.683224901,9.14426697189,8.93632848574,28.3782400785,34.6506529959,96.3619952918,123.217455357
1033,108.619253515,125.930094676,12.9183541664,14.5281189621,23.5788518348,27.5553796631,23.6994740226,46.2589358376,3.24641213723,2.10886692168,25.5244313925,46.549611087,50.1137158507,54.6982937453,20.8182818039,23.6410500979,0.962509384202,1.0739416974,9.3856760881,10.1491960766,105.5559835,136.467745742,315.783233248,394.458998046,9.14491036875,8.92113218354,28.3543475137,34.5974753412,95.5527547633,122.22912433
1034,110.427371617,127.953357695,12.9351649998,14.545291193,23.5992112161,27.5770594734,23.6994740226,46.2589358376,3.26221372251,2.10886692168,25.4254230953,46.549611087,50.1521837037,54.7366193769,17.0891483026,19.9130347108,0.962509384202,1.0739416974,9.3856760881,10.1491960766,105.556690602,111.786781475,312.522459478,391.269416432,8.65601698216,8.69366550819,27.6909572224,33.855403648,85.0059448372,108.26296042
1035,108.093878596,125.653687684,12.9327740955,14.5449885991,23.5994861832,27.5784636692,23.6994740226,46.2589358376,3.24641213723,2.12480133317,25.5332932423,46.549611087,50.1500657324,54.7345440368,17.0801815247,19.9082964849,0.962509384202,1.0739416974,9.3856760881,10.1491960766,121.126730835,111.786781491,312.725505457,391.571309883,8.90312913584,8.68413122004,28.2720513985,34.3123704009,84.9920189607,108.484591237
1036,106.824009281,124.370421338,10.4378552388,12.0485019847,23.6061260112,27.5856165172,23.6994740226,46.2589358376,3.2629740994,2.33295864817,25.4243631176,46.549611087,50.1602254413,54.7449714628,17.0849390738,19.911294134,0.962509384202,1.0739416974,9.3856760881,10.1491960766,105.555983548,111.786074431,312.92114011,391.818381548,8.5605412776,8.61935896733,27.7128616908,33.5288021296,84.0646263736,106.500594023
1037,106.567256632,124.115016015,10.4261566737,12.0391698958,23.6038743528,27.5832911266,23.6994740226,46.2589358376,3.24641213723,2.14109462165,25.4315945075,46.549611087,50.1530477941,54.7378495138,17.0775400665,19.9044279302,0.962509384202,1.0739416974,9.3856760881,10.1491960766,105.555983508,111.786074376,312.860177653,391.770842576,8.57511425064,8.63352194021,27.755774398,33.3713669554,83.2702538602,105.092298942
1038,104.527671746,122.077235222,10.417695502,12.0301260304,23.5956248437,27.5745759664,23.6994740226,46.2589358376,3.4268565288,2.50472799298,25.4617026044,46.549611087,50.1343299781,54.7191855183,17.0700450143,19.8950053464,0.962509384202,1.0739416974,9.3856760881,10.1491960766,105.555511943,111.785602827,312.549955584,391.357486504,9.34420105101,9.32154088473,27.7481002629,33.2170575597,83.0145264261,104.904882753
1039,104.304939934,121.854879168,10.4123002041,12.0257449976,23.5938143491,27.5719134113,23.6994740226,46.2589358376,3.24641213723,2.15475362516,25.4143112347,46.549611087,50.1288955268,54.7137289474,17.0679676903,19.8925422901,0.962509384202,1.0739416974,9.3856760881,10.1491960766,105.555512003,111.785602888,312.432816766,391.189301969,9.13678788903,9.35687143496,27.3189959848,32.6758254047,82.0198444471,102.647782135
1040,104.361146106,121.917362655,10.368367331,11.981765681,23.5424855382,27.5194505681,23.6994740226,46.2589358376,3.51819525591,2.71622525907,25.4143112347,46.549611087,50.022588506,54.6071990974,20.7754273269,23.6112751991,0.962509384202,1.0739416974,9.3856760881,10.1491960766,129.999907663,136.229998546,299.792746595,378.552626925,12.8180530122,13.1206451133,29.2495008478,34.1386968316,95.3613831769,114.945098337
1041,104.788017824,122.356441482,10.3702708169,11.9815138651,23.5422074811,27.5177566253,23.6994740226,46.2589358376,3.24641213723,2.18215578688,25.4143112347,46.549611087,50.021320862,54.6055657677,20.7834138077,23.6016195423,0.962509384202,1.0739416974,9.3856760881,10.1491960766,129.999907512,136.229998396,300.185551505,379.014437239,12.7361459913,13.1776965836,29.0304801475,33.3457047039,94.8130412961,113.505993409
1042,97.6698590088,112.333224639,14.1348196898,15.9627486714,27.8284738227,32.7743507763,29.4419740226,53.0084358376,8.09527735297,8.34326425762,29.5473112347,51.547111087,58.9819604164,65.5393789743,22.9007121276,26.1525757759,2.1140093842,2.4569416974,16.7876760881,19.0536960766,173.964204438,185.360795321,284.757248046,363.55459359,19.1012807824,20.0223474734,37.593423661,44.8102854515,116.449273428,138.854474787
1043,97.9339277929,112.912751818,14.1380017727,15.9654157606,27.8271000632,32.7711644033,29.4419740226,53.0084358376,7.70791213723,7.67337248375,29.5473112347,51.547111087,58.9792577377,65.5363426377,22.9013626594,26.1432701864,2.1140093842,2.4569416974,16.7876760881,19.0536960766,173.964204242,185.360795079,284.935057812,363.768723824,19.0861304905,20.0486919989,37.5735115701,44.6706962667,116.290747326,138.186138925
1044,109.781962777,120.410055955,14.137635685,15.9652837158,27.8258214274,32.7680584807,23.5195794158,40.4976189238,8.16619132866,8.4851949868,23.2290217948,39.8256426649,58.9770487972,65.5338805694,22.9022449539,26.1438596473,2.1140093842,2.4569416974,16.7876760881,19.0536960766,173.964204325,185.360795296,269.854436491,337.35872962,20.2645410122,21.1856404134,45.283663957,56.6428947992,147.271172286,183.462363802
1045,90.9451095135,101.602107785,14.1389032491,15.9656414815,27.825011772,32.7656904562,23.5195794158,40.4976189238,7.70791213723,7.68082879871,23.2474688573,39.8256426649,58.9762541827,65.532873695,22.9030740288,26.1443726671,2.1140093842,2.4569416974,16.7876760881,19.0536960766,173.964204288,185.36079517,270.10999057,337.668721229,20.255067403,21.2004921013,45.4788283483,56.951928737,147.585314273,184.48508341
1046,94.4607477209,105.147525677,14.2154041609,16.042624781,27.9378740862,32.8773038221,23.5195794158,40.4976189238,8.24444868113,8.56666805659,23.2763325978,39.8638649607,59.2029612381,65.759379376,19.2348763301,22.4762943306,2.1140093842,2.4569416974,16.7876760881,19.0536960766,161.742006601,173.138597484,266.709161572,334.2781534,19.7269591874,20.743374944,46.0219954102,58.854815127,149.737395389,193.240007964
1047,90.625240028,101.545969657,14.2138636684,16.0416116266,27.9359299609,32.8743676431,23.5195794158,40.4976189238,7.70791213723,7.68799070603,23.2892635671,39.8906896794,59.2002311293,65.7564253558,19.2265019509,22.4694226798,2.1140093842,2.4569416974,16.7876760881,19.0536960766,161.742006594,173.138597477,266.70757499,334.279265422,19.7027392549,20.764182579,46.1285734211,59.0448708602,149.963005407,194.064045058
1048,87.2226897256,97.9998248614,11.7080658487,13.5356845341,27.9267012001,32.8643683553,21.2458355762,36.0277343152,8.2882353325,8.70919840198,20.7962397816,35.6142913131,59.1829980571,65.7389786807,19.2200552002,22.4621221898,2.1140093842,2.4569416974,16.7876760881,19.0536960766,161.742006479,173.138597361,251.015866646,318.632470596,19.439227831,20.5699998018,49.4696107098,62.3141310664,160.459673441,207.003207993
1049,87.2835086842,98.0710649426,11.7037367779,13.5316781372,27.9256040853,32.8626724216,21.2458355762,36.0277343152,7.70791213723,7.69427580625,20.8006068555,35.62791134,59.1821845368,65.7379456379,19.2193559452,22.461433199,2.1140093842,2.4569416974,16.7876760881,19.0536960766,161.742006514,173.138597396,251.034221978,318.659246977,19.4338588443,20.579872187,49.536786752,62.4528488078,160.841434298,207.919554103
1050,77.9067904204,88.5546256849,11.666284177,13.494264562,27.8623644772,32.7993798032,11.1888245912,16.5881061292,8.31576538653,8.78495521912,10.3468034075,14.8064488759,59.0705621824,65.6266994002,19.1808371922,22.4228279173,2.1140093842,2.4569416974,16.7876760881,19.0536960766,149.52051612,160.917107,250.873240768,318.503914517,16.6734758919,17.8652082022,48.3652051636,61.2494797058,146.692405889,190.285105559
1051,78.4386636378,88.9837764988,11.6645854842,13.4925284711,27.8615903261,32.7970100437,11.1888245912,16.5881061292,7.70791213723,7.69632894262,10.3468034075,14.8064488759,59.0713672295,65.6253451302,19.1782603475,22.4205473858,2.1140093842,2.4569416974,16.7876760881,19.0536960766,149.520516115,160.917106996,250.717210718,318.321949332,16.6316738418,17.8865626265,48.3272443208,61.2395541489,146.602991737,190.289049536
1052,53.1104414563,56.2383458704,11.6094145884,13.4374941627,27.7789184164,32.7140715627,7.5534996038,9.6585699883,8.3257908738,8.82698029397,6.28484183022,8.04812819733,58.8937612852,65.4476907152,19.1222828978,22.3648831651,2.1140093842,2.4569416974,16.7876760881,19.0536960766,137.297610886,148.694201769,245.630990037,301.882829528,13.0699608955,14.4624998854,36.189460374,47.6014580421,119.465289316,158.175030411
1053,53.5991731171,57.0284026498,11.6075688192,13.4356887643,27.7777504343,32.7125834872,7.5534996038,9.6585699883,7.70791213723,7.69683100312,6.28484183022,8.04812819733,58.8925042263,65.4459754389,19.1193217213,22.3619461504,2.1140093842,2.4569416974,16.7876760881,19.0536960766,137.297610844,148.694201726,245.572553151,301.822237683,13.0270957367,14.4973815698,36.1156471767,47.4851140125,119.679039721,158.201238876
1054,70.7414086872,74.6106698202,12.4246505855,14.2529676067,28.1517891104,33.0869946039,7.5534996038,9.6585699883,8.33582022647,8.86211051937,6.28484183022,8.04812819733,59.2984655979,65.8523391556,19.5513333522,22.7942531174,2.1140093842,2.4569416974,16.7876760881,19.0536960766,125.075413155,136.472004037,245.857314112,302.076712512,9.98463885765,11.6092707618,23.70850612,30.862922394,86.6868358363,112.29024377
1055,68.3403836273,72.225494966,11.9347107698,13.7630979947,28.0891507877,33.0232313358,7.5534996038,9.6585699883,7.70791213723,7.70117877083,6.28484183022,8.04812819733,59.3516854895,65.9038604378,19.4473039476,22.6901656114,2.1140093842,2.4569416974,16.7876760881,19.0536960766,125.075413142,136.472004025,245.900255877,302.098706753,9.94007727554,11.6473656678,23.3165779741,30.322271246,85.7130781873,110.441103256
1056,59.6685243061,63.4257509506,7.06530472565,8.15132028165,27.7741063864,32.708690161,7.5534996038,9.6585699883,8.35248532205,8.89421966821,6.28484183022,8.04812819733,58.8883220254,65.4409687952,11.1587854406,13.8926977629,2.3890120654,2.7319443786,19.4680920998,21.7341120883,143.884913678,155.281504562,244.996680703,303.947619384,8.05337733156,9.85100830261,19.3482450824,24.5108352275,63.8063394344,74.3876106741
1057,54.2430637125,58.8880685401,6.85583020201,7.94531384573,27.7735633175,32.7080650586,7.5534996038,9.6585699883,7.70791213723,7.70566621084,6.28484183022,8.04812819733,58.8879645674,65.4403150448,11.1296805053,13.860426815,2.3890120654,2.7319443786,19.4680920998,21.7341120883,143.884913667,155.281504551,244.837342815,303.758425226,8.04093163586,9.878571101,19.0919562289,24.2071994381,63.1258933467,74.0015959067
1058,52.4607571069,57.3800258545,4.82112087235,5.28539633033,27.7729875146,32.707406664,7.5534996038,9.6585699883,8.36606406134,8.92063331748,6.28484183022,8.04812819733,58.8872766938,65.4394207148,7.40406445401,7.9857064882,2.3890120654,2.7319443786,19.4680920998,21.7341120883,143.88491364,155.281504522,244.591149349,303.471105204,7.73356516867,9.6188131733,18.0933186879,22.7644001802,58.8999728134,68.6848537211
1059,51.986568091,57.2044108958,4.8478018468,5.29005904751,27.7716215038,32.7059557097,7.5534996038,9.6585699883,7.70791213723,7.70911932959,6.28484183022,8.04812819733,58.8850230761,65.4369345681,7.43181215688,7.98654778851,2.3890120654,2.7319443786,19.4680920998,21.7341120883,143.884913639,155.281504521,244.287248066,303.108468479,7.73366089211,9.63588295596,17.9667375861,22.6258399692,58.2678263042,68.5807244897
1060,51.6005041265,57.0932949211,4.84953670537,5.28655546311,27.7713770505,32.7056240118,7.5534996038,9.6585699883,8.37506912654,8.94523391212,6.28484183022,8.04812819733,58.8849879435,65.4366510574,7.42894842376,7.98046663064,2.3890120654,2.7319443786,19.4680920998,21.7341120883,143.884913581,155.281504464,244.10257929,302.889018879,7.58636717897,9.5171110854,16.8700724303,20.9520173794,54.1751365847,62.5774906452
1061,51.1764435569,56.9165497124,4.85478538787,5.28445500911,27.7691386145,32.7034060058,7.5534996038,9.6585699883,7.70791213723,7.71511893684,6.28484183022,8.04812819733,58.8809527997,65.4324689514,7.43464805922,7.97776693134,2.3890120654,2.7319443786,19.4680920998,21.7341120883,143.884913591,155.281504474,243.801600297,302.532843744,7.5903750055,9.54720953747,16.7960936911,20.8153857801,53.5912262664,62.6115385751
1062,50.8383814333,56.8080467198,4.85718959326,5.28209039315,27.7680609934,32.7021983485,7.5534996038,9.6585699883,8.39548745012,9.00942779001,6.28484183022,8.04812819733,58.8791490484,65.4303296705,7.4368333005,7.97461944524,2.3890120654,2.7319443786,19.4680920998,21.7341120883,143.884913542,155.281504425,243.481302568,302.150449918,7.51886833527,9.49886755698,16.7253574645,20.7097236792,53.6014945858,62.607254117
1063,50.4271289777,56.5846969374,4.85828077344,5.27891324075,27.7654227866,32.699454037,7.5534996038,9.6585699883,7.70791213723,7.72259528319,6.28484183022,8.04812819733,58.8740542182,65.4250227674,7.43798981815,7.97092731974,2.3890120654,2.7319443786,19.4680920998,21.7341120883,143.884913563,155.281504446,243.062398258,301.652202257,7.52352856136,9.53007492147,16.6703984715,20.626041855,53.6528130104,62.6602786751
1064,53.5122698898,59.8492434531,4.93273439364,5.34990815723,27.8742187694,32.8080526722,7.5534996038,9.6585699883,8.40359258206,9.06496773628,6.28484183022,8.04812819733,59.0918327999,65.642434956,7.51254664431,8.04146974371,2.3890120654,2.7319443786,19.4680920998,21.7341120883,149.996012423,161.392603306,287.836174192,368.849500222,8.56599110297,10.587321025,17.405136941,21.3533157111,56.9550371595,65.9342768085
1065,53.2195848028,59.7040755988,4.93285601108,5.34721198933,27.8718989351,32.805647308,7.5534996038,9.6585699883,7.70791213723,7.72733467263,6.28484183022,8.04812819733,59.087391193,65.6377341841,7.51281633712,8.03845325133,2.3890120654,2.7319443786,19.4680920998,21.7341120883,149.996012452,161.392603335,287.392093202,368.311592447,8.56887025319,10.6144865519,17.3427719134,21.2855165156,57.1089111411,66.1988137709
1066,52.7331806529,59.3400782259,6.96050529745,7.9976012143,27.8624619483,32.7961674165,7.5534996038,9.6585699883,8.41492427099,9.13448218569,6.28484183022,8.04812819733,59.0687482165,65.6187925477,11.2318555439,13.9292521708,2.526513406,2.9808780324,20.8083001057,23.8378400826,174.67909909,192.305780857,287.919187651,368.794737626,10.8458343271,12.8964227539,21.1498212143,26.1597189988,70.9235485975,83.6278743933
1067,52.5938653815,59.3061233791,6.91338841704,8.0020908798,27.8618759563,32.795518679,7.5534996038,9.6585699883,7.70791213723,7.73768519259,6.28484183022,8.04812819733,59.0679350194,65.6176596333,11.181325256,13.9127793426,2.526513406,3.74195688336,20.8083001057,23.8378400826,174.679099059,192.305780825,287.911613473,368.747174681,10.8492025787,12.8965018253,21.1780874652,26.1645301015,71.50560026,84.7743957726
1068,73.6741932566,87.8335500354,14.1573600917,15.9887387284,32.8556209577,38.8999308282,10.78927907,15.6885443485,9.43586759362,11.7712363241,9.51015868831,16.3656018912,97.4376198743,119.168350807,19.1744631673,22.420411468,3.39673000328,4.68055446677,62.7337234922,37.5772607629,218.53553084,234.337209867,402.358693272,511.163504551,13.5174323483,15.5462374991,37.1530522672,44.0425877017,121.229360199,142.609714674
1069,74.4120128835,86.5246225669,14.1605633918,15.9921636193,32.8142322936,38.8310734092,10.78927907,15.6885443485,9.43586759362,11.7712363241,9.4849625714,16.4021458657,97.3179517039,118.972587402,19.1700146947,22.4215637826,3.39673000328,4.68055446677,62.6727171604,37.5772607629,213.051318001,234.112224092,402.442464051,511.237810126,13.533217443,15.5172995518,37.4533543093,44.3231880451,122.465063998,145.048855758
1070,74.565896429,84.7240717678,12.8745212739,14.4877705181,60.7643180221,81.8426676929,8.68210405739,15.8685804894,15.2194038444,13.1246369282,9.3638495071,18.0516730338,176.949726256,215.106932799,20.7950384387,23.6192359314,2.79523536568,4.29328908197,60.3890535598,42.7069035095,249.442334885,290.188713941,456.55987327,579.399587841,12.3228280046,13.7626068275,44.1457074943,47.6485706785,143.369998124,170.786161928
1071,74.9922851513,84.6892673097,12.8782578616,14.4900003243,60.7260175184,81.7925135296,8.68210405739,15.8685804894,15.2194038444,13.1246369282,9.28010375159,17.9145920336,176.908786676,215.037843926,20.7976470077,23.6274496499,2.79523536568,4.29328908197,55.267621567,42.7069035095,249.360676015,290.071637737,456.698069097,579.535291924,12.3565126493,13.6848853593,44.8014854035,48.4671302573,145.161493555,174.972631537
1072,122.064457025,137.912853726,10.3830732412,11.992767269,83.2739722543,104.293847634,15.5033355762,29.2782343152,24.9586402561,19.4512376933,16.7597821099,30.7332181014,222.963229749,260.943861176,20.797769525,23.6105699066,5.82765938981,8.65550633357,77.2861727059,86.8520423193,523.332575114,638.757205485,477.426052604,600.256817807,11.9796059767,13.7412586926,37.4380419213,41.655774677,123.201500713,149.331804284
1073,103.452270121,119.110993964,10.3830692017,11.9942221671,83.292801358,104.298413139,15.5033355762,29.2782343152,24.9586402561,19.4512376933,16.7243821754,30.6657855859,222.980899317,260.93655583,20.8012956521,23.6371761535,5.82718757522,8.65550633357,74.5645123358,86.8601581864,523.300119902,638.7059342,477.743637434,600.627019178,11.9882925636,13.6537183164,37.5106075,42.3699030672,122.398434942,152.218204943
1074,126.851898873,151.103271824,10.3920879548,12.002174455,83.2889175351,104.298876383,23.6994740226,46.2589358376,30.9456646915,23.1631716976,25.4276445418,46.549611087,223.008000209,260.953279913,17.0636940499,19.8928669775,5.8319619956,8.69514697114,64.2815017726,82.7454965097,504.903845501,660.349619939,494.917997577,617.987513188,10.7105265254,12.0955365766,35.5325176031,41.6896759493,110.727241561,142.635885663
1075,127.758047304,151.946662844,10.3976614839,12.0081203749,84.2044722926,105.559793057,23.6994740226,46.2589358376,30.9456646915,23.1631716976,25.4222381176,46.549611087,224.8695867,260.956065738,17.0632175857,19.8821214752,5.82554780869,8.7117395793,64.8122601983,82.7597017351,525.02125946,645.559466223,496.033401548,619.316961327,10.6986757709,12.0115218333,35.587364069,42.1252556999,112.803498156,144.227690373
1076,125.191674649,149.501465806,12.8998126851,14.5097753645,87.5839728836,109.584748111,23.6994740226,46.2589358376,30.9456646915,23.1631716976,25.4143112347,46.549611087,230.207034015,263.96110389,20.8140624808,23.6509838499,5.82692949856,8.71529021871,62.2318389753,81.8637433528,506.143120822,628.294902576,501.069011652,624.716337547,9.4679671721,10.4394049871,26.3717703958,31.7743442054,90.0753510833,114.385187475
1077,124.06939478,148.276091607,12.9117561997,14.5221220139,88.3669535748,110.734714917,23.6994740226,46.2589358376,30.9456646915,23.1631716976,25.4143112347,46.549611087,231.372262512,263.985151167,20.8200094207,23.6367578149,5.83199213737,8.78469208652,62.2120993976,81.8934551532,509.188613893,632.279745531,502.429012285,626.474574089,9.63004299466,10.4001188309,26.5552591932,32.3187351761,90.1097149717,113.358489349
1078,133.642326257,157.671528226,13.6944680063,15.3053122707,89.1882260161,111.804414486,23.6994740226,46.2589358376,30.9456646915,23.1631716976,25.4143112347,46.549611087,232.575593398,264.247553209,21.2198943863,24.0553247414,5.82719583651,8.8073205302,64.2584153906,82.8121096577,527.51283311,650.355013914,503.686716192,628.107576963,9.55831501179,10.4432220242,26.1565296624,31.8599791685,89.7282459777,111.817851719
1079,142.825363785,166.745607724,13.2367708489,14.8474362207,89.4825087482,112.187623099,23.6994740226,46.2589358376,30.9456646915,23.1631716976,25.4143112347,46.549611087,233.186590924,264.611686621,21.1392288839,23.9714952748,5.87528782146,8.87482755835,63.9059071065,82.7978291737,528.563717849,656.585078529,505.186229886,629.855397074,9.76939331234,10.4352716816,26.5785408701,32.2553020667,89.353664124,111.209650051
1080,132.047355397,156.006903608,13.166514537,14.7769937091,89.3273835856,112.15542853,23.6994740226,46.2589358376,27.6992525542,21.0543047759,25.4143112347,46.549611087,232.734854602,263.994072143,20.8842614587,23.7130934239,5.56869106791,8.53220032532,64.8442328039,82.4573569919,504.48258051,632.782012647,485.104284749,610.3400406,9.60229557488,10.2019939509,26.6818146324,32.2699479572,88.4498355483,110.79072854
1081,129.622478769,153.540757017,12.9203930439,14.5300998948,89.1374982928,111.863001015,23.6994740226,46.2589358376,27.6992525542,21.0543047759,25.4143112347,46.549611087,232.527000145,263.994727035,20.822487163,23.6439872184,5.56988348058,8.56323735449,64.5390598667,82.4510037022,504.251068749,632.487274464,485.607199517,610.99139969,9.60217871131,10.2019211159,26.6535309089,32.1687158587,87.9221412302,109.379318958
1082,130.788093425,154.847976023,12.935568309,14.5457252038,87.1683830368,109.883975019,23.6994740226,46.2589358376,30.9456646915,23.1631716976,25.4143112347,46.549611087,229.582133323,261.033994423,17.0931342129,19.9153259437,5.88841062434,8.9077823891,64.2342935584,83.5780824207,529.362578124,657.666377875,502.753768841,628.278662614,9.48099253945,10.1255930044,26.7563471006,32.2825119541,82.8554865514,103.962146186
1083,129.02330327,153.133081625,12.9333130954,14.5438468894,86.8033069205,109.344073942,23.6994740226,46.2589358376,30.9456646915,23.1631716976,25.4450409168,46.549611087,228.959269329,261.412801189,17.0837265565,19.9068751755,5.91767879288,8.98884180573,62.9366633762,83.5599361272,527.859779999,655.688688793,502.918022183,628.444146088,9.61618873667,10.1303934022,27.0787964944,32.5707082698,82.6940781659,103.879474341
1084,127.121846809,151.215691701,10.4361152023,12.0466685239,86.4745020897,108.861171452,23.6994740226,46.2589358376,30.9456646915,23.1631716976,25.434192784,46.549611087,228.26784136,261.018567588,17.0855844616,19.9094220469,5.90576324884,9.0597090878,60.396994061,81.7768068979,526.043346115,653.297034354,503.174035892,628.896258899,9.52719788485,10.064213847,27.0271639933,32.5864419456,82.3577429605,104.021058064
1085,126.943976926,151.042648817,10.4261124431,12.0375080925,85.9243760479,108.039923366,23.6994740226,46.2589358376,30.9456646915,23.1631716976,25.4143112347,46.549611087,227.310490593,260.999695757,17.0813099399,19.905309991,5.89238905409,9.03510288216,59.8805976834,81.7642261939,523.458690731,649.885420021,503.171970214,628.835629038,9.45477951466,10.0841683955,26.8556790021,32.3700174008,81.785075767,102.884330271
1086,125.01285439,149.115596105,10.4165017484,12.0295436636,84.5556635771,106.488060053,23.6994740226,46.2589358376,30.9456646915,23.1631716976,25.4143112347,46.549611087,222.700269053,257.072224204,17.0715434083,19.8959318339,5.86701435046,8.98663612899,60.0229443125,81.7448063239,521.600200713,647.442101806,503.239785786,628.868676427,10.0412753068,10.7855421125,26.5158164397,31.7488721912,81.0856991143,102.053732992
1087,124.953803897,149.047892901,10.41194995,12.0251022561,83.9258265159,105.590704855,23.6994740226,46.2589358376,30.9456646915,23.1631716976,25.4143112347,46.549611087,221.723970756,257.054849664,17.0693504637,19.893388742,5.84239597458,8.91726369749,60.6687133954,81.7117172267,518.9740829,643.983413814,503.117813634,628.652246581,9.92170668811,10.8239227178,26.213072185,31.2214054747,79.9474679179,99.9929551796
1088,124.918549987,149.009428124,10.3687722643,11.9811055463,83.4409019463,104.940996801,23.6994740226,46.2589358376,30.9456646915,23.1631716976,25.4143112347,46.549611087,218.535668798,254.541450107,20.7817488006,23.6150400554,5.84045264665,8.89409328229,61.8572486294,83.1361034718,541.586555111,666.014139626,506.306769987,631.883548952,13.7096655096,14.5516453354,28.5188964741,33.1313236822,93.9747753862,115.028300482
1089,125.005659623,149.110389364,10.369311962,11.9807743777,83.4509965928,104.96460379,23.6994740226,46.2589358376,30.9456646915,23.1631716976,25.4143112347,46.549611087,218.478283134,254.535923945,20.7837278629,23.6013737938,5.82026485888,8.79503777581,65.5015377765,83.1197634562,541.524793588,665.93947457,506.608323367,632.158509187,13.5527492459,14.5885625112,28.1654458396,32.338558863,93.3395391581,114.20627276
1090,131.855331804,157.382949482,14.1332707535,15.9616452266,65.888440774,88.283252557,29.4419740226,53.0084358376,14.828629585,12.8594719527,29.5473112347,51.547111087,187.217314464,225.584998737,22.8998705855,26.1545305266,4.77174340928,6.94702637837,70.6455122136,83.4977266759,509.873885331,614.26566686,514.432333412,642.661645204,19.1289452212,20.2309175856,38.7659665716,45.6905413893,118.705798056,142.953705574
1091,131.853668755,157.414752235,14.1383226668,15.9651435956,65.903538621,88.3118887608,29.4419740226,53.0084358376,14.7065362507,12.3114006041,29.5669338666,51.547111087,187.177050858,225.588688137,22.9024669974,26.1434106084,4.78493123136,6.94702637837,71.2388600024,83.4977266759,509.825823715,614.203788541,514.746008906,643.063170769,19.1281032563,20.247715529,38.8251635242,45.6207645417,118.952252055,143.535810847
1092,139.773887104,158.812169507,14.1386513829,15.9658966217,65.6860486419,87.992308931,23.5195794158,40.4976189238,8.01896589996,8.54266972938,23.2707900243,39.8270008537,186.866258299,225.601265302,22.903273333,26.1444421397,3.94673536568,5.67628908197,55.7125078454,61.6945101476,409.330583218,488.524589764,380.235665622,479.899068539,20.2175473848,21.2827005613,42.3890303516,52.0799636928,145.825493716,183.054922027
1093,120.814624252,139.858605584,14.1387193292,15.966294435,65.6996877191,88.0137725911,23.5195794158,40.4976189238,7.70791213723,7.58786692168,23.2873093153,39.8626673715,187.03740854,225.617073137,22.9097892566,26.1453763223,3.95074359218,5.67628908197,56.5511834104,61.7236833082,409.359968149,488.563398286,380.561321763,480.251879885,20.2081949237,21.2931709215,42.6494081366,52.4072889045,146.675967399,184.742975305
1094,124.264780722,143.322226304,14.2143649794,16.0419632925,65.5846599779,87.7890679172,23.5195794158,40.4976189238,8.13737710762,8.72838220559,23.3092857644,39.9051037373,187.45924679,225.854854067,19.2360660517,22.4770494285,3.94673536568,5.67628908197,55.4017255364,60.4101145432,398.032534499,477.520389365,377.157939507,476.891988468,19.69647251,20.8272559929,44.290118991,56.0468609316,150.986261816,196.385516491
1095,124.119780136,143.209531321,14.2133126573,16.0411799911,65.3431165971,87.2487576753,23.5195794158,40.4976189238,7.70791213723,7.58786692168,23.3168760619,39.9235947751,186.578153169,225.856503473,19.2284471964,22.4705042101,3.94673536568,5.67628908197,55.4083174054,60.4101145432,395.446601006,474.113725978,377.075095372,476.691152736,19.6767470563,20.8403812897,44.3559172178,56.2080608044,150.024273832,195.939793001
1096,112.025017946,129.150532614,11.7074087893,13.5353970456,65.0080024209,87.0306678585,21.2458355762,36.0277343152,8.19530545559,8.8057309551,20.8173598837,35.6366329513,185.872736185,225.847666796,19.2215847,22.4636398191,3.67173268448,5.17842177437,49.1098313523,49.3147865542,319.949895833,373.459289397,309.777928437,392.670163033,19.4238320809,20.6398469006,49.2571047543,62.0400391443,162.990402467,212.532157607
1097,110.845125537,127.839014717,11.7020809914,13.530283952,65.0095912751,87.032244073,21.2458355762,36.0277343152,7.70791213723,7.58786692168,20.8271859198,35.6508757466,185.874166626,225.858257135,19.2197855973,22.4619131563,3.67173268448,5.17842177437,49.9114307274,49.3147865542,319.953819495,373.464223625,309.442353319,392.22578279,19.3953609618,20.6592081799,49.2713526955,62.1200020307,162.932021681,212.650562299
1098,79.7497269719,90.147052522,11.6650405528,13.4932977749,27.836163654,32.7744541789,11.1888245912,16.5881061292,8.21517637342,8.85586423213,10.3468034075,14.8064488759,59.0117340048,65.5775111867,19.1815533356,22.423816465,3.67173268448,5.17842177437,49.7294303502,48.672588752,307.73547031,361.248522954,289.489560865,372.127292735,16.6292148002,17.9425590604,46.5747887762,58.3376298198,151.464326473,197.825080956
1099,80.3361756712,90.6661996153,11.6634499586,13.4917552028,27.8462418743,32.78325251,11.1888245912,16.5881061292,7.70791213723,7.58786692168,10.3468034075,14.8064488759,59.0350422607,65.596609022,19.1790796682,22.4214120794,3.67173268448,5.17842177437,50.7208197992,48.672588752,275.392746607,361.266942289,289.121553599,371.595293683,16.5739597604,17.9819632949,46.6022067126,58.3416481823,151.959702603,198.138615623
1100,56.155950032,59.0773690884,11.6087255561,13.4371869402,27.7735450799,32.7151410071,7.5534996038,9.6585699883,8.24326257203,8.92392426255,6.28484183022,8.04812819733,58.8871939143,65.4590716669,19.1229078603,22.3659483061,2.526513406,2.9808780324,20.8083001057,23.8378400826,174.678392032,192.305073802,255.079349909,315.100736486,13.005777947,14.5741580956,33.2828609926,42.8150378929,118.06263602,156.739600458
1101,56.1789176261,59.2305659344,11.6077582448,13.4360102458,27.7782512391,32.7185065901,7.5534996038,9.6585699883,7.70791213723,7.58786692168,6.28484183022,8.04812819733,58.9004933962,65.4670431836,19.121320068,22.3637386889,2.526513406,2.9808780324,20.8083001057,23.8378400826,174.678392142,192.30507391,254.964642001,314.907959319,12.9866664954,14.5934900252,33.0866662734,42.5299008532,117.553080211,155.577144003
1102,73.4221193313,76.6697216313,12.4276992341,14.2562611723,28.1587127397,33.0967118417,7.5534996038,9.6585699883,8.25828310381,8.94045998193,6.28484183022,8.04812819733,59.3185343187,65.8804270809,19.5560925749,22.798882903,2.3890120654,2.7319443786,19.4680920998,21.7341120883,149.996012625,161.392603427,255.252682037,315.108043024,9.9701575045,11.6924430722,22.178113303,28.3433176892,82.9969709922,108.481954872
1103,70.8344180108,74.339242471,11.9341457568,13.7628013064,28.1175971587,33.051068053,7.5534996038,9.6585699883,7.70791213723,7.58786692168,6.28484183022,8.04812819733,59.4125189329,65.9685090329,19.4478777551,22.6906995767,2.3890120654,2.7319443786,19.4680920998,21.7341120883,149.99601261,161.392603504,255.536495882,315.395468754,9.95339714002,11.7088295498,21.8549681497,27.9618711775,82.4898404236,106.941630587
1104,61.4783650551,64.9091432212,7.06619746906,8.15220369768,27.7878243927,32.7203981929,7.5534996038,9.6585699883,8.26572128036,8.9007975329,6.28484183022,8.04812819733,58.9187572709,65.4715335153,11.160926901,13.894654675,2.3890120654,2.7319443786,19.4680920998,21.7341120883,143.884913831,155.281504717,249.431107437,309.38638851,8.06098724605,9.89701368437,19.0340896547,24.1572327716,63.4297625488,71.8463846741
1105,56.3330168782,60.2619160412,6.86089707287,7.95039736351,27.7893897727,32.7206097501,7.5534996038,9.6585699883,7.70791213723,7.58786692168,6.28484183022,8.04812819733,58.9222004681,65.4725852219,11.1344362982,13.8655693601,2.3890120654,2.7319443786,19.4680920998,21.7341120883,143.884913825,155.281504711,249.594446222,309.626374985,8.05333703534,9.91405335719,18.8950333919,23.9944435231,62.9980504114,72.1123986284
1106,54.6223621926,58.977278946,4.82795015585,5.29210471693,27.7879477665,32.7207173666,7.5534996038,9.6585699883,8.28262841261,8.91204443641,6.28484183022,8.04812819733,58.9203202904,65.4733560002,7.40976690982,7.99179477749,2.3890120654,2.7319443786,19.4680920998,21.7341120883,143.884913763,155.28150465,249.870041172,310.000685299,7.75021896488,9.63567096873,17.9336586439,22.5841199843,59.51325801,66.9081699543
1107,54.2370617826,58.9473284866,4.85348464929,5.29770291207,27.7869145343,32.7204796682,7.5534996038,9.6585699883,7.70791213723,7.58786692168,6.28484183022,8.04812819733,58.9192243832,65.4737186584,7.43727521564,7.99405239767,2.3890120654,2.7319443786,19.4680920998,21.7341120883,143.884913769,155.281504656,250.006248465,310.213821301,7.74991259232,9.64689079385,17.8478151309,22.4516916119,59.1585442248,66.9136308736
1108,53.8998386082,58.9257806622,4.85539258428,5.29504496027,27.7859522931,32.7194866734,7.5534996038,9.6585699883,8.29980827992,8.93282848281,6.28484183022,8.04812819733,58.9179609714,65.4736473782,7.43472276661,7.98876870248,2.3890120654,2.7319443786,19.4680920998,21.7341120883,143.884913717,155.281504604,250.094790936,310.36039433,7.60070635389,9.51444330765,16.8081777265,20.8210717899,55.0451578665,61.1742464765
1109,53.5609946485,58.8565347125,4.86114870051,5.29371935575,27.7843162439,32.7178173061,7.5534996038,9.6585699883,7.70791213723,7.58786692168,6.28484183022,8.04812819733,58.9152805124,65.4717151763,7.44096472266,7.986882961,2.3890120654,2.7319443786,19.4680920998,21.7341120883,143.884913734,155.281504621,249.952680951,310.197875614,7.60060834301,9.53280421797,16.7418530036,20.7073268472,54.5353581504,61.2766919159
1110,53.2451773138,58.7590769899,4.8635997991,5.29149483988,27.7827683943,32.7161703014,7.5534996038,9.6585699883,8.31930808771,8.97519096425,6.28484183022,8.04812819733,58.9126588421,65.4687755735,7.44321884195,7.98398754552,2.3890120654,2.7319443786,19.4680920998,21.7341120883,143.884913689,155.281504577,249.700948893,309.868670989,7.52717312522,9.4788650001,16.6827212294,20.625124941,54.0399180014,61.3578940814
1111,52.9560024387,58.6473114116,4.86591422439,5.28953189934,27.7812324134,32.7145398223,7.5534996038,9.6585699883,7.70791213723,7.58786692168,6.28484183022,8.04812819733,58.9100400491,65.4658534035,7.44563026255,7.98158534309,2.3890120654,2.7319443786,19.4680920998,21.7341120883,143.884913716,155.281504604,249.376000287,309.409974924,7.52809062645,9.49694079854,16.6266673563,20.5626463752,53.5689123952,61.4242454668
1112,64.2263845904,70.0432388532,5.20795563559,5.63035396345,28.3320612972,33.2658450572,7.5534996038,9.6585699883,8.3383179267,9.02408695035,6.28484183022,8.04812819733,60.0118496309,66.567925618,7.78704837502,8.32179107549,2.3890120654,2.7319443786,19.4680920998,21.7341120883,149.99601258,161.392603467,295.339236548,377.774494743,8.5702221728,10.5535689604,17.3746031393,21.3007960435,57.1820000292,65.1211452298
1113,63.9374451627,69.8640738503,5.20670441137,5.62740911978,28.3294830854,33.2631268957,7.5534996038,9.6585699883,7.70791213723,7.58786692168,6.28484183022,8.04812819733,60.0070549072,66.5627610405,7.78648080017,8.31853532444,2.3890120654,2.7319443786,19.4680920998,21.7341120883,149.996012615,161.392603503,294.848071159,377.116001055,8.57097909206,10.5762297627,17.3165618347,21.2275666937,57.3330501073,65.3895461117
1114,63.5923776025,69.6145411303,7.23022551652,8.27556366866,28.3248654431,33.2584088353,7.5534996038,9.6585699883,8.36343380562,9.12023705857,6.28484183022,8.04812819733,59.9981777492,66.5535877641,11.5007290757,14.207732593,2.526513406,2.9808780324,20.8083001057,23.8378400826,174.679099406,192.305781184,294.934786987,377.181541225,10.8489132511,12.8512664498,21.1535628411,26.1299886236,71.2109822683,86.5181470575
1115,63.1636580453,69.262773915,7.18583842116,8.27259959932,28.1489451118,33.0799836428,7.5534996038,9.6585699883,7.70791213723,7.58786692168,6.28484183022,8.04812819733,59.6474360122,66.2000565244,11.4528327602,14.1840934757,2.526513406,2.9808780324,20.8083001057,23.8378400826,174.679099291,192.305781063,293.412154851,375.32290226,10.8541482038,12.8788373925,21.1572719844,26.1103816638,71.7813226115,87.983759087
1116,84.6554013546,98.1264474279,14.2847404511,16.1118702215,32.9646136569,39.0081721581,10.78927907,15.6885443485,9.43586759362,11.7712363241,9.50677419335,16.3570651377,97.6306054576,119.261580715,19.3051196091,22.5450704612,3.40553108836,4.68055446677,53.2065759789,37.5772607629,213.019990084,234.093621091,407.129210568,516.969060306,13.5243205781,15.5319876194,37.1901280297,44.0667595847,121.546348124,145.69215002
1117,84.1967785515,96.3827433775,14.2809078041,16.1126977317,32.9149916527,38.9113245009,10.78927907,15.6885443485,9.43586759362,11.7712363241,9.49544648252,16.3984578965,97.526053144,119.044114358,19.2895574815,22.5418077197,3.40374409123,4.68055446677,53.8051662513,37.5772607629,212.985186192,233.948782147,406.224585668,515.769555115,13.5432680348,15.5277099632,37.44218391,44.3069961431,122.675723639,147.725996472
1118,81.8419356603,92.0283841753,12.8761914955,14.4896404091,60.7439497315,81.8203683826,8.68210405739,15.8685804894,15.2194038444,13.1246369282,9.37951485869,18.0585779995,176.910587048,215.033980205,20.7969844143,23.6209921452,2.79523536568,4.29328908197,54.4797364494,42.7069035095,249.404281357,290.094903447,459.028688333,582.859320071,12.3293242374,13.7984031581,44.097938886,47.5222766261,143.613044704,166.619703615
1119,79.7598905258,89.5558742152,12.8789094244,14.4908361698,60.7185114852,81.7864540674,8.68210405739,15.8685804894,15.2194038444,13.1246369282,9.32238915146,17.9639259611,176.886982145,214.99873537,20.8036416955,23.6274791396,2.79523536568,4.29328908197,51.6551195717,42.7069035095,249.357074372,290.032500778,458.83064071,582.631028497,12.3503045757,13.7555777731,44.60944844,48.1665449403,145.08035039,170.192717148
1120,122.902501203,138.797870567,10.3825835683,11.992432779,83.2760080152,104.291379446,15.5033355762,29.2782343152,24.9586402561,19.4512376933,16.7568703789,30.7301792545,222.969839407,260.919387973,20.7957740894,23.6101704552,5.84113954893,8.66561439423,74.0932081178,86.8621059288,523.312511009,638.713875334,479.514771886,603.231617862,11.9947568529,13.7804875177,37.4306624154,41.5362061213,123.606503421,144.60542836
1121,103.769216681,119.452353715,10.3809183856,11.9928211837,83.2965950247,104.292723314,15.5033355762,29.2782343152,24.9586402561,19.4512376933,16.6990636851,30.6258294365,222.990155385,260.927966188,20.7977741959,23.6345609199,5.83352085466,8.69936938894,70.4557537384,86.911335639,523.258835291,678.706171636,480.086942946,603.878416206,12.0349876168,13.6670125088,37.6702654925,42.5417653507,122.941812373,149.982748084
1122,127.233719702,151.511398385,10.3904871988,12.0010173489,83.2960366328,104.301836642,23.6994740226,46.2589358376,30.9456646915,23.1631716976,25.4856766457,46.5548112507,223.020340498,260.959560904,17.0626281669,19.8907542908,5.82607303282,8.70792021022,64.2349122502,82.7529846893,504.906736731,620.268330551,497.749010319,621.716446682,10.640708574,12.1758029804,35.2105212009,41.3194252434,109.486232271,141.509474614
1123,128.199370654,152.447914408,10.395891087,12.0055462629,83.2999371054,104.307538309,23.6994740226,46.2589358376,30.9456646915,23.1631716976,25.496728529,46.549611087,223.01603802,260.96256713,17.0614709171,19.8793994402,5.82511011493,8.70374164168,65.4472818723,82.7062379185,504.92396364,620.289954481,498.894135621,623.094723727,10.5891197187,12.132652855,35.029544551,41.4265231821,109.642511383,141.678761487
1124,125.841950872,150.186322466,12.8957416222,14.5057038567,86.0488686122,107.322749015,23.6994740226,46.2589358376,30.9456646915,23.1631716976,25.4143112347,46.549611087,227.248201832,263.960278257,20.8096382149,23.6468046878,5.82684692703,8.71734580521,60.2025328756,81.8585113065,515.3747133,639.196452167,503.545154824,627.892443961,9.39010804321,10.5373572396,26.0959940988,31.2103308316,87.7410547589,110.460407892
1125,124.685968393,148.905234217,12.9072675623,14.5180739,87.2821833671,109.159103666,23.6994740226,46.2589358376,30.9456646915,23.1631716976,25.4143112347,46.549611087,229.063888646,263.985217943,20.816318454,23.6339977105,5.8237861876,8.75894029151,60.6884518808,81.8794565752,520.514179614,645.914559608,504.584606325,629.154664175,9.44425654816,10.4782435375,26.084284142,31.5587924569,88.9418070093,110.837815328
1126,134.227187742,158.270788209,13.6940911858,15.3049638947,88.7656445887,111.190407769,23.6994740226,46.2589358376,30.9456646915,23.1631716976,25.4143112347,46.549611087,231.032359571,264.256121492,21.2167125407,24.0578393356,5.89928015215,8.89001920087,62.1935424302,82.8484160971,525.368944007,652.28695467,506.142286339,631.216499899,9.79724068641,10.4944010885,26.6313154289,32.4109905707,90.6225780122,112.638035283
1127,143.887717235,168.016485109,13.2404669087,14.8506727188,89.9801953033,112.907879034,23.6994740226,46.2589358376,30.9456646915,23.1631716976,25.425605225,46.549611087,233.147661552,268.630686146,21.1426873291,23.9781762644,5.94419204004,8.98599146552,62.899245666,82.8506908282,530.332923428,658.823587553,508.474080057,633.910301385,9.97290304989,10.4438786371,27.0134099358,33.054426279,91.1849367083,113.668685066
1128,133.472421235,157.562627861,13.1772507162,14.7874374764,90.6740276588,114.031456153,23.6994740226,46.2589358376,27.6992525542,21.0543047759,25.4892432028,46.549611087,234.392022042,274.537362349,20.8931527907,23.7243394251,5.65377005517,8.75190176774,64.0255503623,82.5640975865,510.724956271,640.935991008,488.952953626,615.129135149,9.88330477489,10.1708205433,27.2525753993,33.4761890351,91.0164480962,114.024100057
1129,131.054882958,155.240384384,12.9309115979,14.5411290481,91.1023370166,114.535789094,23.6994740226,46.2589358376,27.6992525542,21.0543047759,25.5107824108,46.549611087,235.241994234,277.289881135,20.8432909515,23.6557905794,5.65074024986,8.83594140265,63.9695715636,82.5920969938,513.254394469,644.306025512,490.291539823,616.906739673,9.91722435848,10.1510032176,27.3154186283,33.5663769989,90.4836771699,113.744439226
1130,132.569844756,156.702693792,12.9492594376,14.5598952158,89.803274243,113.305968069,23.6994740226,46.2589358376,30.9456646915,23.1631716976,25.5356584872,46.549611087,233.496183546,277.482448717,17.1038861638,19.9291816145,5.97055501054,9.30672561271,63.8989953607,83.8380552584,541.578852911,673.74756455,508.065019318,635.032108865,9.83285831714,10.059187461,27.5817128679,33.8366002518,85.5944728601,108.642694106
1131,130.87408014,155.058684752,12.948516237,14.5600214424,89.8112900846,113.18008363,23.6994740226,46.2589358376,30.9456646915,23.1631716976,25.5368560427,46.549611087,233.471662509,277.908939184,17.1019817042,19.9250019485,5.95336761802,9.36231858428,63.1726126486,83.8805682115,541.582489201,673.776535145,508.620208213,635.732240131,9.85198203036,10.057307646,27.6198310754,33.8245123868,85.0614058459,107.895277812
1132,128.919416946,153.048280701,10.4530617613,12.0649608976,89.9340601407,113.273254312,23.6994740226,46.2589358376,30.9456646915,23.1631716976,25.5311155962,46.549611087,233.608243468,277.721406305,17.1025472099,19.9284772722,5.95389076616,9.41975245543,61.1618660559,82.1325348299,541.96672854,674.413984564,509.190961411,636.444334963,9.76997961752,9.97779468175,27.6217295183,33.7726020629,84.8002777837,107.745057565
1133,128.59549273,152.735963489,10.4423538926,12.0548602696,89.1132932565,112.327188204,23.6994740226,46.2589358376,30.9456646915,23.1631716976,25.4297747693,46.549611087,232.814011416,265.404177037,17.0967997351,19.920553956,5.88863790066,9.26835403316,61.5011572491,82.0112029153,539.706696101,671.524629792,508.916311086,636.051967688,9.46504037151,9.97062912244,27.0337583534,32.8297086207,83.6081335565,105.125592948
1134,126.440083445,150.564147111,10.4333869291,12.0460142754,87.9277897,110.819311501,23.6994740226,46.2589358376,30.9456646915,23.1631716976,25.4969870453,46.549611087,228.263447445,264.732019575,17.0831433472,19.9128379293,5.93975784956,9.3106250423,60.8384024493,81.9773331638,538.004151447,669.317568998,508.939772529,636.103809887,10.3154683519,10.6577032593,27.2222951851,32.7100559456,83.3931391914,104.932749662
1135,126.036844653,150.143152965,10.4274536007,12.0395414666,86.9000285169,109.520734708,23.6994740226,46.2589358376,30.9456646915,23.1631716976,25.4233456274,46.549611087,226.608293605,258.292074867,17.0804748736,19.9074466572,5.88565483918,9.19187761795,60.4617011929,81.8659446893,533.38886075,663.238721629,508.557814946,635.594095634,10.1480143407,10.6819098358,26.8784059665,32.1680985614,82.3263193667,103.328502267
1136,125.673250784,149.769513564,10.3799724756,11.993600513,85.582940315,108.095136836,23.6994740226,46.2589358376,30.9456646915,23.1631716976,25.4143112347,46.549611087,222.420518956,254.604252397,20.7861339135,23.6214694629,5.88333756695,9.12099437848,61.5164539982,83.2230581351,553.136094315,681.480792572,511.343717988,638.210236837,13.8904165356,14.4280866681,29.0655326006,33.9371413667,95.936819272,116.952093574
1137,125.667370153,149.772775897,10.3796141603,11.9919318247,85.6153610822,108.148078269,23.6994740226,46.2589358376,30.9456646915,23.1631716976,25.4143112347,46.549611087,222.267710674,254.562042452,20.7910134672,23.6111590637,5.84863706307,8.99546706771,63.1186116215,83.1823561306,552.806594906,681.052142461,511.359661104,638.118774754,13.7423163511,14.4621683958,28.7522850588,33.0789170657,95.3402284954,116.474325085
1138,132.468322718,157.993404859,14.143892529,15.9726584881,68.0902470142,91.5217172151,29.4419740226,53.0084358376,14.7065362507,12.5453712021,29.5473112347,51.547111087,190.952727221,225.601024884,22.9080172834,26.1522515695,4.77174340928,6.96334852328,67.56905636,83.4977266759,520.435062598,628.29208188,519.027611417,648.453707341,19.3144325892,20.0793236989,39.3566084282,46.516961107,120.737022818,145.483778924
1139,132.365499311,157.921914182,14.1491013222,15.9769201222,67.8796565097,91.2167697846,29.4419740226,53.0084358376,14.7065362507,12.3114006041,29.5473112347,51.547111087,190.651062146,225.601454481,22.9097042269,26.1520462806,4.77999360636,6.94702637837,68.753430468,83.4977266759,519.530997231,627.074577188,518.769140778,648.097889948,19.2805318656,20.1101646295,39.340433632,46.3499304752,120.71142578,144.635761407
1140,140.132889965,159.162481383,14.1487513177,15.9773312644,67.9156794051,91.2762765556,23.5195794158,40.4976189238,7.91361739376,8.18854300008,23.2185610152,39.8256426649,190.557217874,225.605330361,22.910397568,26.1533459369,3.94673536568,5.67628908197,52.7283169161,61.6945101476,419.561411443,502.07070658,382.288557937,482.458109602,20.404384889,21.140758413,42.908719147,52.802270683,147.828196476,185.084899639
1141,121.267448606,140.297763623,14.1491834716,15.9767359675,67.701538988,90.9650777915,23.5195794158,40.4976189238,7.70791213723,7.58786692168,23.2285081205,39.8256426649,190.266917724,225.603881024,22.9159974432,26.1531301433,3.95052201296,5.67628908197,53.3215219579,61.7298004598,418.728692532,500.959255236,382.041748663,482.030716168,20.4030795481,21.157818241,43.1659910315,53.1084533823,148.456045052,185.760485678
1142,121.18283642,140.223764315,14.1490304734,15.9771662926,67.7365490203,91.018496349,23.5195794158,40.4976189238,7.98775647983,8.34791115844,23.254101937,39.8345299793,190.166725659,225.590196152,19.1683311644,22.4111137748,3.94673536568,5.67628908197,52.5879956368,60.4101145432,406.264693803,488.410855115,378.205935796,478.250780508,19.8925598979,20.6888641408,44.8102288545,56.7660157743,152.437851289,198.104997636
1143,121.01365401,140.085589413,14.1486854162,15.9765389368,67.5248061959,90.706819282,23.5195794158,40.4976189238,7.70791213723,7.58786692168,23.272976624,39.8648586999,189.883458428,225.589839396,19.1605700652,22.403497339,3.94673536568,5.67628908197,53.490140048,60.4101145432,405.466125602,487.349104073,378.004830787,477.899661253,19.8330938284,20.7110896317,44.8102561825,56.8361804711,152.042475158,197.652836564
1144,108.837615888,125.938767544,11.6480291362,13.4763659355,67.559984653,90.7601595976,21.2458355762,36.0277343152,8.06855598825,8.44449072696,20.7777726858,35.5853372712,189.809888353,225.59167454,19.1585827493,22.4020631033,3.67173268448,5.17842177437,48.0129697728,49.3147865542,330.535348508,387.432245601,311.059114553,394.305648432,19.5662712615,20.5078809499,49.6872353463,62.667622892,165.078179047,214.996811617
1145,108.009408718,124.992214773,11.6435266261,13.4722042593,67.3739320698,90.4862351511,21.2458355762,36.0277343152,7.70791213723,7.58786692168,20.7874436512,35.6056057111,189.474608996,225.592093738,19.1577859201,22.4004204611,3.67173268448,5.17842177437,48.4921323085,49.3147865542,329.626077972,386.228299463,311.123956304,394.359118024,19.5356733921,20.5267538073,49.7106665311,62.7748320526,165.031721191,215.255580342
1146,77.5808506287,87.9697664007,11.6216832911,13.4501537125,27.764641639,32.7049278693,11.1888245912,16.5881061292,8.13153762232,8.59878364011,10.3468034075,14.8064488759,58.8732675962,65.4406287457,19.1351928937,22.3776338015,3.67173268448,5.17842177437,47.8796970202,48.672588752,316.602199136,372.946900213,291.229607131,374.31333196,16.7612103845,17.8135430364,47.0033113273,58.9886599529,153.291341387,199.551975733
1147,78.1930795676,88.5299618936,11.6198682461,13.4484051225,27.7761297639,32.7136365449,11.1888245912,16.5881061292,7.70791213723,7.58786692168,10.3468034075,14.8064488759,58.8982915653,65.4612203417,19.1327229622,22.3755376586,3.67173268448,5.17842177437,48.4739819141,48.672588752,315.667380918,371.708662651,291.087110832,374.128502267,16.7068879317,17.8376338447,47.0420159382,59.0151663128,153.589527596,200.306341744
1148,56.5210498835,59.4475413972,11.618429014,13.4470842965,27.7838725609,32.7228501805,7.5534996038,9.6585699883,8.17014974812,8.69918528588,6.28484183022,8.04812819733,58.9144859298,65.4753647055,19.1297492791,22.3733271286,2.526513406,2.9808780324,20.8083001057,23.8378400826,174.678392249,192.305074005,257.33788793,317.993053535,13.1248919333,14.4098150195,33.7257590716,43.429155471,119.927574197,158.896598836
1149,56.5629097508,59.6437894794,11.616709696,13.4451420462,27.7879713894,32.7249711763,7.5534996038,9.6585699883,7.70791213723,7.58786692168,6.28484183022,8.04812819733,58.9241615436,65.4839513146,19.1275783031,22.3704784644,2.526513406,2.9808780324,20.8083001057,23.8378400826,174.678392265,192.305074021,257.312313866,317.926093139,13.0944799016,14.4296490559,33.5084260283,43.1152179833,119.189853368,157.78418807
1150,73.5077131112,76.8081036996,12.4307554199,14.2594755368,28.1620010652,33.0975266383,7.5534996038,9.6585699883,8.19560440337,8.76667040087,6.28484183022,8.04812819733,59.3283914932,65.8856696631,19.5566925949,22.7999835546,2.3890120654,2.7319443786,19.4680920998,21.7341120883,149.996012722,161.392603578,257.596281047,318.15406571,10.031244624,11.5453631091,22.5126786217,28.8277809422,84.317420235,111.345793642
1151,71.2912277292,74.8783608764,11.945066074,13.7738491632,28.1298935763,33.0616138692,7.5534996038,9.6585699883,7.70791213723,7.58786692168,6.28484183022,8.04812819733,59.4396253918,65.9921641527,19.4565211363,22.6997723107,2.3890120654,2.7319443786,19.4680920998,21.7341120883,149.996012721,161.392603595,257.693939112,318.204841798,9.97273491049,11.591339311,22.1357892983,28.3019584459,83.2210816677,108.279676965
1152,61.7811100012,65.3341568167,7.07367916229,8.15988930012,27.7936878356,32.7245683402,7.5534996038,9.6585699883,8.23507104164,8.85130408085,6.28484183022,8.04812819733,58.934515046,65.4841103768,11.1643335629,13.8988751288,2.3890120654,2.7319443786,19.4680920998,21.7341120883,143.884913882,155.281504757,251.23877836,311.851460661,8.06742812767,9.80289199038,19.2776727763,24.3794641333,63.6279820427,71.73541322
1153,56.463318848,60.5258042604,6.86488723957,7.95182361978,27.7952753693,32.7241977076,7.5534996038,9.6585699883,7.70791213723,7.58786692168,6.28484183022,8.04812819733,58.9379123492,65.4842922268,11.1371791228,13.8683684672,2.3890120654,2.7319443786,19.4680920998,21.7341120883,143.884913892,155.281504768,251.046287902,311.569188155,8.05452854522,9.83820398431,19.0873425877,24.1611893227,63.041713868,72.0827324209
1154,54.6492475317,59.0868317901,4.82949686043,5.29273188813,27.7922942868,32.7228461876,7.5534996038,9.6585699883,8.25970277252,8.92133950703,6.28484183022,8.04812819733,58.9333450515,65.4823858216,7.41097561855,7.99313555458,2.3890120654,2.7319443786,19.4680920998,21.7341120883,143.884913842,155.281504718,250.866019686,311.316445669,7.74284648091,9.57958680583,18.098989849,22.7286953109,58.9180256843,66.9493686864
1155,54.2080868368,58.9665007719,4.85496379306,5.29861378068,27.7903259078,32.7219963762,7.5534996038,9.6585699883,7.70791213723,7.58786692168,6.28484183022,8.04812819733,58.9305247605,65.4814329147,7.43798738025,7.9944812666,2.3890120654,2.7319443786,19.4680920998,21.7341120883,143.884913862,155.281504739,250.717234197,311.113874915,7.73843918225,9.59972462034,17.9619058896,22.5923567548,58.4003468002,67.0195726655
1156,53.8257061334,58.8848556927,4.8561925393,5.29501576528,27.788471307,32.7210693225,7.5534996038,9.6585699883,8.28049206277,8.9642732784,6.28484183022,8.04812819733,58.9276072148,65.4800410055,7.43473602649,7.98834680579,2.3890120654,2.7319443786,19.4680920998,21.7341120883,143.88491382,155.281504697,250.406816681,310.706425921,7.58469070043,9.47415225043,16.9079671735,20.9594706314,54.0812609686,61.3088085393
1157,53.4233715692,58.7263993661,4.86113879975,5.29277373639,27.7859537231,32.7186031405,7.5534996038,9.6585699883,7.70791213723,7.58786692168,6.28484183022,8.04812819733,58.9232768952,65.4768688387,7.44027037714,7.98549558531,2.3890120654,2.7319443786,19.4680920998,21.7341120883,143.88491385,155.281504728,249.825124535,309.940567183,7.58642104909,9.50938835424,16.8019792704,20.7996216166,53.3458713345,61.3601826463
1158,53.0890495598,58.5768193953,4.86345337655,5.29005625546,27.7839871832,32.7166096937,7.5534996038,9.6585699883,8.30301362118,9.02529906612,6.28484183022,8.04812819733,58.9200982812,65.474595396,7.44240341845,7.982131797,2.3890120654,2.7319443786,19.4680920998,21.7341120883,143.884913815,155.281504693,249.321707696,309.259129789,7.51391828407,9.46321291936,16.7275508339,20.6831871798,53.2615733712,61.4243512808
1159,52.7780352636,58.4311309769,4.86558889936,5.28802608429,27.7821962518,32.7148070225,7.5534996038,9.6585699883,7.70791213723,7.58786692168,6.28484183022,8.04812819733,58.9171690095,65.4722740627,7.44472765182,7.97960064969,2.3890120654,2.7319443786,19.4680920998,21.7341120883,143.884913854,155.281504733,248.827504514,308.593081809,7.51747854021,9.47508222614,16.7002180071,20.6253189133,53.3435072973,61.5871395037
1160,55.9052599661,61.7126452472,4.94118367266,5.3602972077,27.8922186025,32.8247722341,7.5534996038,9.6585699883,8.32082047035,9.05802470326,6.28484183022,8.04812819733,59.1376218627,65.6929403306,7.5204731051,8.05145378824,2.3890120654,2.7319443786,19.4680920998,21.7341120883,149.996012725,161.392603605,293.552797253,375.84473795,8.55771159276,10.5355650714,17.4120810406,21.3252087081,56.6148641726,64.8542615666
1161,55.6332827607,61.5646758174,4.94123118636,5.35824561682,27.8900678222,32.8225908292,7.5534996038,9.6585699883,7.70791213723,7.58786692168,6.28484183022,8.04812819733,59.1338668792,65.6893760817,7.52098322002,8.04908482413,2.3890120654,2.7319443786,19.4680920998,21.7341120883,149.996012772,161.392603652,293.067228475,375.191601399,8.56018000279,10.5514690781,17.3780511103,21.2764626044,56.8123726444,65.2042591348
1162,55.2063879059,61.2565895196,6.96839048597,8.01014126007,27.8821343274,32.8145839384,7.5534996038,9.6585699883,8.33765040136,9.10216854377,6.28484183022,8.04812819733,59.1184721866,65.6735884544,11.2389015269,13.9424515371,2.526513406,2.9808780324,20.8083001057,23.8378400826,174.679099754,192.305781518,293.644879617,375.859021729,10.837248158,12.8079486989,21.2238958687,26.2017917496,70.6914111651,82.7724606924
1163,54.9727468308,61.1409124737,6.92350326565,8.01214970088,27.8803948705,32.8127939167,7.5534996038,9.6585699883,7.70791213723,7.58786692168,6.28484183022,8.04812819733,59.1153163765,65.6701221234,11.1910196233,13.9230417027,2.526513406,2.9808780324,20.8083001057,23.8378400826,174.679099499,192.30578126,293.202422332,375.234771196,10.8424728963,12.8052531055,21.2642025454,26.2353666784,71.2804162894,87.5257385904
1164,75.9836547766,89.5756259936,14.1665812197,15.9983032745,32.7673653873,38.8016287374,10.78927907,15.6885443485,9.43586759362,11.7712363241,9.48709260171,16.3384497672,97.195113591,118.764698315,19.1849736608,22.432251022,3.41663236453,4.68055446677,48.9341639835,37.5772607629,213.086232371,234.090619815,407.811700333,517.873939954,13.5189824541,15.4569046684,37.3015053344,44.2190848715,120.928047034,145.072952429
1165,76.5806451182,88.8011470657,14.169983142,16.0007254879,32.7068288142,38.691991599,10.78927907,15.6885443485,9.43586759362,11.7712363241,9.46641060089,16.3726974716,97.104912789,118.568825912,19.1778523414,22.4307748584,3.41496796931,4.68055446677,49.3692758512,37.5772607629,212.933620649,233.879850047,407.508087832,517.456462516,13.5484033758,15.4385181087,37.6225322122,44.5018991486,122.101889099,144.471902363
1166,76.8706141981,87.1359919932,12.8831210697,14.4950997301,60.7266599004,81.8019620045,8.68210405739,15.8685804894,15.2194038444,13.1246369282,9.34476519255,18.0242638269,176.870200206,214.980953152,20.8031305881,23.6279409161,2.79523536568,4.29328908197,50.3904230938,42.7069035095,249.345928232,290.027381574,461.561888453,585.906826074,12.3409550781,13.6853450922,44.372644562,47.9531215795,143.073555126,178.539800903
1167,76.7076832057,86.4941937095,12.8831896083,14.493754947,60.7069027411,81.7705214716,8.68210405739,15.8685804894,15.2194038444,13.1246369282,9.28382293489,17.9151074913,176.857407901,214.961633294,20.8069865838,23.6308212614,2.79523536568,4.29328908197,47.6260896709,42.7209098052,249.300780267,289.96722875,460.910722513,585.021697739,12.3652893281,13.6601776784,44.8848036278,48.6075766834,144.63241211,172.931997214
1168,123.084575965,139.000845527,10.3833519348,11.9938713591,83.2784188277,104.291478571,15.5033355762,29.2782343152,24.9586402561,19.4512376933,16.751517157,30.7184398531,222.976294076,260.915529447,20.7995585205,23.6108238508,5.84887298069,8.66914835062,72.9566707618,86.8685686566,523.295826984,638.684486259,480.831428892,604.627203525,11.990038446,13.7353719966,37.5063783455,41.7464444544,122.905558006,142.430049316
1169,103.83697486,119.527605697,10.3802897346,11.9927580547,83.2955814254,104.293265349,15.5033355762,29.2782343152,24.9586402561,19.4512376933,16.7128425751,30.6489295002,222.99248265,260.927003373,20.7988108648,23.6339116433,5.83624767092,8.69759768108,70.1034441052,86.9003663978,523.258259078,638.630842526,480.952062861,604.672071896,12.0115419736,13.6546462409,37.6222851379,42.5342528004,122.331840778,145.43001303
1170,127.01428876,151.294494143,10.3880918316,11.9993988401,83.2963081709,104.298950693,23.6994740226,46.2589358376,30.9456646915,23.1631716976,25.4765626068,46.5550658335,223.021504369,260.956416268,17.0603958757,19.8887447146,5.82736947969,8.71819140199,62.719690818,82.783608147,504.896026378,620.250538212,497.701136748,621.38319027,10.6659959453,12.1609446055,35.3000214544,41.3767723621,109.419011073,136.716264722
1171,127.618781464,151.805494403,10.3921230611,12.0030921534,83.2981000263,104.302443716,23.6994740226,46.2589358376,30.9456646915,23.1631716976,25.457468584,46.549611087,223.012651817,260.956416001,17.0587033024,19.8782479455,5.82584163745,8.72030658301,62.2280664765,82.7909321796,504.891766917,620.242028693,498.323687861,622.159601578,10.6748421461,12.0805991618,35.3820572078,41.7832635616,109.690424471,140.059888672
1172,124.960449352,149.247721939,12.8923439239,14.5027046319,85.7991720676,106.957123123,23.6994740226,46.2589358376,30.9456646915,23.1631716976,25.4143112347,46.549611087,227.124157154,263.955639827,20.8065313055,23.6438809467,5.83349074061,8.72018066922,59.1883103039,81.8901072055,514.73657615,638.406349928,502.861484348,627.053159412,9.4846508163,10.5457717402,26.2703095357,31.4569074528,87.835945294,111.394267251
1173,123.803148534,147.975787336,12.9052670591,14.5157061484,87.2254668255,109.057367144,23.6994740226,46.2589358376,30.9456646915,23.1631716976,25.4143112347,46.549611087,229.506288329,263.983343727,20.8150470367,23.632173857,5.88545821513,8.83532097424,59.8637600168,81.9241093644,521.249785485,646.986154625,504.12061739,628.647215808,9.67093745879,10.4847833432,26.5339559352,32.1771916315,89.7670070322,113.110293461
1174,133.6223799,157.638430877,13.6929113207,15.303819673,88.6623659937,111.030985912,23.6994740226,46.2589358376,30.9456646915,23.1631716976,25.4143112347,46.549611087,231.622497803,266.63547941,21.216011286,24.0560900905,5.9447594455,8.94993937133,61.5340905335,82.8866572886,526.315038823,653.657465453,505.579739761,630.629558139,9.96661005792,10.4981715692,26.9524641983,32.8822067886,91.3019447252,114.743241473
1175,142.916430726,166.827906097,13.2369636577,14.8473207075,89.6258143275,112.245481905,23.6994740226,46.2589358376,30.9456646915,23.1631716976,25.4818109825,46.549611087,233.115760543,275.804332764,21.1394359965,23.973416935,5.96564790952,9.05953283846,62.0135773602,82.9155167398,529.408080649,657.749731851,507.760106054,633.463398428,10.1021219986,10.459995568,27.2270061896,33.3868591086,91.2256682255,114.988681353
1176,132.556926374,156.506995274,13.1720897434,14.7824651118,90.3946031239,113.431905339,23.6994740226,46.2589358376,27.6992525542,21.0543047759,25.559824147,46.549611087,234.081560237,286.333540296,20.8884527557,23.7160890159,5.6960815623,8.8544235713,63.1937288957,82.5975080322,508.736946298,638.59585395,488.250827071,614.430568619,10.0838171285,10.2344599339,27.6304268822,33.9491944174,91.1556750705,115.790331533
1177,130.195557344,154.265225833,12.9271440921,14.5377230021,90.988190854,114.24731488,23.6994740226,46.2589358376,27.6992525542,21.0543047759,25.5512766629,46.549611087,234.603956992,287.751564933,20.8360562375,23.6525334852,5.68657150832,8.92192675211,63.1232603629,82.6397322804,510.231976855,640.601278123,490.226638036,617.185575563,10.0953085214,10.2488275776,27.6429104774,34.0180844993,90.5692982815,116.298412254
1178,132.02750394,156.101441054,12.9467251283,14.5569988934,89.3055808493,112.776137025,23.6994740226,46.2589358376,30.9456646915,23.1631716976,25.4499833668,46.549611087,232.404101882,270.056648738,17.1018298876,19.9258082249,5.91634898061,9.21743813531,63.9326200969,83.8438999322,537.948005704,669.375169658,508.60132814,635.974519894,9.67734052113,10.077116,27.1427194772,33.3035996173,84.8389113622,109.677856831
1179,130.621613857,154.746030303,12.9462018227,14.5579026645,89.7074338269,112.805851787,23.6994740226,46.2589358376,30.9456646915,23.1631716976,25.5542782869,46.549611087,232.477474542,279.743066668,17.0986574167,19.9220927665,5.96448462302,9.33175207559,62.8684406728,83.8890830426,538.176401705,669.750640538,510.12431528,637.877527331,9.92339837224,10.0785638469,27.6657566372,33.6547311292,84.6269882557,109.260889539
1180,129.094411687,153.224443493,10.4515291862,12.0629117492,89.8182544403,112.951607937,23.6994740226,46.2589358376,30.9456646915,23.1631716976,25.5307870287,46.549611087,233.373671162,279.94229108,17.1006347044,19.9255095885,5.97412548808,9.39324331343,60.9567115408,82.1293498802,541.617398974,674.385048007,511.587702979,639.819783398,9.86400586748,10.0020450076,27.69028673,33.6951569041,84.6162663448,109.34383223
1181,129.064618196,153.200624519,10.4418747898,12.0544234347,89.0783736724,112.051012764,23.6994740226,46.2589358376,30.9456646915,23.1631716976,25.4665705276,46.549611087,232.675603784,271.205272863,17.0962213392,19.9191335156,5.93206714711,9.30970476237,60.6876182432,82.073584656,540.130336768,672.519508385,512.070031808,640.400354613,9.67488548934,10.0040426862,27.3499063338,33.2142656969,83.7914218787,107.601068569
1182,127.098996669,151.244121946,10.4329903808,12.0461351252,87.5759125316,110.245053465,23.6994740226,46.2589358376,30.9456646915,23.1631716976,25.4825828636,46.549611087,228.035053239,265.578682623,17.0828331367,19.9110692483,5.95218751837,9.30962814457,60.4517187594,81.9960243586,538.328697087,670.16427621,512.318511486,640.729174248,10.3878965192,10.6926001614,27.2627158183,32.8520232918,83.3336214529,106.739923391
1183,126.962500604,151.101566728,10.42700145,12.0394412555,86.7547103888,109.216066467,23.6994740226,46.2589358376,30.9456646915,23.1631716976,25.4448417503,46.549611087,227.915621597,260.279524876,17.080427498,19.9067648931,5.9341637878,9.23860867222,60.1634536692,81.8917842681,538.443505671,670.370945537,512.604186504,641.083385181,10.2980050728,10.7184291642,27.0767490708,32.4963503105,83.0865101259,106.117252798
1184,126.911977156,151.052118051,10.3816757115,11.9951961418,85.5246556932,108.018585029,23.6994740226,46.2589358376,30.9456646915,23.1631716976,25.4143112347,46.549611087,224.454754333,254.586426575,20.7897902004,23.623975752,5.90874540375,9.14862620602,61.400321222,83.2523810264,560.457139268,691.609157615,515.690466427,644.080185475,13.9913659131,14.462823405,29.1801574657,34.1694298916,96.9617114299,120.374092219
1185,126.90288643,151.059620339,10.3804033533,11.9926648944,85.136734409,107.453141809,23.6994740226,46.2589358376,30.9456646915,23.1631716976,25.4143112347,46.549611087,224.277773141,254.566575605,20.7914987959,23.6112271813,5.8523569352,8.98752821463,62.370144832,83.1806547901,560.200353522,691.262132776,515.65994002,643.986598913,13.7724206154,14.5062440085,28.7484352322,33.1258032158,96.3120936363,118.832507712
1186,133.688106294,159.269387108,14.1433631593,15.972210075,67.4164971893,90.5401657612,29.4419740226,53.0084358376,14.7065362507,12.6606506473,29.5473112347,51.547111087,193.839056513,225.60454271,22.907371437,26.1516224869,4.77174340928,6.95337010752,67.109061955,83.4977266759,530.010892744,641.433224734,523.735136222,654.848924941,19.3106598499,20.131292457,39.2987667022,46.4458927303,122.021059003,147.736201114
1187,133.740986924,159.358834992,14.1482641473,15.9749245026,67.1715977304,90.1827795915,29.4419740226,53.0084358376,14.8375410521,12.3114006041,29.5473112347,51.547111087,193.076752771,225.6074864,22.9097253393,26.1513402768,4.78204061853,6.94702637837,68.0730070069,83.4977266759,527.494927232,637.830404036,523.618293824,654.660545174,19.2984607258,20.1589681801,39.319187993,46.2917236775,121.564595335,146.422978242
1188,141.429601433,160.520118153,14.1473733653,15.9753944398,66.9275514878,89.8263227597,23.5195794158,40.4976189238,7.70791213723,8.34980970258,23.2185610152,39.8256426649,192.303413246,225.611048146,22.9098561694,26.1521870347,3.94673536568,5.67628908197,51.9248499964,61.6945101476,425.270185678,509.75296016,385.928723941,487.041433726,20.4069656846,21.1972580597,42.8756099432,52.7120743721,148.123116771,185.437088521
1189,122.441368586,141.523077921,14.1470631372,15.9751548694,66.9280694357,89.8310501848,23.5195794158,40.4976189238,7.9855388863,7.60856804848,23.2412255389,39.8256426649,192.27108408,225.610875755,22.9143458178,26.1526487659,3.94673536568,5.67628908197,53.3440918091,61.7348789818,425.100073573,509.478366704,385.711613091,486.71254703,20.3790226757,21.2137444786,43.0965521675,52.9892818287,148.754871093,186.790047956
1190,125.775930261,144.871948552,14.2227532453,16.0511352989,66.7992876764,89.5864099269,23.5195794158,40.4976189238,7.70791213723,8.49286189433,23.2698252679,39.8611717707,191.69460468,225.823879268,19.2426387804,22.4845608195,3.94673536568,5.67628908197,52.4314443024,60.4101145432,410.411332402,493.95101735,381.727319524,482.547196662,19.8555387268,20.7504778236,44.7258825926,56.623552115,152.455868141,198.184222046
1191,125.562902157,144.688986181,14.2221668336,16.0505835448,66.801596287,89.5905891862,23.5195794158,40.4976189238,8.08942027784,7.6376751217,23.2834118926,39.8882236336,191.656410052,225.824973559,19.2355203892,22.4780605213,3.94673536568,5.67628908197,53.0887229134,60.4101145432,410.24219064,493.702224874,381.487740277,482.236469188,19.8191024346,20.7620774838,44.7675031617,56.7642538345,152.311563851,198.417165188
1192,113.797514147,130.970845574,11.7172841675,13.5456189498,66.7966226428,89.5870717546,21.2458355762,36.0277343152,7.70791213723,8.53912866023,20.7880913024,35.606944797,191.61070352,225.81189795,19.2291976043,22.4718293329,3.67173268448,5.17842177437,47.606220417,49.3147865542,335.367450583,393.844893247,314.228362799,398.155947353,19.5461309812,20.5553717199,49.6513145447,62.5837964339,165.33234967,215.225947499
1193,112.44261784,129.491876381,11.7131597589,13.5420064156,66.7976430709,89.5887437855,21.2458355762,36.0277343152,8.13503885183,7.64970005779,20.7938295037,35.6199910868,191.584487148,225.812443022,19.2283936104,22.4710658638,3.67173268448,5.17842177437,47.9949231295,49.3147865542,335.274417834,393.708612981,314.138036952,398.034212463,19.5306742405,20.5615406497,49.698944134,62.7008374081,165.474502221,215.68867465
1194,81.0921186544,91.5278394238,11.6757213878,13.504335071,27.8475221328,32.7879976227,11.1888245912,16.5881061292,7.70791213723,8.5790727206,10.3468034075,14.8064488759,59.040377524,65.6081315914,19.1896738687,22.4324580387,3.67173268448,5.17842177437,48.0634276428,48.672588752,322.972014185,381.369369214,294.281158969,378.155111802,16.7443149523,17.8432780161,46.962464573,58.8810373183,153.760554417,200.368105892
1195,81.8023713839,92.1292353504,11.6749884539,13.5036958885,27.8590549317,32.7969731702,11.1888245912,16.5881061292,8.15405217776,7.65686915995,10.3468034075,14.8064488759,59.066535259,65.6295333011,19.1881721356,22.4309990189,3.67173268448,5.17842177437,48.2369834702,48.672588752,322.925418218,381.299773678,294.180665028,378.039657237,16.7147417189,17.8533788157,47.0612797426,58.9748714689,154.223944712,201.100653897
1196,57.6493055307,60.4524244279,11.6198263115,13.4485381067,27.7849255282,32.7241837912,7.5534996038,9.6585699883,7.70791213723,8.60689268408,6.28484183022,8.04812819733,58.9186094544,65.4796061452,19.1315868023,22.3746698457,2.526513406,2.9808780324,20.8083001057,23.8378400826,174.678392419,192.305074191,260.195668718,321.550353272,13.1431505574,14.4125580529,33.7561347125,43.4422192637,120.661968853,159.590355968
1197,57.3421592168,60.4401156986,11.6193810513,13.4481146817,27.7904103057,32.7278858792,7.5534996038,9.6585699883,8.16606062552,7.65865247293,6.28484183022,8.04812819733,58.9309829834,65.4907707246,19.130262918,22.3733520982,2.526513406,2.9808780324,20.8083001057,23.8378400826,174.67839224,192.305074009,260.471932692,321.857778733,13.1091031281,14.4175940052,33.5380200346,43.1601298932,120.678868371,158.734212087
1198,74.120295816,77.4160921075,12.4332385241,14.2622018282,28.1633791835,33.0995899513,7.5534996038,9.6585699883,7.70791213723,8.59409224107,6.28484183022,8.04812819733,59.3328649226,65.8903821724,19.5586368829,22.8021093904,2.3890120654,2.7319443786,19.4680920998,21.7341120883,149.996012715,161.392603715,260.909582626,322.292705696,10.0472874742,11.5130264591,22.5425501451,28.8709206926,86.1136560581,112.009207521
1199,72.1952129496,75.7835790574,11.9517733968,13.7808363573,28.1341462978,33.0666312163,7.5534996038,9.6585699883,8.19384168792,7.66508316628,6.28484183022,8.04812819733,59.4493531201,66.0022138783,19.4625525556,22.7060368467,2.3890120654,2.7319443786,19.4680920998,21.7341120883,149.996012737,161.392603616,261.142751768,322.543536034,9.99316797471,11.5473056073,22.1873972141,28.3681249039,85.1812958991,108.838780836
1200,62.7813861705,66.3582760639,7.08007242049,8.1666131962,27.798011157,32.7298939951,7.5534996038,9.6585699883,7.70791213723,8.61565402041,6.28484183022,8.04812819733,58.944932902,65.4950803789,11.1687902069,13.9034064095,2.3890120654,2.7319443786,19.4680920998,21.7341120883,143.884913907,155.281504787,254.758757134,316.218251167,8.08228048257,9.74097321982,19.3811992384,24.4926986964,65.7519485607,72.3961795507
1201,57.5087326921,61.4483775326,6.87107674443,7.95746376849,27.7991197383,32.7304713355,7.5534996038,9.6585699883,8.21698931595,7.6700069765,6.28484183022,8.04812819733,58.9480381931,65.4968640529,11.1421423367,13.8741344057,2.3890120654,2.7319443786,19.4680920998,21.7341120883,143.884913939,155.281504818,254.874447005,316.328847458,8.06563630487,9.76711895789,19.1799791421,24.2565020253,65.2873358708,72.9938640876
1202,55.8830336279,60.0669488702,4.83682022632,5.29901439124,27.7967275114,32.7299535695,7.5534996038,9.6585699883,7.70791213723,8.62143557499,6.28484183022,8.04812819733,58.9441850823,65.4963928208,7.41673065397,7.9995833081,2.3890120654,2.7319443786,19.4680920998,21.7341120883,143.884913904,155.281504784,254.88498,316.306086455,7.76214695082,9.48480748191,18.2455250061,22.8799255672,61.3594079794,68.124460794
1203,55.5499962841,59.9892070442,4.86159634239,5.30670224735,27.7960203445,32.730195366,7.5534996038,9.6585699883,8.22270251096,7.66957682736,6.28484183022,8.04812819733,58.9435101152,65.4973044946,7.44413435627,8.00274356895,2.3890120654,2.7319443786,19.4680920998,21.7341120883,143.884913944,155.281504824,254.888082461,316.293662698,7.7553830186,9.49351053628,18.1111060824,22.7555234151,61.0225142355,68.3568784078
1204,55.1302061032,59.8840572052,4.86292192012,5.30319090036,27.7942755079,32.7285475348,7.5534996038,9.6585699883,7.70791213723,8.61799786504,6.28484183022,8.04812819733,58.9404846574,65.4958705843,7.44105004267,7.99680707921,2.3890120654,2.7319443786,19.4680920998,21.7341120883,143.884913916,155.281504795,254.65224074,315.972986443,7.59187649487,9.37397354365,16.9785889564,21.0957090172,56.3497435521,61.588865666
1205,54.7543868313,59.7640971139,4.86830425831,5.30173722576,27.7924380399,32.7267437787,7.5534996038,9.6585699883,8.23866972477,7.67611205344,6.28484183022,8.04812819733,58.9373977438,65.494013076,7.44718387334,7.99478892834,2.3890120654,2.7319443786,19.4680920998,21.7341120883,143.884913964,155.281504843,254.299799784,315.520005835,7.5859613665,9.39411424332,16.9052723865,20.9678749066,55.7627368821,60.877437996
1206,54.4517439592,59.6868682988,4.87130325,5.30013055401,27.7915989264,32.7258897569,7.5534996038,9.6585699883,7.70791213723,8.65533356208,6.28484183022,8.04812819733,58.9361602676,65.4935354582,7.45003866717,7.99251590848,2.3890120654,2.7319443786,19.4680920998,21.7341120883,143.88491394,155.28150482,254.095172898,315.271387834,7.50642209827,9.33383555212,16.8502643012,20.8673678716,55.7135837926,61.027676484
1207,54.1443205767,59.5849329292,4.87350294786,5.29863793382,27.7900743639,32.7243520862,7.5534996038,9.6585699883,8.26119065746,7.68281351707,6.28484183022,8.04812819733,58.9334215767,65.4905096725,7.4524537323,7.99056003281,2.3890120654,2.7319443786,19.4680920998,21.7341120883,143.884913996,155.281504875,253.72293412,314.796726324,7.50599515803,9.36174228541,16.7696960889,20.7545835249,55.1521051024,61.0931988635
1208,57.3548385386,62.9602540949,4.95039927736,5.37243240499,27.9018656551,32.8360684124,7.5534996038,9.6585699883,7.70791213723,8.71766817538,6.28484183022,8.04812819733,59.1573746251,65.7141270105,7.52967502623,8.06394756567,2.3890120654,2.7319443786,19.4680920998,21.7341120883,149.996012878,161.392603758,298.379106764,381.973511158,8.54745198796,10.4172762584,17.5143972429,21.4676575182,57.9340753697,64.4808660962
1209,57.0796385402,62.8269544054,4.94886003727,5.3704421342,27.9000769438,32.8341429225,7.5534996038,9.6585699883,8.28571761601,7.69030031769,6.28484183022,8.04812819733,59.1541054197,65.7105021055,7.52876357141,8.06157971581,2.3890120654,2.7319443786,19.4680920998,21.7341120883,149.99601294,161.392603819,297.966664172,381.440135408,8.55133229421,10.4233243861,17.5123527713,21.436731713,57.5607860356,64.9109859348
1210,56.5900260211,62.4649394454,6.97529629206,8.0216053483,27.8913908607,32.8252658128,7.5534996038,9.6585699883,7.70791213723,8.76352677907,6.28484183022,8.04812819733,59.1368483948,65.692899256,11.245944407,13.9568625101,2.526513406,2.9808780324,20.8083001057,23.8378400826,174.679100153,192.305781912,298.234041884,381.746178184,10.8373692202,12.6839994806,21.3487994514,26.3697483605,70.9215276517,82.4841200283
1211,56.3446960784,62.3234295881,6.93227459542,8.02093383059,27.8897009198,32.8234582963,7.5534996038,9.6585699883,8.29121019076,7.69123521022,6.28484183022,8.04812819733,59.1336740117,65.6894261446,11.1997535024,13.9321015095,2.526513406,2.9808780324,20.8083001057,23.8378400826,174.679099708,192.30578147,297.719238038,381.076949429,10.8488782917,12.6804026893,21.3813547691,26.4084075704,70.8989821043,83.4927487628
1212,77.3405560796,90.7368852175,14.1751887536,16.0069235693,32.7210475327,38.7246345349,10.78927907,15.6885443485,9.43586759362,11.7712363241,9.45014497462,16.2845392982,97.1423546868,118.623927782,19.1944918636,22.4430260886,3.42623872017,4.68055446677,45.3674003269,37.5812395668,245.573135801,274.237449247,412.283165875,523.631376168,13.5337504355,15.3263066447,37.6471868168,44.525215305,120.294717328,141.098315284
1213,78.0648886185,90.3973553744,14.1819284396,16.0100739822,32.6747167007,38.6284450852,10.78927907,15.6885443485,9.43586759362,11.7712363241,9.43292744713,16.314445033,97.0682810228,118.481917704,19.1966226174,22.4416643133,3.41561681259,4.68055446677,46.4630279556,37.5772607629,245.282304016,273.93621497,412.120355181,523.489660494,13.5590148366,15.3074001174,37.974896653,44.8880055164,121.300636017,151.930659998
1214,78.7124375756,89.0751897786,12.8946084779,14.5052415067,60.7143151239,81.7885828334,8.68210405739,15.8685804894,15.2194038444,13.1246369282,9.31746992239,17.9810179953,176.854337799,214.95275745,20.8134312117,23.6387731644,2.79523536568,4.29328908197,48.2877682393,42.7069035095,281.688991354,330.074520436,466.186415396,591.900302519,12.3516030045,13.5575622725,44.7565278891,48.5241726457,142.144306469,186.288444431
1215,78.923632202,88.7901147672,12.8981233931,14.5089330077,61.0263147179,81.9761559822,8.68210405739,15.8685804894,15.2194038444,13.1246369282,9.24418800236,17.862077175,177.468806768,214.930651224,20.8212291767,23.6470942899,2.79523536568,4.29328908197,45.3678753769,42.7354175413,282.527732984,331.178577184,466.726724098,592.500086996,12.3967230661,13.4834028395,45.416989614,49.3179487431,144.340675794,183.290070815
1216,125.619085363,141.600202317,10.4027329949,12.0136392222,83.8521472604,105.066745196,15.5033355762,29.2782343152,24.9586402561,19.4512376933,16.7564489179,30.7314656036,224.810981806,260.93434483,20.8157975861,23.6270624563,5.84956461424,8.66825862968,73.7913629399,86.8727620753,557.795518823,681.587201059,487.738428356,613.560284212,11.9798465646,13.5794076675,37.7538469074,42.126130419,123.876870196,154.588982163
1217,106.958123116,122.735850321,10.4007885212,12.0120496155,84.3560814439,105.783284976,15.5033355762,29.2782343152,24.9586402561,19.4512376933,16.653175013,30.5791213043,226.399687205,260.954548965,20.8145484078,23.6534888814,5.84699991696,8.7396023459,68.5960087466,86.9382145038,563.815182968,689.511713265,488.652233122,614.781148516,12.1184924377,13.4586134057,38.2423872257,43.3416212121,125.071734216,154.315648215
1218,130.35289655,154.71527771,10.4088558774,12.0197401681,85.0728648744,106.840182359,23.6994740226,46.2589358376,30.9456646915,23.1631716976,25.4200775012,46.549611087,228.028209861,260.992733603,17.0763196308,19.9056826773,5.82973895395,8.71654883884,61.8768356751,82.8815030341,550.025283009,677.153457049,506.395871438,632.957875778,10.8533451421,11.9852172064,35.9878622379,42.3884069679,112.723475356,142.155351403
1219,131.089870054,155.397102647,10.4126470684,12.0236637118,85.9694528533,108.164205556,23.6994740226,46.2589358376,30.9456646915,23.1631716976,25.4432428554,46.549611087,229.649742634,260.995719619,17.0741460804,19.8941149181,5.82579020841,8.74599955045,64.4524523875,82.7952453704,554.795867539,683.460470213,507.555924632,634.47466301,10.71281502,11.9577641394,35.7006356643,42.4097353267,112.797849735,141.916297096
1220,129.115315613,153.5415608,12.9117462234,14.5224353366,88.8288643088,111.414279141,23.6994740226,46.2589358376,30.9456646915,23.1631716976,25.4143112347,46.549611087,234.248976657,263.995016473,20.8302785275,23.6613578426,5.82732496729,8.74724269623,61.9176640476,81.8798624084,535.155811058,665.371521968,512.568503884,639.866391298,9.43102137063,10.4611351401,26.2180340452,31.5262921948,88.6784082867,110.812475884
1221,127.290923287,151.576861508,12.9220616669,14.5333836181,89.6265975055,112.615559806,23.6994740226,46.2589358376,30.9456646915,23.1631716976,25.4143112347,46.549611087,235.930635472,264.017344573,20.8288558308,23.6458927755,5.84873463943,8.78133305253,61.8506515046,81.8991876834,540.271148578,672.116434616,514.255102135,642.021227042,9.56290290012,10.4284377813,26.3637926198,31.8973287531,88.8235109999,111.257869423
1222,135.914770119,160.002095151,13.700496344,15.3123488695,90.713076291,114.059003111,23.6994740226,46.2589358376,30.9456646915,23.1631716976,25.4143112347,46.549611087,237.875041008,265.327237833,21.2203173383,24.0603422133,5.9350362127,8.90938071688,63.1357824194,82.937978044,545.563313572,679.208929884,516.111958505,644.143686021,9.91179523378,10.4684287219,26.9533290115,32.6234294516,89.7880189522,113.065867624
1223,146.088402801,169.931071209,13.2513289795,14.8623679031,91.0066934575,114.397635932,23.6994740226,46.2589358376,30.9456646915,23.1631716976,25.4419471508,46.549611087,238.492606504,272.293333747,21.1498326876,23.9845379773,5.95874115361,9.01940179306,63.1359142809,82.9664381852,546.761528282,680.954674877,517.711975865,646.230383651,10.0265160514,10.449538033,27.2085966589,33.0913617583,89.6381931128,113.668145361
1224,135.220529227,159.149161358,13.1818004634,14.792321487,91.0236437862,114.551924066,23.6994740226,46.2589358376,27.6992525542,21.0543047759,25.4921897469,46.549611087,238.773610608,278.30779954,20.8955681238,23.7291444761,5.66512363168,8.74842024058,63.9603289109,82.6119102599,524.702538324,659.723561572,497.505527672,626.355168174,9.9267104168,10.2074825711,27.4014810025,33.459887063,89.5181669362,114.140410113
1225,132.915518918,157.02369309,12.9336754029,14.5439991978,91.3513732907,114.780349935,23.6994740226,46.2589358376,27.6992525542,21.0543047759,25.521854136,46.549611087,238.965251299,281.98633676,20.8443408772,23.6565352859,5.67107731555,8.86665739786,63.7854549227,82.647913265,525.250837317,660.186957245,498.208936997,627.266147416,9.97935602692,10.186981797,27.5011309427,33.6182061526,89.526272625,114.499553315
1226,133.985551988,158.141876579,12.9501130515,14.5608809293,89.5801444482,113.13559743,23.6994740226,46.2589358376,30.9456646915,23.1631716976,25.4278384435,46.549611087,236.890489645,267.160239589,17.1015310675,19.9287198463,5.91544076794,9.16345450669,64.3335494091,83.8510755173,551.332559093,686.544930325,515.400715666,644.588150439,9.5908806504,10.1056973092,27.0570987082,33.0283365174,84.4537139687,108.364644069
1227,132.702265535,156.891851269,12.9483358071,14.5603351909,89.4433829755,112.808932178,23.6994740226,46.2589358376,30.9456646915,23.1631716976,25.4384181041,46.549611087,236.215071822,267.269745221,17.1050398151,19.9220481787,5.91791983118,9.17324971464,63.7280087918,83.8719506759,551.465670601,686.719769504,515.788598041,645.031446999,9.61654162627,10.1066081623,27.1255820995,32.8040533495,83.922206353,107.112637244
1228,130.427855976,154.628827425,10.4527722728,12.0637577476,89.4253213403,112.607402108,23.6994740226,46.2589358376,30.9456646915,23.1631716976,25.4877164525,46.549611087,236.300247042,272.205388769,17.099549025,19.9254761046,5.95235999784,9.26741685448,61.1000825375,82.1117297937,551.718981192,687.038588785,516.229331868,645.617762175,9.69439541424,10.0309337859,27.3869937721,33.0508020017,84.0956762977,107.608990796
1229,130.253970699,154.44862883,10.4429208881,12.0549847721,89.121197283,112.053620168,23.6994740226,46.2589358376,30.9456646915,23.1631716976,25.4885437796,46.549611087,235.57830084,273.796130776,17.0979884083,19.9187741639,5.97685428148,9.30204757118,60.8695410013,82.0638350179,551.020636566,686.990191319,516.228721595,645.629512677,9.72818027613,10.0375358927,27.4501377259,33.1924533654,83.9253605673,107.541234558
1230,128.100539296,152.295865393,10.434616028,12.0465055536,87.5055897515,110.240539154,23.6994740226,46.2589358376,30.9456646915,23.1631716976,25.4751289803,46.549611087,230.852728594,266.431758401,17.0895331379,19.9101129175,5.97804963713,9.2961167839,60.597033261,81.9851385381,548.81395293,684.381267409,515.995755173,645.330951058,10.3799023958,10.7305757824,27.2367110529,32.8460231796,83.6410466472,107.070205636
1231,127.927301511,152.110489983,10.4279873487,12.0409801459,86.8115273568,109.401612299,23.6994740226,46.2589358376,30.9456646915,23.1631716976,25.4143112347,46.549611087,229.958616195,257.744718598,17.0822422891,19.9073240428,5.91007315596,9.15408773132,60.4580945221,81.8856951905,546.282212945,681.036723729,515.458140503,644.594695951,10.1197163539,10.7607774593,26.7402306585,32.1110875265,82.9226312461,105.418789149
1232,127.824759284,151.99531372,10.384162457,11.99787568,86.0614450426,108.814064732,23.6994740226,46.2589358376,30.9456646915,23.1631716976,25.4143112347,46.549611087,227.23428994,254.604771867,20.7942161386,23.6287525202,5.87912934914,9.03605005877,62.3618182548,83.2594083671,570.478944312,705.159222036,518.624797998,647.67424337,13.8143150365,14.4949232123,28.8355403448,33.6736385309,97.1363980156,119.925065529
1233,127.795445803,151.956035651,10.3841175498,11.9963765353,85.9237640793,108.621532943,23.6994740226,46.2589358376,30.9456646915,23.1631716976,25.4143112347,46.549611087,227.816463684,254.57450972,20.7955598418,23.6136578303,5.86732709791,8.94761015375,63.458220404,83.2047598858,572.76861555,708.229426597,519.01023635,648.111744285,13.733125687,14.5201163843,28.6393118921,32.9351081617,96.9671394805,119.194378929
1234,134.665014601,160.190831283,14.1481734057,15.9770083588,68.3787994886,91.9664546149,29.4419740226,53.0084358376,14.7065362507,12.6268236995,29.5473112347,51.547111087,196.792039089,225.615202765,22.9112043625,26.1549543213,4.77174340928,6.94702637837,68.6176409473,83.4977266759,540.429812005,655.628214156,526.807483729,658.589056464,19.2946754553,20.1313778137,39.2250994488,46.3897363128,122.382519694,147.760622848
1235,134.674997895,160.219409984,14.1536542892,15.9804226312,68.4320336551,92.0542353416,29.4419740226,53.0084358376,14.8132683969,12.3114006041,29.5473112347,51.547111087,197.486001877,225.617075985,22.9135474378,26.1557460944,4.78456730621,6.94702637837,69.4488496767,83.4977266759,542.19523501,657.809882626,527.246904367,659.123429855,19.3012263824,20.1446660949,39.2896287212,46.3245544573,122.637392214,147.559410015
1236,142.485964193,161.462487421,14.1553264609,15.9831093694,68.6862400873,92.4356473068,23.5195794158,40.4976189238,7.70791213723,8.19719508876,23.2261849483,39.8256426649,198.320852653,225.623019143,22.9159094849,26.1579850483,3.94673536568,5.67628908197,53.2104143148,61.6945101476,444.856482264,535.06516924,389.676378414,491.722088616,20.4467425483,21.1635550521,42.8913356049,52.8667763635,149.908246727,187.410558785
1237,123.695330815,142.594089945,14.1557288935,15.9834179501,68.4351039426,92.0646391539,23.5195794158,40.4976189238,7.95693449399,7.58786692168,23.2412632794,39.8256426649,197.571055007,225.621630945,22.9174103221,26.1583547185,3.94673536568,5.67628908197,53.6049638278,61.7310563863,442.327993971,532.394575132,389.506016598,491.41275775,20.4504924092,21.1733022264,43.175187176,53.2407995194,149.989844549,187.990546722
1238,127.217436811,146.125909343,14.232998953,16.061312298,68.5539179194,92.1840144138,23.5195794158,40.4976189238,7.70791213723,8.3164316646,23.2690542857,39.8549186751,197.786213407,225.84049128,19.2509856272,22.4936886134,3.94673536568,5.67628908197,53.1723526002,60.4101145432,429.954769135,519.864190705,385.812986068,487.600149511,19.9183795337,20.7017441611,44.8130560563,56.91443993,154.082470258,199.795822035
1239,127.073521101,146.052879146,14.2327032545,16.0612460913,68.5559133097,92.1872522637,23.5195794158,40.4976189238,8.01091800617,7.58786692168,23.2837494941,39.8798767321,197.784066812,225.840820368,19.2435603939,22.4868571831,3.94673536568,5.67628908197,54.0807203402,60.4101145432,429.854885052,519.666042018,385.82024487,487.585293082,19.8752778776,20.7128945421,44.8577727053,57.0236027432,153.941662269,199.843220484
1240,115.355326494,132.41205896,11.7272070809,13.5556358242,68.2986267327,91.8096458096,21.2458355762,36.0277343152,7.72915778419,8.40584631552,20.7840468374,35.593542019,196.973120824,225.824911525,19.2365361454,22.4797085797,3.67173268448,5.17842177437,47.9848692827,49.3147865542,352.500233158,416.509511905,318.387149244,403.26297283,19.6195514877,20.5080300677,49.7952457729,62.9288251208,166.523229506,216.269781172
1241,113.857723958,130.809696928,11.7225768735,13.551134717,68.2988388863,91.8101501306,21.2458355762,36.0277343152,8.05086507605,7.58786692168,20.7904380281,35.6072780291,196.935013333,225.825324933,19.2357348397,22.4787954195,3.67173268448,5.17842177437,48.5203190612,49.3147865542,352.3032485,416.222090567,318.290090836,403.178491625,19.6000003425,20.5153367099,49.8413878354,63.0784783776,166.681177057,216.865403129
1242,82.2133032089,92.5692433112,11.6841931331,13.5129780906,27.8558074114,32.796348903,11.1888245912,16.5881061292,7.74239312081,8.47399313866,10.3468034075,14.8064488759,59.0568239023,65.624790175,19.1961763983,22.439367826,3.67173268448,5.17842177437,47.910340133,48.672588752,339.938212558,403.797576257,298.417801951,383.282760378,16.8388312401,17.7894391198,47.1651166062,59.2936517655,155.027730262,201.716248457
1243,82.7534086588,92.917130417,11.6825864951,13.5112364051,27.8663738502,32.8047044753,11.1888245912,16.5881061292,8.0736152593,7.58786692168,10.3468034075,14.8064488759,59.081222935,65.6447300677,19.1938330291,22.4370961787,3.67173268448,5.17842177437,48.1734541714,48.672588752,337.358006567,400.375790009,298.035189645,382.813088701,16.7825610706,17.8054415397,47.2352532095,59.3542983015,155.144715613,202.095451566
1244,58.4001333184,61.1810347787,11.6264046043,13.4551132362,27.7910565875,32.7291365242,7.5534996038,9.6585699883,7.74839096505,8.51100562873,6.28484183022,8.04812819733,58.9305561872,65.489237126,19.1367943186,22.3801431212,2.526513406,2.9808780324,20.8083001057,23.8378400826,174.678392533,192.3050743,263.892570698,326.095858304,13.173311804,14.3697965495,33.875805689,43.7099157869,121.658512527,160.534976141
1245,58.0057304931,61.1007789409,11.6251735375,13.4539711935,27.7955709736,32.7321209222,7.5534996038,9.6585699883,8.09283720372,7.58786692168,6.28484183022,8.04812819733,58.9410251436,65.4989434866,19.1345163703,22.3780199115,2.526513406,2.9808780324,20.8083001057,23.8378400826,174.678392266,192.305074026,263.851420019,326.058665022,13.1412403239,14.381914868,33.6650449889,43.4010708192,121.311604397,159.173759896
1246,74.5353377911,77.8007289034,12.4358688723,14.264880397,28.1654784494,33.1009429845,7.5534996038,9.6585699883,7.75473898958,8.54319916976,6.28484183022,8.04812819733,59.3364393159,65.8926632315,19.560132774,22.8039077503,2.3890120654,2.7319443786,19.4680920998,21.7341120883,149.996012759,161.392603861,264.097148927,326.28606256,10.0940820577,11.4674766675,22.7017412623,29.0985294789,86.8583851959,112.735910138
1247,72.9063900013,76.4301326177,11.9596071324,13.7887395801,28.1406917823,33.072613934,7.5534996038,9.6585699883,8.11395571286,7.58786692168,6.28484183022,8.04812819733,59.4607999042,66.012820154,19.469143396,22.7129546415,2.3890120654,2.7319443786,19.4680920998,21.7341120883,149.996012803,161.39260367,264.218674608,326.390745815,10.0591831468,11.4873095589,22.3899452477,28.659190798,86.3025548728,109.762411329
1248,63.4759959546,67.0423758782,7.0863164886,8.1728135081,27.8031293435,32.7345736218,7.3287903758,9.4338607603,7.75854649917,8.55393383888,5.98564634105,7.74893270815,58.9547711837,65.504224926,11.1721861123,13.9069513084,2.3890120654,2.7319443786,19.4680920998,21.7341120883,143.88491398,155.281504849,257.722921859,319.851467199,8.11342463426,9.68119574934,19.5426829413,24.7181069633,66.8932589306,74.4023908583
1249,58.0890832964,62.0042470025,6.87618308127,7.96146597988,27.8032948913,32.7351272756,7.3287903758,9.4338607603,8.13296914242,7.58786692168,5.98564634105,7.74893270815,58.9561600785,65.5060139966,11.1460367925,13.8785083353,2.3890120654,2.7319443786,19.4680920998,21.7341120883,143.884914032,155.281504901,257.790740594,319.94818887,8.08499694872,9.71402780897,19.3157528509,24.4364885883,66.4144794267,75.2832862536
1250,56.4677149524,60.6328568309,4.84183265189,5.30288828006,27.8007777288,32.7345969144,7.3287903758,9.4338607603,7.76411414815,8.58979728298,5.98564634105,7.74893270815,58.9521576406,65.5055702793,7.42058499196,8.00387769811,2.3890120654,2.7319443786,19.4680920998,21.7341120883,143.884914012,155.281504882,257.757430671,319.910008037,7.78055724454,9.43880558683,18.3609212375,23.001140143,62.4626523628,70.5173455062
1251,56.1703585904,60.5533635755,4.86699052512,5.31161968165,27.800043799,32.7344718868,7.3287903758,9.4338607603,8.15758241565,7.58786692168,5.98564634105,7.74893270815,58.9514815099,65.5065866729,7.44922440601,8.00766087077,2.3890120654,2.7319443786,19.4680920998,21.7341120883,143.88491407,155.281504941,257.724082932,319.877247238,7.77064421922,9.459011198,18.198184759,22.8476383614,62.1079723485,70.7425438785
1252,55.8600522557,60.4470381569,4.86819549633,5.30797905459,27.7981155213,32.7323981541,7.3287903758,9.4338607603,7.7705051448,8.63063429143,5.98564634105,7.74893270815,58.9482127165,65.5051026643,7.44594212838,8.00148401382,2.3890120654,2.7319443786,19.4680920998,21.7341120883,143.884914054,155.281504926,257.434665899,319.505615759,7.60916840775,9.3436100895,17.0667879394,21.1824805097,57.4995377281,64.2964120018
1253,55.5542155309,60.3796519048,4.8739245615,5.30716792553,27.7970143941,32.7310849642,7.3287903758,9.4338607603,8.18818162696,7.58786692168,5.98564634105,7.74893270815,58.9467531716,65.5048745946,7.45247224602,8.00000196308,2.3890120654,2.7319443786,19.4680920998,21.7341120883,143.884914119,155.281504992,257.289073746,319.33238698,7.6032818363,9.3620516621,16.9738751832,21.0569999522,57.3660911073,64.4779919373
1254,55.2067231577,60.2794167599,4.87620609552,5.30529051694,27.7953124444,32.7291722729,7.3287903758,9.4338607603,7.77541094953,8.71294624303,5.98564634105,7.74893270815,58.9439063686,65.501967596,7.4546173293,7.99740041613,2.3890120654,2.7319443786,19.4680920998,21.7341120883,143.884914107,155.281504981,256.93033467,318.863409141,7.53245233505,9.30193986057,16.9479753459,20.9878494943,56.8968247271,63.8485526643
1255,54.8812287573,60.163219485,4.87820161099,5.30332027163,27.7939210891,32.7275009355,7.3287903758,9.4338607603,8.20277863451,7.58786692168,5.98564634105,7.74893270815,58.941536585,65.4992124259,7.45682955871,7.9949598262,2.3890120654,2.7319443786,19.4680920998,21.7341120883,143.884914119,155.281504989,256.48171426,318.296804829,7.53189852892,9.31507408415,16.8970610577,20.9160496305,56.4679257013,63.1628794464
1256,66.4544005552,71.8829106628,5.22778044161,5.6529590909,28.3589468768,33.2929077829,7.3287903758,9.4338607603,7.77632468672,8.76368039109,5.98564634105,7.74893270815,60.0716193085,66.6294782384,7.80671348678,8.34406330576,2.3890120654,2.7319443786,19.4680920998,21.7341120883,149.996013016,161.392603886,302.443663896,386.65876271,8.57104027732,10.3662287028,17.625078325,21.6377317447,59.686813338,66.0001268033
1257,66.1639427386,71.730317155,5.22564425851,5.6504178757,28.3560984885,33.289949751,7.3287903758,9.4338607603,8.21411165856,7.58786692168,5.98564634105,7.74893270815,60.0664639679,66.6239970805,7.80420853372,8.34128416928,2.3890120654,2.7319443786,19.4680920998,21.7341120883,149.996012955,161.392603826,301.998945843,386.088679824,8.5672675001,10.3878410621,17.5664448547,21.5556243095,59.3447166623,65.2274364378
1258,65.8140769179,71.4962490359,7.24906062194,8.29862489289,28.3513680806,33.2851678042,7.3287903758,9.4338607603,7.78086486006,8.853551547,5.98564634105,7.74893270815,60.0574651976,66.6146418104,11.5184870836,14.2288510667,2.526513406,2.9808780324,20.8083001057,23.8378400826,174.679100361,192.305782113,301.986006062,386.032855558,10.8637129096,12.6536461972,21.4286269803,26.4931175311,72.378837133,81.8623485705
1259,65.4468949763,71.2258773329,7.20664880631,8.29470573824,28.1735676419,33.1048961003,7.3287903758,9.4338607603,8.23233082408,7.58786692168,5.98564634105,7.74893270815,59.7040085764,66.2586383717,11.4737970207,14.2071016715,2.526513406,2.9808780324,20.8083001057,23.8378400826,174.679100043,192.305781801,300.569862501,384.362460444,10.866870537,12.6751141601,21.4167180253,26.4846481335,71.8622611289,82.6501584747
1260,87.040713672,100.212935041,14.3037023947,16.1299026181,33.4826706825,39.6852875732,10.564569842,15.4638351205,9.43586759362,11.7712363241,9.16226300391,16.0013673228,98.883091652,118.971989965,19.3261100585,22.5661870082,3.429621113,4.68055446677,45.348609891,37.592594908,249.76296547,280.055255917,414.720541078,526.480001792,13.5502251797,15.3324042692,37.6584442564,44.58017046,121.065047533,140.06692064
1261,86.8847574509,99.2544677765,14.3043581528,16.1319396925,33.1874723304,39.0409313478,10.564569842,15.4638351205,9.43586759362,11.7712363241,9.13593492545,16.0229388723,98.2766253979,118.836303458,19.3088440612,22.563038691,3.42591970001,4.68055446677,45.4046839145,37.5931807784,246.195750232,275.151845345,414.190412302,525.895048059,13.5846464084,15.3140091242,38.0415881316,44.9726032913,121.39290603,150.636305926
1262,85.1232041798,95.4666592111,12.8961324804,14.5066867368,60.7192124082,81.7994368609,6.40836021779,11.3986958808,15.2194038444,13.1246369282,6.81704409168,13.6932640624,176.855121587,214.954615075,20.8144690185,23.6399429143,2.79523536568,4.29328908197,47.4340851483,42.7069035095,281.680920566,330.070771054,467.577639503,593.632774765,12.3724849251,13.5708462417,44.7825551741,48.5906759417,142.41091174,184.213804656
1263,83.0237750191,92.954438164,12.8980401741,14.5088216274,60.7018811868,81.7761363627,6.40836021779,11.3986958808,15.2194038444,13.1246369282,6.7708112368,13.6138915534,176.843571836,214.940115701,20.8204074579,23.6456452067,2.79523536568,4.29328908197,45.4888977837,42.7069035095,281.646938991,330.027510253,467.495305353,593.452950953,12.3959778985,13.5362976903,45.273074722,49.1955269221,143.807836067,180.814682484
1264,125.724389921,141.715881505,10.4009716496,12.0114377191,83.2772459625,104.30693903,10.955847897,20.338465098,24.9586402561,19.4512376933,11.7370389163,22.1336370187,222.97668808,260.931622308,20.8101757271,23.6252780075,5.85537224225,8.67450417982,71.5665427448,86.8904567151,555.647096929,678.755254671,487.997904765,613.902462272,12.0120918331,13.6007621744,37.8354746732,42.2300640267,122.627661503,153.411701883
1265,106.959661237,122.721202206,10.4003855775,12.0113771267,84.6080044643,106.146143142,10.955847897,20.338465098,24.9586402561,19.4512376933,11.6604177828,22.0082484452,227.499134548,260.954951688,20.8129183191,23.6524004627,5.8396500256,8.73045067467,68.354445057,86.9679718277,566.515218147,693.099644926,489.169409786,615.57588032,12.1319831533,13.4631670823,38.1967651361,43.3908405782,125.764652319,155.178974194
1266,130.630115958,154.984055785,10.4118492564,12.0218002504,85.6981042993,107.764753508,17.7770794158,33.7481189238,30.9456646915,23.1631716976,19.1363932918,34.8375371362,228.624482262,260.998601084,17.079024384,19.9095919522,5.82656061477,8.74190444371,62.9712589228,82.8319476369,551.267868726,678.839556652,506.78752761,633.555753139,10.7849920113,11.974222111,35.7681504321,42.2329191645,112.590120245,141.809402164
1267,131.258806889,155.552820696,10.4150985039,12.0259865853,86.5470363129,109.011854106,17.7770794158,33.7481189238,30.9456646915,23.1631716976,19.1451756717,34.8281426649,230.223218246,260.999730887,17.0760162628,19.8960347991,5.82418979403,8.73374433287,64.6702706732,82.7922723467,555.908426586,684.968091749,507.931106045,635.050274152,10.7200946451,11.9387446417,35.6381218292,42.4492936829,112.749547881,141.770531272
1268,129.234847169,153.646550679,12.9146128598,14.5252986623,89.584271771,112.52491149,23.6994740226,46.2589358376,30.9456646915,23.1631716976,25.4479759676,46.549611087,235.494360587,264.001189381,20.8293508049,23.6644524599,5.82491403863,8.73565186511,63.9012799402,81.8333255761,538.275217065,669.514971405,513.124827622,640.866490205,9.32617758183,10.4356023416,25.9431012539,31.287167521,88.782238934,110.627716306
1269,127.461641363,151.739476072,12.9256166453,14.5367551088,90.352029057,113.67059736,23.6994740226,46.2589358376,30.9456646915,23.1631716976,25.4143112347,46.549611087,237.108474672,264.09107547,20.8302076849,23.6483989784,5.86319421198,8.79120278505,61.9152844786,81.9875947496,543.180607627,676.035078453,514.844947173,642.867609775,9.63326723045,10.3923635378,26.5325729271,32.15059903,89.1339170785,111.680942892
1270,135.922422766,160.004278052,13.7018170829,15.3135453444,91.4801871701,115.164020828,23.6994740226,46.2589358376,30.9456646915,23.1631716976,25.4143112347,46.549611087,239.728227298,265.337062283,21.2196596137,24.0506007184,5.9046354736,8.8789602107,63.2569837421,83.0162663756,549.817371751,684.360104149,517.211145561,645.821217134,9.86878668495,10.4258570821,26.8478812898,32.6674803572,90.1855380588,113.640235922
1271,146.629676773,170.470627186,13.2600776674,14.8705899921,91.9698229902,115.81572285,23.6994740226,46.2589358376,30.9456646915,23.1631716976,25.4143112347,46.549611087,241.113957932,267.367904343,21.1606080002,23.9988634234,5.89944665272,8.93651777653,63.606869968,83.0511447809,550.87382069,685.746446986,519.249082878,648.189099164,9.82011738601,10.403272409,26.7368489538,32.7480550663,89.9538044046,113.581471301
1272,135.735637018,159.650561491,13.1901926234,14.8005389893,91.9853962595,115.953995386,23.6994740226,46.2589358376,27.6992525542,21.0543047759,25.4511677765,46.549611087,241.45343656,275.294219717,20.9037764857,23.7301746815,5.64756427603,8.7180529099,64.0550868646,82.7780685397,526.310484045,661.168680839,499.373439113,628.5092919,9.86649635523,10.1536497806,27.2787773945,33.3901001763,89.8365152129,114.197771918
1273,133.477538822,157.564467792,12.9385861299,14.5496418476,92.3616057951,116.293719557,23.6994740226,46.2589358376,27.6992525542,21.0543047759,25.4143112347,46.549611087,242.47155971,270.605524288,20.840817922,23.6633609876,5.60509822301,8.75740768038,64.28138399,82.7968583151,526.940794225,661.984162729,500.516656233,629.899363782,9.72926728482,10.1364602845,26.9633607975,33.0671117364,89.7436283209,114.058117824
1274,134.69575035,158.770697961,12.955854824,14.5668371386,90.8010195847,114.738318769,23.6994740226,46.2589358376,30.9456646915,23.1631716976,25.5177849556,46.549611087,240.590581574,276.507888131,17.1051341682,19.9323586223,5.96220593302,9.261584735,63.9308675118,84.1083087174,552.993401478,688.609798007,518.296891284,648.249235266,9.81926076878,10.0467249856,27.6056950956,33.7405697784,85.3152944711,109.879272525
1275,133.592560971,157.687481579,12.9553156646,14.5668721772,90.7567912519,114.65350243,23.6994740226,46.2589358376,30.9456646915,23.1631716976,25.4739508701,46.549611087,239.951815652,273.223195346,17.1046233344,19.9319917066,5.92342989034,9.29175288874,63.8836354688,84.0790286816,553.136318402,688.810888056,518.736477533,648.827526776,9.71152025368,10.0401482824,27.4593411361,33.4893670829,84.8001127177,108.988898042
1276,131.463854249,155.581329374,10.4608632133,12.0728355565,91.0912751077,115.075905542,23.6994740226,46.2589358376,30.9456646915,23.1631716976,25.459999321,46.549611087,240.899946082,271.551536636,17.1052877558,19.9326498594,5.92277975126,9.30273877754,62.1550765872,82.3271675013,553.680150826,689.431036919,519.504331642,649.815347461,9.58195420739,9.95843528624,27.4190996546,33.2205204755,84.8906540087,108.698766756
1277,131.31173978,155.435091229,10.4518665288,12.0640406615,90.725704751,114.526591282,23.6994740226,46.2589358376,30.9456646915,23.1631716976,25.4209845896,46.549611087,240.219987371,266.398556309,17.1061452245,19.9305577366,5.90470181243,9.23084287932,62.4945975333,82.2235681734,553.584188472,689.373567853,519.605592474,649.889915067,9.42676905556,9.97383004607,27.1035866505,32.6815255782,84.2370431594,107.151543194
1278,129.218603613,153.335661009,10.4434702116,12.0565760189,89.2930614343,112.852573987,23.6994740226,46.2589358376,30.9456646915,23.1631716976,25.4670031187,46.549611087,234.737920394,264.476752135,17.1018455276,19.9202026324,5.96053313273,9.26783105358,61.5811086974,82.1974862471,553.198075779,688.898478335,519.219938642,649.37512293,10.2673855765,10.6594364642,27.1676615505,32.5787251143,83.7550063862,106.575075219
1279,128.913183364,153.035313831,10.4380039732,12.050205278,88.7394583784,112.023313742,23.6994740226,46.2589358376,30.9456646915,23.1631716976,25.4143112347,46.549611087,233.882440824,259.910518783,17.089249146,19.9169571615,5.91272129455,9.16558779023,61.784651805,82.0921396385,552.99842189,688.655800183,518.839487831,648.844691166,10.0741513097,10.686490731,26.8333727523,32.1055667762,83.2789667559,105.648328321
1280,128.57371027,152.695739445,10.3920538933,12.0057059187,87.3673577663,110.73285156,23.6994740226,46.2589358376,30.9456646915,23.1631716976,25.4143112347,46.549611087,229.480424469,254.786847457,20.7958326008,23.6328970219,5.88359327294,9.06742432115,63.4023454096,83.3792665634,576.90533572,712.429681095,521.281596781,650.986769008,13.7945311799,14.4302736071,28.9562088211,33.8042461074,97.0657071147,119.82225513
1281,128.31726156,152.473604763,10.3898302796,12.002690222,87.0410486493,110.256320285,23.6994740226,46.2589358376,30.9456646915,23.1631716976,25.4143112347,46.549611087,229.220537891,254.716619813,20.7988171838,23.6191690015,5.87286823231,8.98694853243,64.3505877411,83.3055562848,576.834800253,712.338761761,521.124950892,650.742821862,13.7223755964,14.4625905893,28.8109258292,33.1744403539,96.7906748997,119.213096601
1282,134.884684784,160.447716509,14.1522325409,15.9813957619,69.1184099268,93.0490544724,29.4419740226,53.0084358376,14.7065362507,12.4899517241,29.5473112347,51.547111087,197.279550676,225.622166574,22.9140499468,26.1586308358,4.77174340928,6.96580032906,69.0657577106,83.5180379753,542.19979553,657.829880573,528.332916987,660.475086352,19.3023961293,20.0852635344,39.3478250798,46.6094831376,122.066541587,147.553832077
1283,134.804871658,160.413571372,14.1575831143,15.9856969764,69.1171789936,93.0534659212,29.4419740226,53.0084358376,14.7065362507,12.3114006041,29.5473112347,51.547111087,197.153351535,225.621956379,22.916083334,26.1589721033,4.78178436047,6.94702637837,69.8000340652,83.4977266759,541.101426777,656.344885367,528.135942477,660.186558421,19.309293347,20.101434134,39.3982138482,46.5148034042,122.174270421,147.170660204
1284,142.383641288,161.469216608,14.1580759462,15.9864554566,69.1168160555,93.0568967815,21.2458355762,36.0277343152,7.87806967386,8.11966321285,20.7347786778,35.5195592053,197.079690847,225.625459855,22.9173981638,26.1602183647,3.94673536568,5.67628908197,52.5338202993,61.6945101476,440.702249292,530.429872698,389.634098227,491.648533631,20.490622611,21.1232661013,43.0409993086,53.0857925688,149.335751771,186.992683696
1285,123.515399296,142.54667082,14.1580398275,15.9857792252,68.8832038339,92.7135272015,21.2458355762,36.0277343152,7.70791213723,7.58786692168,20.7611641907,35.5427410584,196.24335692,225.623516314,22.9255751549,26.1850746544,3.94673536568,5.67628908197,53.5078585336,61.7236370012,437.807327863,526.410847215,389.091383308,490.889981287,20.4559784158,21.144500061,43.2445635432,53.3683123274,149.488027895,187.774769506
1286,123.383205396,142.471011586,14.157409216,15.9861100321,68.8846869676,92.7152047937,16.698347897,27.087965098,7.98159916876,8.25436830488,15.764216977,26.974023681,196.159155768,225.609712587,19.1753107222,22.4189644017,3.94673536568,5.67628908197,52.9317790182,60.4101145432,425.160092291,513.530197568,384.825277372,486.456084189,19.93443924,20.6770542544,44.8814996075,57.0198212396,153.40190674,199.359275083
1287,123.101677529,142.239343699,14.1569628042,15.9851206976,68.6000167372,92.2923265306,16.698347897,27.087965098,7.70791213723,7.58786692168,15.7742215704,26.9985190723,194.621034139,225.607979345,19.1664273541,22.4108964289,3.94673536568,5.67628908197,52.8592054626,60.4101145432,420.202504658,506.911929356,384.117411159,485.55044312,19.921790805,20.6899623995,44.9595907142,57.182838613,152.767871498,198.886152285
1288,111.286852192,128.468375915,11.6565025306,13.4845001132,68.6026615732,92.2964828598,16.698347897,27.087965098,8.05112856725,8.39187312488,15.789713566,27.0236580326,194.547739252,225.608704357,19.1658154157,22.4094248076,3.67173268448,5.17842177437,47.7495901948,49.3147865542,345.033871163,406.652687085,316.655072359,401.203040734,19.6285220704,20.4880446174,49.8022677707,62.9383674491,165.743179941,215.817365458
1289,109.806576641,126.870015608,11.6505258374,13.479934676,68.3261821704,91.8871803074,16.698347897,27.087965098,7.70791213723,7.58786692168,15.793627611,27.0320498958,193.015469453,225.606094478,19.1629098227,22.4072548972,3.67173268448,5.17842177437,47.7755806914,49.3147865542,340.256821106,400.317436751,315.932472653,400.325606038,19.6175283802,20.4994735117,49.8404372534,63.0419959094,165.310006628,215.634164534
1290,78.8716461315,89.3108551124,11.6284838708,13.4571327478,27.7719632599,32.7121345133,12.1508602178,18.1481958808,8.10352735783,8.47617004515,10.7932812117,18.4440890989,58.8895305972,65.4576710868,19.1406277224,22.3841691028,3.67173268448,5.17842177437,47.7255661673,48.672588752,325.524280023,384.763641704,295.574253514,379.810980305,16.8236953946,17.780192422,47.0906425365,59.2008611566,153.44469974,200.280125832
1291,79.3259963731,89.6748522721,11.6264122758,13.4551070758,27.7829948554,32.7205174713,12.1508602178,18.1481958808,7.70791213723,7.58786692168,10.8017433285,18.4621216803,58.9149663168,65.4784230076,19.1374578524,22.3812730553,3.67173268448,5.17842177437,47.9958221968,48.672588752,320.974014352,378.723010011,294.659841003,378.628390112,16.7663814676,17.798340899,47.1400350018,59.230406738,153.451671991,200.368456691
1292,57.4074505478,60.3410643063,11.6243891968,13.45306416,27.7903415682,32.7290655418,7.3287903758,9.4338607603,8.13977435616,8.53901178177,5.98564634105,7.74893270815,58.9299695134,65.4881110439,19.1348858218,22.3785980708,2.526513406,2.9808780324,20.8083001057,23.8378400826,174.67839252,192.305074287,260.249539899,321.572242393,13.1334274922,14.3707732658,33.7710328324,43.5870876099,120.05167074,158.830095067
1293,57.1645541137,60.1565539534,11.621805246,13.4505103145,27.7940950994,32.7308739222,7.3287903758,9.4338607603,7.70791213723,7.58786692168,5.98564634105,7.74893270815,58.9391067347,65.4963513245,19.1314863108,22.3750540152,2.526513406,2.9808780324,20.8083001057,23.8378400826,174.67839233,192.305074097,259.571795718,320.723732268,13.0999461724,14.3889702416,33.5419667794,43.2526679614,119.535826816,157.494585317
1294,73.8287209512,76.9822400667,12.4322158875,14.2610807591,28.1641379325,33.0994653322,7.3287903758,9.4338607603,8.17461403847,8.60837828856,5.98564634105,7.74893270815,59.3348876849,65.890185734,19.557050645,22.8007846416,2.3890120654,2.7319443786,19.4680920998,21.7341120883,149.996012841,161.392603764,259.239859034,320.233846739,10.0331680803,11.4999696273,22.5374092773,28.928443031,84.8356769461,110.80390829
1295,71.981725978,75.3434168071,11.9540034453,13.7829500831,28.1380991495,33.069458538,7.3287903758,9.4338607603,7.70791213723,7.58786692168,5.98564634105,7.74893270815,59.4571440828,66.0077532223,19.4644512793,22.7080906209,2.3890120654,2.7319443786,19.4680920998,21.7341120883,149.996012909,161.392603792,258.974991768,319.893014647,9.98607071041,11.5303415304,22.1859576778,28.421562388,84.1211995664,108.136532769
1296,61.1746248427,64.4681619437,7.07948203536,8.16581046753,27.799852354,32.7304015733,7.3287903758,9.4338607603,8.20397550174,8.66483688369,5.98564634105,7.74893270815,58.9491129445,65.4968407009,11.1668542286,13.9014749855,2.1140093842,2.4569416974,16.7876760881,19.0536960766,118.964550561,130.361141444,252.06400586,312.859015342,8.08196377368,9.72629512433,20.0129170076,25.5216449552,65.7442167696,74.584071329
1297,55.6961986586,59.4227311634,6.86863295718,7.95406940133,27.8009139564,32.7299334514,7.3287903758,9.4338607603,7.70791213723,7.58786692168,5.98564634105,7.74893270815,58.9523188887,65.4969450016,11.139640644,13.8714940106,2.1140093842,2.4569416974,16.7876760881,19.0536960766,118.964550618,130.361141498,251.746761038,312.4899193,8.06411720747,9.76134604459,19.813490219,25.2805647058,65.126273929,74.7622126452
1298,53.7975551752,57.9576845805,4.83292120401,5.29441691489,27.7963100465,32.7273410111,7.3287903758,9.4338607603,8.22325034389,8.72459200905,5.98564634105,7.74893270815,58.9442750659,65.4926476116,7.41294627601,7.99563552054,2.1140093842,2.4569416974,16.7876760881,19.0536960766,118.964550614,130.361141494,251.479178034,312.171187576,7.75772366227,9.49826231541,19.6887244838,25.1496710647,64.5008410404,74.3740360857
1299,53.302272528,57.8504939665,4.85822314077,5.30248387317,27.7947388411,32.7266619222,7.3287903758,9.4338607603,7.70791213723,7.58786692168,5.98564634105,7.74893270815,58.942040294,65.4919830486,7.44051441453,7.99843247259,2.1140093842,2.4569416974,16.7876760881,19.0536960766,118.964550554,130.361141434,251.269915452,311.9259513,7.74383561937,9.52726756831,19.5144632691,24.9989181505,64.0087196383,73.967818312
1300,52.8314090258,57.724946513,4.85893783353,5.29815344489,27.7918230547,32.7248019432,7.3287903758,9.4338607603,8.24559457155,8.79531125873,5.98564634105,7.74893270815,58.936855467,65.488645863,7.43668094636,7.99163911836,2.1140093842,2.4569416974,16.7876760881,19.0536960766,118.964550562,130.361141443,251.090837543,311.713662824,7.58931166016,9.4147206283,16.949251226,21.0729535322,54.6279137038,61.0417294632
1301,52.4285859365,57.6395399596,4.86387770319,5.29647224979,27.7893030449,32.7229038119,7.3287903758,9.4338607603,7.70791213723,7.58786692168,5.98564634105,7.74893270815,58.9324165367,65.4854529028,7.4423339724,7.98920252984,2.1140093842,2.4569416974,16.7876760881,19.0536960766,118.964550511,130.361141392,250.927752895,311.520172316,7.58496713492,9.44758082344,16.8526551514,20.9026255268,54.0443823298,61.1383290739
1302,52.0899342044,57.5790449235,4.86579902331,5.29405378713,27.7867999731,32.7203214866,7.3287903758,9.4338607603,8.2689209578,8.88414361894,5.98564634105,7.74893270815,58.9278578985,65.4820145283,7.44408087638,7.98603366959,2.1140093842,2.4569416974,16.7876760881,19.0536960766,118.96455053,130.361141411,250.589099436,311.108939648,7.50751933834,9.40488857995,16.7864591654,20.783053406,53.4824643236,61.2446404627
1303,51.7739592833,57.4819157081,4.86743543601,5.29157322699,27.784396328,32.7178026051,7.3287903758,9.4338607603,7.70791213723,7.58786692168,5.98564634105,7.74893270815,58.9234387385,65.4784093852,7.44592195792,7.98304431461,2.1140093842,2.4569416974,16.7876760881,19.0536960766,118.964550487,130.361141369,249.978408343,310.369656717,7.50400609965,9.43640263528,16.7133710962,20.6774751232,52.893763355,61.3075687611
1304,54.8929530656,60.751465892,4.94262456256,5.3630834686,27.8936330561,32.8269179418,7.3287903758,9.4338607603,8.29336868462,8.97640269503,5.98564634105,7.74893270815,59.1422629411,65.697805384,7.5213197269,8.05415881607,2.1140093842,2.4569416974,16.7876760881,19.0536960766,125.075649417,136.472240299,254.344551329,325.863560778,8.54551924854,10.5047082769,17.4335359742,21.367670345,56.1716913436,64.615352453
1305,54.6258205711,60.592917122,4.94317551914,5.3605636382,27.8916064544,32.8247540642,7.3287903758,9.4338607603,7.70791213723,7.58786692168,5.98564634105,7.74893270815,59.1386542271,65.6945833894,7.52228020792,8.05128354899,2.1140093842,2.4569416974,16.7876760881,19.0536960766,125.075649381,136.472240264,253.754173481,325.061250665,8.5484562695,10.519116671,17.4095082639,21.3088465057,56.3781334544,64.9806831575
1306,54.0874870945,60.1589971381,6.96874910893,8.01083338187,27.8818539869,32.8148558965,7.3287903758,9.4338607603,8.31291692904,9.07662126044,5.98564634105,7.74893270815,59.1193661661,65.6752318812,11.2386525438,13.942909848,2.1140093842,2.4569416974,16.7876760881,19.0536960766,137.298555096,148.695145975,253.00200776,324.09130504,10.8264063572,12.7977188746,19.4254126156,23.409789665,62.5345165865,75.5258338414
1307,53.8306874103,59.9778106845,6.92240522839,8.01110020175,27.8799262128,32.8127525815,7.3287903758,9.4338607603,7.70791213723,7.58786692168,5.98564634105,7.74893270815,59.1158474716,65.6712822713,11.1905038127,13.9214696739,2.1140093842,2.4569416974,16.7876760881,19.0536960766,137.298555165,148.695146047,252.39242335,323.314353544,10.8362729356,12.804527809,19.3850861448,23.3570210646,62.7183302805,75.7694799623
1308,68.8297721122,80.2148468948,14.1654922584,15.9972354485,27.8846922008,32.8173817248,7.3287903758,9.4338607603,8.31722172821,9.15983926151,5.98564634105,7.74893270815,59.1257091625,65.6807725658,19.1834195676,22.4311085926,3.4110165557,4.68055446677,48.8481473627,37.5772607629,213.088616177,234.128780279,288.386790915,370.450492456,13.5186284494,15.4585267764,29.7864302652,36.570869372,103.323827167,124.871996634
1309,69.4157900106,79.4415301527,14.1695235263,16.0003770166,27.8838074837,32.8163420852,7.3287903758,9.4338607603,7.70791213723,7.58786692168,5.98564634105,7.74893270815,59.1242985909,65.6789697298,19.177349909,22.4305701803,3.40403744995,4.68055446677,48.0641874393,37.5772607629,212.930986133,233.870636024,288.027424531,369.97480482,13.5508063944,15.4289775697,29.9001758866,36.7766733557,103.790686684,125.308812834
1310,69.7954936064,77.8706935583,12.8835543107,14.4954792663,23.5641810255,27.5239852397,1.5862903758,2.6843607603,4.97436759362,6.29223632413,1.85264634105,2.75143270815,50.0974526687,54.6776814016,20.8039800843,23.6292934442,2.24523000328,3.29755446677,42.0874137112,31.2415519717,199.523192438,215.284442716,340.965140654,431.410143431,12.2420718427,13.5780549216,35.1757756951,37.6094887509,117.974207729,145.7338375
1311,70.2765342987,77.8874218072,12.8894170629,14.5001662156,23.5665134582,27.5277689812,1.5862903758,2.6843607603,4.97436759362,6.29223632413,1.85264634105,2.75143270815,50.1013994985,54.6841638556,20.8008257147,23.6140056359,2.24523000328,3.29755446677,38.2534941015,31.2601024825,199.455146809,215.199508073,341.6809519,432.259226688,12.2876016071,13.4628191703,35.8645362308,38.2044082926,119.539069564,149.430368758
1312,110.841032272,122.427289509,10.396689167,12.0066081344,23.5729815069,27.5351443793,6.40836021779,11.3986958808,5.48016743266,6.79803616318,6.81075144365,13.6639649118,50.1136717655,54.6975195804,20.8078716928,23.6425135291,3.07649520267,4.56829176317,45.3596845431,50.467494727,356.341525606,429.614496452,347.814980486,438.610511622,11.1782053605,12.3159362787,49.7335960608,54.8955503068,143.227836751,175.935772848
1313,92.782480116,104.120779942,10.3992457183,12.0094330597,23.5792321279,27.5428900695,6.40836021779,11.3986958808,5.48016743266,6.79803616318,6.75926698768,13.5783207432,50.1254269243,54.7114740475,20.813173152,23.6468232914,3.07224671473,4.56829176317,45.1521327301,50.4959876972,370.947933919,448.884504976,349.728041875,441.099842942,11.2083592986,12.2178398796,50.3686854087,56.2986392886,147.918252033,179.116509348
1314,114.464583548,132.262884789,10.4119137935,12.0216379748,23.5900890545,27.5548383571,6.40836021779,11.3986958808,10.3286243282,10.053929757,6.629118533,13.372083881,50.1478422122,54.7348934781,17.078160577,19.9159878554,3.07514001974,4.60572872425,42.9065944865,51.6511392387,361.219737103,441.900279265,405.6785616,503.239606451,9.9469897655,10.686685389,42.1371148382,49.4697950263,126.612078745,158.477051181
1315,115.54251814,133.477219314,10.4199680569,12.0300665919,23.6000170071,27.5663014962,6.40836021779,11.3986958808,10.3286243282,10.053929757,6.54300738816,13.2977253669,50.1664679015,54.7551846567,17.0806695749,19.9143786432,3.07616688713,4.61850377397,40.210173321,51.7431537323,368.936441631,452.097698208,408.247681147,506.473744448,10.2148381541,10.574002434,42.8397585834,50.7893375645,126.97558323,160.210517781
1316,127.976705527,152.303964024,12.9228634143,14.5338684762,23.6029430805,27.5710930766,13.2295917366,24.8083497066,10.3286243282,10.053929757,14.0685395644,26.2159757457,50.1774373861,54.768283472,20.8311527791,23.6671308999,3.0751928149,4.6716176762,39.9080797184,51.3167632627,349.982637122,434.74620954,413.900779333,512.595671118,9.01417333809,9.01841930403,29.6439828668,36.5979298167,99.5361857389,128.297349081
1317,128.553988859,152.851106558,12.9361110571,14.5470917904,23.6084482528,27.5792660577,13.2295917366,24.8083497066,10.3286243282,10.053929757,14.0685395644,26.2159757457,50.1873586223,54.7797571038,20.8406851244,23.6572569068,3.07185027424,4.62834384013,41.4304405987,51.2423901145,351.523285294,436.442174735,415.997013245,515.176223163,8.81883312401,8.98208847561,29.0310300513,36.2095494448,98.864166073,127.044249007
1318,136.525138317,160.613013525,13.7061579304,15.3176707881,23.9085103317,27.880313507,13.2295917366,24.8083497066,10.3286243282,10.053929757,14.0685395644,26.2159757457,50.4368052947,55.0285928348,21.2290389742,24.0570834173,3.07346041163,4.67510576344,42.722195079,52.3729702481,352.493706923,437.680694975,417.958194413,517.532526035,9.06200015305,9.00568472257,28.1890412253,34.2737520296,94.529191754,120.51428688
1319,147.963191262,171.815794297,13.2761589108,14.887788832,23.9828537029,27.9556857835,13.2295917366,24.8083497066,10.3286243282,10.053929757,14.0685395644,26.2159757457,50.7532097664,55.3449099797,21.1756081587,23.9960117546,3.11442971519,4.81391299416,43.0363600511,52.3509832309,353.416838669,438.853287546,420.263376846,520.20938779,9.42016824537,8.97133434088,29.0213324716,35.1887951171,95.1798297317,122.585552622
1320,136.906395238,160.774041927,13.2072122534,14.8188419048,23.6026297462,27.5764296593,17.7770794158,33.7481189238,4.97436759362,6.29223632413,19.0855610152,34.8281426649,50.1692195911,54.7598985073,20.91127499,23.7387479016,2.26335950287,3.60900254594,42.4727199011,51.6942856393,354.13376287,439.78403744,405.194851445,505.426434549,9.3717674947,8.92323872843,29.2267265333,35.3574852484,94.8522412652,122.962557455
1321,134.563758332,158.569459748,12.9490258987,14.5596221542,23.603151637,27.5776541762,17.7770794158,33.7481189238,4.97436759362,6.29223632413,19.1149953715,34.8281426649,50.1689946483,54.759131498,20.8492284128,23.6917581979,2.305945506,3.69975243492,42.1043539258,51.6904662484,354.297614877,439.989398452,406.024160464,506.349895172,9.52427837771,9.02249771516,29.5008942098,35.7634113395,94.8146709086,123.496926497
1322,135.538881131,159.540516914,12.964188007,14.5749737538,23.621196845,27.5964673654,17.7770794158,33.7481189238,4.97436759362,6.29223632413,19.1548100164,34.8281426649,50.2031352976,54.7931229372,17.1097832444,19.9615382083,2.30285823053,3.71906499176,39.9850957261,50.4100223248,354.324589218,440.045002838,402.531098789,502.860161481,9.33450697055,8.84830593964,29.5338813208,36.1746490227,89.7109763841,118.107325443
1323,134.137409999,158.193953064,12.962071452,14.5731966578,23.6202884846,27.5962249288,17.7770794158,33.7481189238,4.97436759362,6.29223632413,19.0855610152,34.8281426649,50.1996457958,54.78964087,17.1079464821,19.9353315282,2.24523000328,3.63232156789,39.888579744,50.3751473223,354.110016888,439.771694597,402.427246725,502.80382297,9.09569715184,8.73488524924,28.9972898097,35.4024094856,88.954451502,116.10672295
1324,131.59952142,155.67935939,10.4627818377,12.07519659,23.6237172749,27.6001585541,17.7770794158,33.7481189238,4.97436759362,6.29223632413,19.0855610152,34.8281426649,50.2048120155,54.794883911,17.1057064089,19.933155655,2.24523000328,3.56142364411,26.8148977763,30.7206763558,229.354370697,271.369910894,402.252111291,502.599263066,8.93014383477,8.58996213649,28.7003080539,34.8853465406,88.3626345477,114.46881175
1325,131.255749409,155.33518109,10.4522362274,12.063946213,23.6208675681,27.597374444,17.7770794158,33.7481189238,4.97436759362,6.29223632413,19.0855610152,34.8281426649,50.1973568011,54.7874134167,17.1054348488,19.9295111385,2.24523000328,3.50914456483,27.1381106586,30.7206763558,228.599976862,270.433098223,401.282342878,501.392645782,8.80629357479,8.60544092632,28.3249507211,34.3368976601,87.2033524483,112.180299405
1326,128.88436997,153.002909003,10.440989325,12.0542492783,23.6117078132,27.5877492769,17.7770794158,33.7481189238,4.97436759362,6.29223632413,19.0855610152,34.8281426649,50.1773626103,54.7672236881,17.0954296736,19.9178118453,2.2482046168,3.51617361498,25.0314966938,30.0784785536,227.977281651,269.645318713,361.01350722,455.176347277,9.6095110391,9.30097940402,28.2678404644,34.1004091325,86.7955467259,111.69666274
1327,128.455424147,152.603583115,10.4353531262,12.0481240235,23.6083865095,27.5836438953,17.7770794158,33.7481189238,4.97436759362,6.29223632413,19.0855610152,34.8281426649,50.1694545673,54.7591195492,17.0868299364,19.913263401,2.24523000328,3.40898677997,29.9223335717,30.0784785536,227.370035273,269.21437474,360.297004108,454.242068154,9.27375030084,9.35568239803,27.6575123594,33.2484470808,86.0631718356,110.009747767
1328,128.140661775,152.28234928,10.3897855318,12.0019606195,23.5558595142,27.530062868,17.7770794158,33.7481189238,3.24641213723,2.36248736566,19.0855610152,34.8281426649,50.0611778427,54.6503741443,20.7961213461,23.630237483,2.24842990299,3.40898677997,30.2679872289,30.2390280042,248.871348072,289.858067463,363.205169497,457.163751089,13.0873623272,13.1046823067,29.7481921454,34.8878521457,100.10874527,123.570710148
1329,128.042780578,152.162760423,10.3877081962,12.0002012294,23.5534986623,27.5265880971,17.7770794158,33.7481189238,3.41804123375,2.10886692168,19.0855610152,34.8281426649,50.0560758857,54.6448480073,20.795671811,23.6170245372,2.24523000328,3.40898677997,33.2199665045,30.2390280042,246.091277695,286.183049956,362.523637484,456.170904756,12.9529622273,13.1512806893,29.4470833714,34.0785137397,99.3658318689,121.925984145
1330,134.684220362,160.210860891,14.1494334674,15.9788281811,27.8384262402,32.7822682322,18.9720917366,31.5578497066,7.70791213723,8.14239906443,18.2015395644,31.2134757457,59.0143947467,65.5761793177,22.9123526874,26.1570380529,2.98597921495,4.15661813177,41.1162686277,33.7564134602,249.894704415,281.794144312,348.375856544,444.546351362,19.2995905174,19.9972167676,37.9137606315,45.4544872772,120.792735684,146.176514389
1331,134.474116025,160.059199749,14.1517252887,15.9804283803,27.8365667622,32.7790985149,18.9720917366,31.5578497066,7.97577008879,7.59969987156,18.2015395644,31.2134757457,59.0110037288,65.5722964213,22.9123018085,26.1562268995,2.98738088213,4.15661813177,42.1593922089,33.7564134602,249.488126876,281.256487127,348.080973436,444.186326193,19.2754706202,20.0209649529,37.8736104182,45.2757230443,120.721755825,144.963250449
1332,135.218033054,152.113088739,14.1519724939,15.9804601088,27.835788007,32.7771012725,14.4246040574,22.6180804894,7.70791213723,8.28741270732,13.1961768937,22.6013088265,59.0099336653,65.5708780062,22.9131322203,26.1562391143,2.1140093842,2.4569416974,16.7876760881,19.0536960766,173.964912565,185.361503457,328.26231772,412.903593533,20.4854804736,21.1456947462,45.6575097574,57.3838556001,154.029527475,194.210557433
1333,116.13034908,133.058642839,14.1536843552,15.9820844845,27.834736879,32.7750475459,14.4246040574,22.6180804894,8.04751973757,7.6296964785,13.2106304935,22.6281954364,59.0085734993,65.569283859,22.9199119592,26.1566261336,2.1140093842,2.4569416974,16.7876760881,19.0536960766,173.964912444,185.361503336,328.185534483,412.812306844,20.4799941907,21.1541595025,45.8772784992,57.7313623399,154.186556413,195.087036079
1334,105.733212947,118.372082787,14.2313013083,16.0599366411,27.9497403919,32.8892908697,7.3287903758,9.4338607603,7.70791213723,8.32590560316,5.98564634105,7.74893270815,59.23938179,65.7998715039,19.2483827939,22.4906164256,2.1140093842,2.4569416974,16.7876760881,19.0536960766,161.742714832,173.139305531,324.766858073,409.391167237,19.9540718945,20.6817594052,46.4364310726,59.6915088226,152.043940917,197.517462384
1335,104.79525103,117.608970258,14.2316747348,16.0601121081,27.948855788,32.8878780768,7.3287903758,9.4338607603,8.09369193661,7.63791275997,5.98564634105,7.74893270815,59.2384568567,65.7987522593,19.2436880909,22.5013349298,2.1140093842,2.4569416974,16.7876760881,19.0536960766,161.742714426,173.139305329,324.910777762,409.573366061,19.9245374697,20.6893257751,46.571363839,59.9298049535,152.280013024,198.205713123
1336,99.0836214873,111.822949934,11.7268635711,13.5554034446,27.940540918,32.8792206596,7.3287903758,9.4338607603,7.70791213723,8.3423482537,5.98564634105,7.74893270815,59.22268889,65.7828023494,19.2376879177,22.480717351,2.1140093842,2.4569416974,16.7876760881,19.0536960766,161.742714642,173.139305543,268.984156098,342.477048055,19.6719568368,20.4764074222,49.9461565385,63.2803930615,158.232719726,204.677491021
1337,99.15440099,111.901766147,11.7241711912,13.5528453282,27.9408018631,32.8792781943,7.3287903758,9.4338607603,8.11148509597,7.6417365509,5.98564634105,7.74893270815,59.2240389584,65.7839814731,19.2376307966,22.4809070968,2.1140093842,2.4569416974,16.7876760881,19.0536960766,161.742714827,173.139305728,269.397040833,343.012004717,19.6388722093,20.4793043159,49.9809429838,63.3570829362,158.692871183,205.459619007
1338,74.7981512812,83.0938564601,11.6859221637,13.5146899452,27.8768729878,32.8156182025,7.3287903758,9.4338607603,7.70791213723,8.34766969129,5.98564634105,7.74893270815,59.1102119342,65.6704161777,19.1974481064,22.441113695,2.1140093842,2.4569416974,16.7876760881,19.0536960766,149.520988581,160.917579487,269.348311084,343.002457394,16.8517816535,17.7580797854,48.91679243,62.2335382482,153.846039983,200.586865433
1339,75.5726962294,83.6100159236,11.6858630337,13.51491582,27.8779660906,32.8155241113,7.3287903758,9.4338607603,8.12742378837,7.64540106263,5.98564634105,7.74893270815,59.1143886284,65.6725395336,19.1968319387,22.4404375928,2.1140093842,2.4569416974,16.7876760881,19.0536960766,149.520988363,160.917579266,269.708405129,343.461738,16.8373823938,17.7592323542,48.9824397307,62.3261258524,154.203488076,201.063416227
1340,57.2982878393,60.0988327993,11.630048657,13.4591517218,27.7937274937,32.731313705,7.3287903758,9.4338607603,7.70791213723,8.37190397011,5.98564634105,7.74893270815,58.9328945173,65.4911250036,19.1401246174,22.3837440972,2.1140093842,2.4569416974,16.7876760881,19.0536960766,137.297847273,148.694438166,265.144301617,327.673539101,13.1959176738,14.3247170804,36.7305972485,48.4763141211,127.381177944,168.768526978
1341,57.0063434895,60.2111710601,11.6299178181,13.4589775075,27.7937525445,32.7311871325,7.3287903758,9.4338607603,8.14075152106,7.64781069601,5.98564634105,7.74893270815,58.9337015518,65.4915093009,19.1392371767,22.3828889616,2.1140093842,2.4569416974,16.7876760881,19.0536960766,137.297847296,148.694438188,265.667064473,328.333298624,13.1659108458,14.3304196563,36.7316691058,48.4248002082,127.746073837,168.580126368
1342,73.4406715825,76.8329400817,12.4378686459,14.2671571378,28.1578148892,33.0956452125,7.3287903758,9.4338607603,7.70791213723,8.38955444191,5.98564634105,7.74893270815,59.3177671886,65.8759300756,19.5618394411,22.805798492,2.1140093842,2.4569416974,16.7876760881,19.0536960766,125.075649453,136.472240345,266.668967953,329.47203343,10.1067808886,11.4122511465,24.2068129964,31.5863600286,90.7820039798,117.911234658
1343,72.25920143,75.8480102441,11.9700476344,13.799466643,28.1175953602,33.0545397631,7.3287903758,9.4338607603,8.16212847242,7.65111386348,5.98564634105,7.74893270815,59.411680988,65.9685860186,19.4791543249,22.7231769374,2.1140093842,2.4569416974,16.7876760881,19.0536960766,125.075649486,136.472240377,267.196245186,330.068233924,10.0627641689,11.422280426,23.8512468475,31.0892255715,90.0820103395,115.387440417
1344,62.7829774766,66.6468315875,7.0976140638,8.18439245093,27.7936689958,32.7309844472,7.5534996038,9.6585699883,7.70791213723,8.39037314541,6.28484183022,8.04812819733,58.9347951931,65.4920690929,11.1802905972,13.9153855677,2.1140093842,2.4569416974,16.7876760881,19.0536960766,118.964314816,130.360905705,255.350260031,315.441604532,8.12795480557,9.59045516161,20.6249740879,26.3460339925,74.3261898555,85.322622379
1345,57.3938928145,61.5654498672,6.88392924855,7.96897276897,27.793302706,32.7305816497,7.5534996038,9.6585699883,8.16894120622,7.64972303092,6.28484183022,8.04812819733,58.9343133676,65.4914503394,11.1524606827,13.8855086983,2.1140093842,2.4569416974,16.7876760881,19.0536960766,118.964314768,130.360905658,254.77560648,314.721526641,8.0930955881,9.60493649035,20.3749784968,25.998552785,72.9842103127,84.8592055541
1346,55.7375072119,60.0332176733,4.8487520964,5.3088427157,27.792989679,32.7302339994,7.5534996038,9.6585699883,7.70791213723,8.40010500391,6.28484183022,8.04812819733,58.9338812317,65.4908520556,7.4268011667,8.01057694846,2.1140093842,2.4569416974,16.7876760881,19.0536960766,118.964314875,130.360905764,253.954730732,313.709324425,7.76986206551,9.33339317547,20.192279929,25.7630442248,71.9883444337,84.4035852115
1347,55.3364977584,59.7130625007,4.87161281463,5.31703149261,27.791695854,32.7289450007,7.5534996038,9.6585699883,8.17999130242,7.65285030089,6.28484183022,8.04812819733,58.9315020748,65.4883185869,7.45417058189,8.01402229927,2.1140093842,2.4569416974,16.7876760881,19.0536960766,118.964314858,130.360905746,253.259974938,312.860098663,7.76067094638,9.35472380646,20.0350078877,25.5547578666,71.3628109446,84.1425043489
1348,54.9174107649,59.4051252487,4.87160683824,5.31152053154,27.7898727645,32.7270717945,7.5534996038,9.6585699883,7.70791213723,8.44546656371,6.28484183022,8.04812819733,58.9279152202,65.4844954799,7.44847695072,8.00465866867,2.1140093842,2.4569416974,16.7876760881,19.0536960766,118.964314823,130.360905712,252.573917259,312.020219563,7.60561988618,9.23421899617,17.40909167,21.5399131884,62.0734495893,69.6869045404
1349,54.3539763941,59.1081900021,4.87557514176,5.3090230104,27.787438227,32.724529351,7.5534996038,9.6585699883,8.20170255653,7.66248247588,6.28484183022,8.04812819733,58.9229445909,65.4792469937,7.45375485044,8.00213262591,2.1140093842,2.4569416974,16.7876760881,19.0536960766,118.964314843,130.360905732,251.640071479,310.874076706,7.58737744306,9.28183059092,17.1891852296,21.3156492463,61.1405639567,69.0128490436
1350,53.8979222989,58.8728513743,4.87690331465,5.30568897699,27.7852879842,32.7222402141,7.5534996038,9.6585699883,7.70791213723,8.49875343149,6.28484183022,8.04812819733,58.9187827172,65.474752928,7.45500450976,7.99800290256,2.1140093842,2.4569416974,16.7876760881,19.0536960766,118.964314753,130.360905641,250.839451782,309.892919075,7.50816074692,9.23637914657,17.0996610356,21.1910441429,60.6894183064,68.5899265302
1351,53.4159479707,58.6112609803,4.87760054421,5.30250840851,27.782873155,32.7196727452,7.5534996038,9.6585699883,8.22805602724,7.6729692528,6.28484183022,8.04812819733,58.9138564248,65.4695158883,7.45596733278,7.99437787496,2.1140093842,2.4569416974,16.7876760881,19.0536960766,118.964314812,130.3609057,249.853428217,308.679575143,7.50004591618,9.27387865404,16.9940735622,21.0585817195,59.8331266001,67.5944428684
1352,56.4666652624,61.8427003955,4.95325819947,5.37472564484,27.8940162696,32.830609815,7.5534996038,9.6585699883,7.70791213723,8.56531602697,6.28484183022,8.04812819733,59.136072787,65.691360882,7.53184785868,8.06619111928,2.1140093842,2.4569416974,16.7876760881,19.0536960766,125.075413657,136.472004545,253.699551798,323.576924219,8.5312491755,10.3523400827,17.6893185744,21.7253355504,61.6202956107,70.0756978602
1353,56.1152516848,61.621682848,4.95171556284,5.37185325233,27.8923829629,32.8287693602,7.5534996038,9.6585699883,8.25408002968,7.68498769436,6.28484183022,8.04812819733,59.1330025184,65.6879253312,7.53060219266,8.06300460176,2.1140093842,2.4569416974,16.7876760881,19.0536960766,125.075413753,136.472004641,252.698820981,322.347772491,8.53326725197,10.3709448871,17.6547608894,21.6536221945,61.6411286013,70.4290183756
1354,55.4967729225,61.1411911857,6.97727244236,8.02209705928,27.8828883319,32.8190857813,7.5534996038,9.6585699883,7.70791213723,8.69669917475,6.28484183022,8.04812819733,59.1140108755,65.6686480769,11.2470181563,13.9548550261,2.1140093842,2.4569416974,16.7876760881,19.0536960766,137.29831934,148.694910231,251.591548423,321.003109395,10.8213797508,12.6502762662,19.6734920144,23.7390635355,67.4400199355,76.673583242
1355,55.1217967545,60.8778495781,6.93005562655,8.01867351986,27.8804963403,32.8164445666,7.5534996038,9.6585699883,8.28438645024,7.69570759388,6.28484183022,8.04812819733,59.1092644984,65.6635565635,11.1986230468,13.930277053,2.1140093842,2.4569416974,16.7876760881,19.0536960766,137.298319013,148.694909904,250.455423244,319.635027298,10.8309548591,12.667062027,19.6254067166,23.6625788183,67.1592527068,77.006380667
1356,70.0469278359,81.0618357354,14.172802319,16.0045117067,27.8852477675,32.8209417628,10.78927907,15.6885443485,7.70791213723,8.80017720984,9.47258427254,16.3032016669,59.1189080303,65.6728725237,19.1916753815,22.4401381983,2.1140093842,2.4569416974,16.7876760881,19.0536960766,161.74200714,173.138598028,286.104717631,366.259539752,13.5170230762,15.319484897,29.979480696,36.8882725868,102.93943317,120.122265072
1357,70.7637022504,80.7867834248,14.1800557529,16.0082985014,27.8857024182,32.8211626619,10.78927907,15.6885443485,8.30324490535,7.7010055965,9.45615346663,16.3350002782,59.1200597954,65.6737349246,19.1854914003,22.4395952836,2.1140093842,2.4569416974,16.7876760881,19.0536960766,161.742007151,173.138598038,285.163620136,365.065921392,13.5484735501,15.2857311408,30.117816512,37.0967543098,103.724977726,121.010993163
1358,71.1448409796,79.2469895784,12.8928352415,14.5035917198,23.5652832492,27.5281164796,8.68210405739,15.8685804894,3.24641213723,3.32900860143,9.33921399288,18.0012206115,50.0911513326,54.670503203,20.8118357537,23.6377382011,0.962509384202,1.0739416974,9.3856760881,10.1491960766,148.333204854,154.563295742,280.175227004,357.099261699,12.2380700695,13.4394259757,35.6955952685,38.0279870098,122.806447824,155.643160436
1359,71.1760610423,78.8496547304,12.8969237786,14.5080017758,23.5670290015,27.5310328381,8.68210405739,15.8685804894,3.84255744163,2.21800101295,9.28149383052,17.9110557011,50.0938154358,54.675254519,20.8060036401,23.6201144376,0.962509384202,1.0739416974,9.3856760881,10.1491960766,148.333205041,154.563295928,280.007352658,356.856883826,12.2703126553,13.3672765998,36.1939382801,38.6381624982,125.297893085,155.658431717
1360,97.4308519352,104.796680363,10.4012577339,12.0122531769,23.570807399,27.5350171052,15.5033355762,29.2782343152,3.24641213723,3.18786960666,16.6716673673,30.6155785337,50.1018260034,54.6834767974,20.8090643094,23.6462789903,0.962509384202,1.0739416974,9.3856760881,10.1491960766,148.333204775,154.563295661,319.653266783,399.223067379,11.2631809546,12.1783961681,50.3123424583,55.6028754149,143.693442983,174.576596845
1361,78.5261438478,85.674616712,10.4000683635,12.0114837696,23.58003394,27.5446051133,15.5033355762,29.2782343152,3.77290537266,2.19133880428,16.6796336942,30.5967318067,50.1178585854,54.7000441289,20.8136581839,23.6474587809,0.962509384202,1.0739416974,9.3856760881,10.1491960766,148.333205025,154.563295921,319.781570998,399.384079381,11.2376018838,12.1274953985,50.6357091133,56.7638492684,145.00210834,175.708626673
1362,78.5108893242,85.5510755667,10.4073383856,12.0183693079,23.585882346,27.5532896927,23.6994740226,46.2589358376,3.24641213723,3.02041568339,25.4143112347,46.549611087,50.129699154,54.7162041742,17.0741659703,19.892591906,0.962509384202,1.0739416974,9.3856760881,10.1491960766,129.999908126,136.229999012,315.991626396,395.607876482,10.0714229642,10.6384757687,42.4319266105,49.8913885888,118.419094037,148.006032552
1363,74.0649238297,81.1635089814,10.4087237491,12.019969365,23.5938094959,27.561620482,23.6994740226,46.2589358376,3.66906337982,2.16593715206,25.4143112347,46.549611087,50.1434042541,54.7298553771,17.0670972034,19.8883704154,0.962509384202,1.0739416974,9.3856760881,10.1491960766,129.999908233,136.22999912,315.933946211,395.545507873,10.1483522641,10.5938761984,42.6339305667,50.5202428706,118.713182429,149.314620422
1364,92.6929056307,106.182134953,12.9051665184,14.5165606111,23.5891675191,27.5601641172,23.6994740226,46.2589358376,3.24641213723,2.86425046052,25.4143112347,46.549611087,50.1398586295,54.7300511518,20.8210101287,23.6541422886,0.962509384202,1.0739416974,9.3856760881,10.1491960766,105.555512645,111.785603562,319.777495237,399.377403818,8.73006370652,9.0933278975,29.0155769868,35.5715855832,95.9996533903,122.5526816
1365,92.7773114065,106.205888733,12.914239673,14.5252040967,23.5912400267,27.5631929798,23.6994740226,46.2589358376,3.56995716781,2.14856491544,25.4143112347,46.549611087,50.1433997529,54.7334341358,20.8237877618,23.6588904324,0.962509384202,1.0739416974,9.3856760881,10.1491960766,105.55551251,111.785603395,320.084744636,399.68279049,8.88389593137,9.05133021959,29.1370537456,35.9647411937,96.0338510016,122.668307812
1366,102.694206802,115.940103479,13.6949635376,15.3067999169,23.9051620505,27.8783222103,23.6994740226,46.2589358376,3.24641213723,2.69246486021,25.4160674417,46.549611087,50.4216761679,55.0121766699,21.2157802324,24.0351049201,0.962509384202,1.0739416974,9.3856760881,10.1491960766,105.55598446,111.786075332,320.400455539,400.142340961,9.15408098701,9.07624345774,28.2332490309,34.4321256164,94.6618297614,120.417334535
1367,110.823387859,124.006474488,13.2402332504,14.8512223743,23.9504135349,27.9244736665,23.6994740226,46.2589358376,3.48705479647,2.14494100517,25.4143112347,46.549611087,50.6837197256,55.2735519796,21.138928336,23.9770406747,0.962509384202,1.0739416974,9.3856760881,10.1491960766,105.555984385,111.786075285,320.965710805,400.785263822,9.04516736087,9.06498761301,27.9472867987,34.1501182603,94.3102751325,119.676382155
1368,113.880660233,131.44011337,13.1690459776,14.7801643426,23.5838699532,27.5582982838,23.6994740226,46.2589358376,3.24641213723,2.55779493092,25.4549377862,46.549611087,50.1219642748,54.7110014215,20.8760425153,23.70265542,0.962509384202,1.0739416974,9.3856760881,10.1491960766,105.555984258,111.786075142,320.390329668,400.299239951,9.07672644584,8.96048368088,28.2753836901,34.2965772879,94.1180715527,119.655280981
1369,111.081465863,128.71951296,12.9204563782,14.5312475483,23.5843993527,27.5593899229,23.6994740226,46.2589358376,3.40894876995,2.13181078686,25.5033760875,46.549611087,50.1219600007,54.7104906341,20.818808833,23.6620247337,0.962509384202,1.0739416974,9.3856760881,10.1491960766,105.555984525,111.786075364,320.307935471,400.239332098,9.18507494021,8.97305289025,28.4633287025,34.4579759052,94.0336749004,119.766898266
1370,112.692521962,130.300992241,12.9366164423,14.5474382284,23.6040540338,27.5795692275,23.6994740226,46.2589358376,3.24641213723,2.4638758024,25.5283218475,46.549611087,50.1601458763,54.7484194219,17.0897856133,19.9131230355,0.962509384202,1.0739416974,9.3856760881,10.1491960766,123.167312365,111.786782929,316.556485517,396.506791544,9.03219141014,8.79550885758,28.5459383939,34.9438494049,84.805093755,108.677259881
1371,110.568580632,128.224536893,12.9353337524,14.5465029818,23.6038402428,27.5799459418,23.6994740226,46.2589358376,3.24641213723,2.10886692168,25.5028111764,46.549611087,50.1584508355,54.7467171021,17.0828631629,19.9082729961,0.962509384202,1.0739416974,9.3856760881,10.1491960766,105.556692032,111.786782843,316.359060173,396.288572168,8.98169336895,8.79088335639,28.4454795379,34.8044279611,84.4786207127,107.990094569
1372,108.829321155,126.459715296,10.4390415875,12.0503948183,23.6096936228,27.5863006388,23.6994740226,46.2589358376,3.24641213723,2.45057729889,25.4937390889,46.549611087,50.168339084,54.7566778954,17.0859544837,19.9117343732,0.962509384202,1.0739416974,9.3856760881,10.1491960766,105.555984249,111.78607517,316.11236318,395.9843203,8.88875163508,8.707633172,28.3754193268,34.6405477437,84.2423254627,107.430837818
1373,108.531702035,126.159598915,10.429267752,12.0412909924,23.60857898,27.5854824653,23.6994740226,46.2589358376,3.39969284168,2.13408771227,25.4346864345,46.549611087,50.1646685,54.753076856,17.0808425897,19.9079631353,0.962509384202,1.0739416974,9.3856760881,10.1491960766,105.555984503,111.786075407,315.686839344,395.368468552,8.71907514279,8.64691586055,28.043958931,34.0551243865,83.5908771187,105.993349643
1374,106.402388092,124.025984478,10.4207616624,12.0338457212,23.6013783845,27.5782330923,23.6994740226,46.2589358376,3.24641213723,2.53228988202,25.4737366297,46.549611087,50.149020952,54.7373540309,17.0728364532,19.8990573696,0.962509384202,1.0739416974,9.3856760881,10.1491960766,105.555512497,111.78560338,315.34693566,394.945249498,9.50734687861,9.33887938916,28.0085464048,33.7806039505,83.4237166421,105.640960639
1375,106.04214062,123.661809638,10.4170063928,12.0290532677,23.5983226142,27.5747955551,23.6994740226,46.2589358376,3.24641213723,2.13980579745,25.4552781551,46.549611087,50.1416896296,54.7299407258,17.0709734005,19.8955974635,0.962509384202,1.0739416974,9.3856760881,10.1491960766,105.555512751,111.785603633,315.045582475,394.567489965,9.48241204398,9.35396917579,27.9265929881,33.6230196866,82.6764806728,104.371453112
1376,105.889729699,123.508865383,10.3722824845,11.9848173316,23.546968215,27.5226909635,23.6994740226,46.2589358376,3.5106055598,2.6890361582,25.4143112347,46.549611087,50.0356991736,54.6236675468,20.779160911,23.6156409775,0.962509384202,1.0739416974,9.3856760881,10.1491960766,129.999908084,136.229998966,302.089803809,381.45360909,12.992376934,13.1271043721,29.5239583285,34.7252606419,96.0453337306,116.53821832
1377,105.977490576,123.598647397,10.3716959087,11.9840245036,23.5464405723,27.5211515657,23.6994740226,46.2589358376,3.24641213723,2.17073961025,25.4143112347,46.549611087,50.0342353369,54.6217457139,20.784734678,23.6035641143,0.962509384202,1.0739416974,9.3856760881,10.1491960766,129.999908236,136.229999118,302.068675738,381.425988479,12.9669133344,13.1589524134,29.4191758305,34.0288305388,95.6637999939,115.41492329
1378,98.6368381678,113.342704066,14.1369248797,15.965428057,27.8333041548,32.778890733,29.4419740226,53.0084358376,8.03957293784,8.28809248252,29.5473112347,51.547111087,58.9963383134,65.5570181073,22.9024626697,26.1561853878,2.1140093842,2.4569416974,16.7876760881,19.0536960766,173.964204847,185.36079573,286.534524601,365.778013051,19.3406642067,19.9960718635,37.9124152798,45.435185342,117.291564893,140.588506234
1379,98.8370483628,113.818544471,14.1410505279,15.9689839696,27.8326512679,32.7768957172,29.4419740226,53.0084358376,7.70791213723,7.66370925038,29.5473112347,51.547111087,58.9951656175,65.5554496624,22.9040084549,26.1461926863,2.1140093842,2.4569416974,16.7876760881,19.0536960766,173.964204994,185.360795831,286.430706473,365.659909241,19.2958917532,20.0229240497,37.835663876,45.2052143216,117.275463912,140.026257195
1380,110.548432556,121.167443901,14.1419581026,15.9701173463,27.8326524457,32.7754982713,23.5195794158,40.4976189238,8.12343534966,8.3850525334,23.2185610152,39.8256426649,58.9956850338,65.5556677898,22.9055070443,26.1481973872,2.1140093842,2.4569416974,16.7876760881,19.0536960766,173.964204993,185.360795877,271.336922362,339.18740791,20.5083867937,21.1459788899,45.5667685949,57.2235819907,148.593486465,185.558433256
1381,91.5816349478,102.223375031,14.1438322343,15.9714776195,27.8310411239,32.7725508912,23.5195794158,40.4976189238,7.70791213723,7.67353109399,23.2273243095,39.8256426649,58.9930897055,65.5528454746,22.9064257837,26.1477244959,2.1140093842,2.4569416974,16.7876760881,19.0536960766,173.964204884,185.360795769,271.237005977,339.095687506,20.4939558243,21.1678076014,45.7617277046,57.4909722957,148.579418907,186.124447394
1382,95.0100082078,105.669707051,14.2204728164,16.0485471449,27.9456261316,32.8858709999,23.5195794158,40.4976189238,8.2100480431,8.46934056678,23.2560986235,39.8442139745,59.2231431832,65.7826315181,19.2388482453,22.4806587556,2.1140093842,2.4569416974,16.7876760881,19.0536960766,161.742007122,173.138598006,267.782238924,335.590400248,19.9640488364,20.7056054338,46.3384697966,59.4239047405,150.885664192,195.001263595
1383,91.0105782774,101.90000912,14.2196072742,16.0473293342,27.9437085114,32.882878017,23.5195794158,40.4976189238,7.70791213723,7.67912503494,23.268061248,39.8701020183,59.220309783,65.7795645742,19.2305812017,22.4733364018,2.1140093842,2.4569416974,16.7876760881,19.0536960766,161.742007049,173.138597933,267.729365295,335.555554572,19.9396591353,20.7244492385,46.4541277299,59.6319965894,151.01552041,195.715890057
1384,87.7113848732,98.4762495144,11.7143567085,13.5422150883,27.9355030298,32.8737550636,21.2458355762,36.0277343152,8.25409895201,8.5920737491,20.7706397143,35.5887364627,59.2050535249,65.7640418732,19.2246855861,22.4668086076,2.1140093842,2.4569416974,16.7876760881,19.0536960766,161.742007127,173.138598011,252.007909643,319.824612259,19.6782674439,20.5190462036,49.8206119403,62.960585898,161.621256091,208.755253211
1385,87.6311335185,98.4043442823,11.7096818963,13.5376466783,27.9335978786,32.8711674762,21.2458355762,36.0277343152,7.70791213723,7.68094224775,20.7826953823,35.6098123568,59.2024102512,65.7611844969,19.2229391355,22.4653603777,2.1140093842,2.4569416974,16.7876760881,19.0536960766,161.742007086,173.13859797,251.833272965,319.627432102,19.6324276025,20.5373202317,49.8183769119,63.0289915216,161.597267329,209.051611302
1386,78.0950785055,88.724880908,11.670649827,13.4989945184,27.8693992818,32.8068742667,11.1888245912,16.5881061292,8.27968374941,8.67488934537,10.3468034075,14.8064488759,59.0887862035,65.6477405462,19.1838260557,22.4263063781,2.1140093842,2.4569416974,16.7876760881,19.0536960766,149.520516785,160.917107669,251.565744007,319.339838075,16.8413812423,17.825565684,48.6055182656,61.7575145635,147.399338796,191.272662789
1387,78.5894321559,89.1170285341,11.6688862922,13.4972437935,27.8684844053,32.8044040619,11.1888245912,16.5881061292,7.70791213723,7.68502670348,10.3468034075,14.8064488759,59.08936723,65.6457564698,19.1812910385,22.4238639449,2.1140093842,2.4569416974,16.7876760881,19.0536960766,149.520517221,160.917108104,251.344983227,319.081321215,16.8071012756,17.841259004,48.6062210557,61.7661913067,147.370000911,191.332134026
1388,53.1597529135,56.2721888042,11.6126513699,13.4409848477,27.7846187237,32.7202920546,7.5534996038,9.6585699883,8.29023694294,8.72156723948,6.28484183022,8.04812819733,58.9091500848,65.4655041928,19.1242681402,22.3670439426,2.1140093842,2.4569416974,16.7876760881,19.0536960766,137.29761162,148.694202503,246.201205414,302.570239911,13.1829534915,14.4124582074,36.4236719313,48.0151627807,119.993666374,158.808469388
1389,53.6481040926,57.115720276,11.610554068,13.4389332185,27.7830847155,32.7184664639,7.5534996038,9.6585699883,7.70791213723,7.68776086784,6.28484183022,8.04812819733,58.9072394428,65.4632078669,19.1212867975,22.3640380343,2.1140093842,2.4569416974,16.7876760881,19.0536960766,137.297611527,148.694202411,245.960782119,302.295998482,13.1364556009,14.4318120381,36.356880777,47.886299216,120.249311846,158.850151597
1390,70.6771511823,74.5683248212,12.4255337882,14.2540907388,28.1548922851,33.0906795103,7.5534996038,9.6585699883,8.30414991095,8.76823146281,6.28484183022,8.04812819733,59.3083098728,65.8645867101,19.5514941242,22.7944962315,2.1140093842,2.4569416974,16.7876760881,19.0536960766,125.075413753,136.472004637,246.28816038,302.596222984,10.0838293437,11.5245101832,23.9290052509,31.1906889266,87.2573121889,113.217425819
1391,68.3867843708,72.3036151421,11.9382507102,13.7669425608,28.0950210431,33.0297596978,7.5534996038,9.6585699883,7.70791213723,7.69411390777,6.28484183022,8.04812819733,59.3668716644,65.9216216311,19.4498533609,22.6928719318,2.1140093842,2.4569416974,16.7876760881,19.0536960766,125.075413671,136.472004555,246.34197652,302.628101457,10.0418131634,11.5492191666,23.5648516753,30.664931513,86.0619412267,111.048333272
1392,59.4330374597,63.5238487719,7.06766593474,8.15376868526,27.7787756776,32.7139187758,7.5534996038,9.6585699883,8.32398068636,8.82108753166,6.28484183022,8.04812819733,58.9014632779,65.4564423079,11.1596326224,13.8933520117,2.3890120654,2.7319443786,19.4680920998,21.7341120883,143.884914278,155.281505162,245.442940628,304.484265615,8.08771084054,9.76288265919,19.5418384218,24.7550606398,64.1742022966,74.0100625684
1393,54.1658046165,58.8899913151,6.85741451732,7.9447269614,27.7771432731,32.7122034641,7.5534996038,9.6585699883,7.70791213723,7.70077242906,6.28484183022,8.04812819733,58.8989134168,65.4535815759,11.1305969037,13.8615102347,2.3890120654,2.7319443786,19.4680920998,21.7341120883,143.884914319,155.281505203,245.274262751,304.282563824,8.07196337182,9.79809389905,19.2855455157,24.4287587764,63.2094639993,73.7938905615
1394,52.4005469269,57.4006664026,4.82190230653,5.28533188605,27.7759614213,32.710821242,7.5534996038,9.6585699883,8.34640282193,8.88859650576,6.28484183022,8.04812819733,58.8968624804,65.4508044119,7.40432316483,7.98607583705,2.3890120654,2.7319443786,19.4680920998,21.7341120883,143.88491429,155.281505174,245.008574721,303.973615769,7.75708598554,9.55704984102,18.2346572874,22.909729063,58.6204501567,68.4406535059
1395,51.8632654001,57.1660225641,4.84761301603,5.29032862077,27.772893226,32.7076176274,7.5534996038,9.6585699883,7.70791213723,7.7121364945,6.28484183022,8.04812819733,58.8911054747,65.4450871286,7.43104390388,7.9860428095,2.3890120654,2.7319443786,19.4680920998,21.7341120883,143.884914339,155.281505223,244.656107493,303.558823616,7.74697715778,9.60789989004,18.0452078163,22.6988067652,57.4435688198,68.260408359
1396,51.33449357,56.9183649904,4.84690893942,5.28421072788,27.7694210466,32.7039114706,7.5534996038,9.6585699883,8.38085085725,9.02624066911,6.28484183022,8.04812819733,58.8844902164,65.4380284227,7.42568478342,7.97733527263,2.3890120654,2.7319443786,19.4680920998,21.7341120883,143.884914316,155.2815052,244.082687374,302.882853822,7.58879537097,9.52156807104,16.946856234,21.0000313349,53.4833770879,62.3847584932
1397,50.8928394925,56.7123164328,4.8513537869,5.28081392147,27.7665519448,32.7007183537,7.5534996038,9.6585699883,7.70791213723,7.72820143138,6.28484183022,8.04812819733,58.8790882184,65.4321218692,7.43061447558,7.97312278237,2.3890120654,2.7319443786,19.4680920998,21.7341120883,143.884914373,155.281505257,243.546497288,302.24070861,7.58673754931,9.57154981967,16.8429449133,20.8248213245,53.4961600929,62.3622969652
1398,50.4491278876,56.4788810282,4.85190425845,5.27650913461,27.7630152167,32.6968783371,7.5534996038,9.6585699883,8.38761862162,9.14720699129,6.28484183022,8.04812819733,58.8722961164,65.424888906,7.43093554899,7.96800629767,2.3890120654,2.7319443786,19.4680920998,21.7341120883,143.884914354,155.281505238,242.823063696,301.381151145,7.5185996023,9.55687117797,16.7474878789,20.6852108149,53.4903156718,62.3115611539
1399,50.1353573556,56.3334379382,4.85345333687,5.27333952105,27.7608607014,32.6943697812,7.5534996038,9.6585699883,7.70791213723,7.74084178721,6.28484183022,8.04812819733,58.8684113788,65.4204732122,7.43259377252,7.96423960972,2.3890120654,2.7319443786,19.4680920998,21.7341120883,143.884914417,155.281505302,242.20534587,300.637954662,7.52400104583,9.58716119884,16.6902183269,20.5948469369,53.525930432,66.0586756273
1400,53.1187341527,59.4644728019,4.92578279397,5.34219728158,27.8665214446,32.7997550265,7.5534996038,9.6585699883,8.44909258014,9.27410387544,6.28484183022,8.04812819733,59.0799667154,65.6316296108,7.50504258268,8.03262075057,2.3890120654,2.7319443786,19.4680920998,21.7341120883,149.996013304,161.392604188,286.878067047,367.668218827,8.56823839796,10.6649899685,17.4021511618,21.2872275558,56.7886801248,71.950507019
1401,52.8442543187,59.3180647789,4.92576187801,5.33914683748,27.8638279514,32.7968040194,7.5534996038,9.6585699883,7.70791213723,7.75130876834,6.28484183022,8.04812819733,59.0749706324,65.6261728839,7.50518517439,8.02918009707,2.3890120654,3.60611067532,19.4680920998,21.7341120883,149.996013315,161.392604198,286.68764208,367.447269765,8.57288655407,10.6993540369,17.334909484,21.2107059785,56.9344194682,72.80552788
1402,52.316932262,58.8966159892,6.95255961567,7.98867354349,27.8534702331,32.7862569942,7.5534996038,9.6585699883,8.49289059391,9.3993961936,6.28484183022,8.04812819733,59.0545525074,65.605354148,11.223377582,13.9215830384,2.526513406,3.36452724153,20.8083001057,23.8378400826,174.679100844,192.305782611,287.26510198,368.060146523,10.852087449,12.9919034791,21.1386201379,26.0795300384,70.7671842504,89.8517117334
1403,52.1205266713,58.7562474579,6.90410051775,7.9927930039,27.8517683685,32.7842921125,7.5534996038,9.6585699883,7.70791213723,7.76310228388,6.28484183022,8.04812819733,59.0514771604,65.6017841977,11.1716917054,13.9023250133,2.526513406,3.84230341857,20.8083001057,23.8378400826,174.679100383,192.305782151,287.167266564,367.919261732,10.8586372112,13.0016073676,21.1714741815,26.0925167804,71.3639301657,82.830966805
1404,73.1320511963,87.1440390086,14.1466655571,15.9783860303,32.8894618385,38.9718116863,10.78927907,15.6885443485,9.43586759362,11.7712363241,9.54349746841,16.4141474828,97.410718987,119.247961692,19.1633679946,22.4083011014,3.39673000328,4.68055446677,61.2599788296,37.5772607629,213.141297125,234.347536006,401.622031126,510.346344553,13.5283145727,15.6800020466,37.0144304393,43.901960112,120.970209836,140.159801451
1405,73.471986631,85.461159932,14.1489942547,15.9807431835,32.8454992986,38.9164470588,10.78927907,15.6885443485,9.43586759362,11.7712363241,9.52189063195,16.467013559,97.2818937808,119.037093291,19.1580479581,22.4077276391,3.39673000328,4.68055446677,60.8381988192,37.5772607629,213.050616176,234.103604356,401.607022365,510.306747158,13.5422361165,15.6666648015,37.228529406,44.118121982,122.1011472,142.176714503
1406,73.1402984541,83.1999198099,12.8612132397,14.4757712418,60.7801439529,81.8672117373,8.68210405739,15.8685804894,15.2194038444,13.1246369282,9.39625741619,18.1043791776,176.948112384,215.131549704,20.7819627233,23.6046793303,2.79523536568,4.29328908197,58.8559233933,42.7069035095,249.440136285,290.187374808,455.605625841,578.331668839,12.3333607642,13.9192744272,43.8826976744,47.2677010532,143.021928668,173.23960612
1407,73.2113269579,82.8359179778,12.8625325536,14.4770401592,60.7408679326,81.8096800812,8.68210405739,15.8685804894,15.2194038444,13.1246369282,9.3227551133,17.9761484814,176.915468775,215.064792254,20.7892334936,23.6118497602,2.79523536568,4.29328908197,54.6639905478,42.7069035095,249.371097082,290.085504101,455.588333166,578.287602647,12.3586125439,13.8533030901,44.4673329373,47.9823029153,144.659324965,170.483597324
1408,120.181463946,135.97401426,10.3651833489,11.9781449855,83.2860656536,104.306813637,15.5033355762,29.2782343152,24.9586402561,19.4512376933,16.8349848058,30.840619014,222.983859194,261.062255196,20.7857505231,23.5960149736,5.82260864185,8.65550633357,79.6021839443,86.8275406729,523.371724551,638.807890759,476.181360272,598.878539285,11.9722749964,13.9552341641,36.9516813188,41.0381109022,122.37831352,141.500977114
1409,100.946390317,116.534518884,10.3656160486,11.9798502538,83.2883693684,104.285390406,15.5033355762,29.2782343152,24.9586402561,19.4512376933,16.7141525445,30.6616047064,222.985992823,260.916514073,20.786791619,23.6199640673,5.83262318033,8.65550633357,72.9109078901,86.8650267698,523.279918903,638.684170622,476.261926638,598.953610998,12.0257174316,13.7823529781,37.4815539122,42.1123525302,122.563504944,142.824566972
1410,124.576231796,148.76837408,10.3755742655,11.9894190659,83.2916481364,104.297137278,23.6994740226,46.2589358376,30.9456646915,23.1631716976,25.5437031062,46.6459179878,223.016474033,260.950852055,17.0514997433,19.8787473231,5.82532470086,8.66329409234,69.0753262225,82.686366567,504.95010319,620.343348138,493.297060412,616.027471483,10.5805841959,12.3141834292,34.7567130012,40.5680824114,108.761075491,129.836138153
1411,125.654815468,149.788309741,10.383024219,11.9956896491,83.2864100387,104.289522633,23.6994740226,46.2589358376,30.9456646915,23.1631716976,25.4143112347,46.549611087,222.999749713,260.932139093,17.0524019086,19.8701956078,5.829485332,8.70172787526,62.4296356936,82.7816466589,504.88907911,620.244560607,493.766580352,616.585707639,10.7823618864,12.1022828714,35.5912365236,41.899713039,109.749156561,140.51554173
1412,122.835468205,147.052417322,12.886369313,14.496667431,85.5722052248,106.467226813,23.6994740226,46.2589358376,30.9456646915,23.1631716976,25.4143112347,46.549611087,226.894228652,263.938544828,20.8009277317,23.6404577484,5.82447053139,8.75174748428,59.8771392085,81.8921481307,513.982174355,637.446810537,498.021188007,620.941054353,9.55601391777,10.519758128,26.4802026693,31.7027056161,88.4449886458,115.160294744
1413,122.130493959,146.248031034,12.9004008262,14.5105073209,86.7162477132,108.314925237,23.6994740226,46.2589358376,30.9456646915,23.1631716976,25.4143112347,46.549611087,229.438826353,263.96830003,20.811446941,23.6274600876,5.8819937536,8.81444507212,60.3179017367,81.9230163978,521.111725371,646.974125347,498.43314524,621.501448922,9.78776933006,10.4616647379,26.8406642204,32.6410481132,90.4485355656,116.332953521
1414,132.3926977,156.36860231,13.6893423848,15.2999745496,88.3056519438,110.48024723,23.6994740226,46.2589358376,30.9456646915,23.1631716976,25.4360724564,46.549611087,232.196411056,268.627631739,21.21380194,24.0540534375,5.94008173211,8.96949253377,62.1974116092,82.8739756223,527.826415277,655.881612228,499.256891375,622.555197246,10.0764290264,10.4743409425,27.1978423317,33.336128924,92.3315124611,117.670927808
1415,141.380083649,165.428826341,13.2337821262,14.8441217973,89.286566466,111.753178024,23.6994740226,46.2589358376,30.9456646915,23.1631716976,25.5017415142,46.549611087,234.344589317,274.77469455,21.1372463739,23.9641420619,5.95191576327,9.03085579828,62.5984575912,82.8553404701,532.40431376,661.934876569,500.818992978,624.495964731,10.1468061536,10.5022780848,27.293440647,33.5922974034,92.3624788563,117.239608758
1416,130.799307359,154.807942203,13.1680481787,14.7788666704,89.9990857578,112.966879729,23.6994740226,46.2589358376,27.6992525542,21.0543047759,25.5928972379,46.549611087,235.529956225,286.22880728,20.8852641139,23.7130576355,5.68885667719,8.81225204326,63.9791842672,82.5170217503,511.977079583,643.096939332,480.506939101,604.480782803,10.180635558,10.3983798188,27.7858487738,34.135360106,92.2425867628,117.40483743
1417,127.956064585,152.025426864,12.9217635977,14.5325074714,90.4628400799,113.653284164,23.6994740226,46.2589358376,27.6992525542,21.0543047759,25.6033481657,46.549611087,236.395613735,290.414061723,20.8318901373,23.6486881493,5.6971317048,8.86818348103,63.7171249768,82.5199783613,513.983206663,645.870293759,481.307162683,605.65760588,10.2586379331,10.459224348,27.9592380707,34.2963982371,91.8317855153,117.22070281
1418,129.438006909,153.465563666,12.9401681351,14.5510042983,88.4415159465,111.654737452,23.6994740226,46.2589358376,30.9456646915,23.1631716976,25.4904564203,46.549611087,233.931180489,272.433509178,17.0994428569,19.9218544357,5.91514178299,9.16580478945,63.7944806012,83.685697794,540.401699919,672.499628424,498.614171228,623.161019172,9.83683199242,10.1901235926,27.3751904783,33.6160788873,85.9506282139,109.909777699
1419,127.285802259,151.331176596,12.938949046,14.5511532357,88.5154938934,111.520105629,23.6994740226,46.2589358376,30.9456646915,23.1631716976,25.5354671275,46.549611087,233.828383853,275.749951209,17.0899688558,19.9172310229,5.94639496998,9.24246664919,62.6355827136,83.7143040794,540.010114249,671.858739287,498.980253355,623.740070725,9.96955121458,10.1885585137,27.633641327,33.5933904387,85.4649406754,109.204793725
1420,125.549188013,149.558643811,10.4436643352,12.0552433058,88.6939799283,111.673423734,23.6994740226,46.2589358376,30.9456646915,23.1631716976,25.5533880241,46.549611087,233.748214416,278.466171516,17.0947147568,19.9199682399,5.95631132163,9.30679006475,60.5327586842,81.9336449908,539.583849736,671.220684064,499.360867123,624.338813911,9.97423889756,10.1293414286,27.7519421216,33.6448088413,85.2706835948,109.025010144
1421,125.25158711,149.256338809,10.4331181363,12.0457228765,88.6169737904,111.414542294,23.6994740226,46.2589358376,30.9456646915,23.1631716976,25.5722549559,46.549611087,233.090656675,280.70730188,17.0909015845,19.9125979122,5.98204129863,9.38339444257,60.3810272249,81.8999484928,537.702126419,668.701784587,499.40414046,624.519214208,10.0333302967,10.1682672928,27.8723728599,33.8030699495,84.9775106808,108.727066976
1422,123.049971287,147.043306618,10.4249364855,12.0376923111,87.0871349336,109.602201257,23.6994740226,46.2589358376,30.9456646915,23.1631716976,25.5598169701,46.549611087,228.147290031,273.921642368,17.0768367284,19.9042820423,5.9845445376,9.38551950987,60.1273922506,81.8589481743,535.220032945,665.216477036,499.344780285,624.446114174,10.6848633647,10.8451286399,27.681004701,33.4986217496,84.5231658579,108.060368294
1423,122.728142849,146.702081135,10.4180382044,12.0306683762,86.0525238456,108.262042696,23.6994740226,46.2589358376,30.9456646915,23.1631716976,25.4608773025,46.549611087,226.293277745,261.029176935,17.0723791028,19.8985835639,5.90455742142,9.2114167143,59.8758974158,81.8045477999,531.159629081,659.772875976,499.027414576,623.933626699,10.3625102498,10.7121239602,27.1106458854,32.6364701022,83.1818369819,105.312778549
1424,122.537447963,146.502507679,10.3724420955,11.9861929731,85.0363845718,107.283308054,23.6994740226,46.2589358376,30.9456646915,23.1631716976,25.4410014526,46.549611087,222.237332366,254.640540561,20.780982053,23.6144506454,5.92109091115,9.16614199235,61.1769833627,83.2022377673,551.790518002,679.216450076,502.193037085,626.890301519,14.1857309126,14.4238316311,29.4064101823,34.4362513165,96.9619135131,119.422272768
1425,122.342968114,146.319431641,10.3703476387,11.982083568,84.3673294033,106.309059095,23.6994740226,46.2589358376,30.9456646915,23.1631716976,25.4143112347,46.549611087,220.766709928,254.535173228,20.7830176147,23.6023958662,5.85822219387,9.01022975611,61.0360394862,83.1674898755,548.05709907,674.329840814,501.988750971,626.494062127,13.9629731124,14.4468045017,28.9607883088,33.3928639417,95.5082945728,116.411033352
1426,129.068008773,154.466647005,14.1315925852,15.9606099561,66.4999073025,89.1785355475,29.4419740226,53.0084358376,14.7065362507,12.6666593662,29.5473112347,51.547111087,188.711177419,225.569507539,22.8983247998,26.1422399316,4.77174340928,6.94702637837,66.2243681817,83.4977266759,513.661925817,619.202651647,509.629828342,636.654280288,19.4201794329,20.1007176783,39.3080553246,46.4770793186,120.01848847,144.110582946
1427,128.948942247,154.383957346,14.1351748762,15.9616525241,65.9417181277,88.3633518927,29.4419740226,53.0084358376,14.8358442141,12.3114006041,29.5473112347,51.547111087,187.682443974,225.569916798,22.8992946279,26.1405965768,4.77926443474,6.95928661531,67.3629518733,83.5137264521,510.927048094,615.624847935,509.538900605,636.415404089,19.374890786,20.1500022289,39.2686164267,46.1974338669,119.408496776,142.804466112
1428,137.045007531,155.967649289,14.1334451365,15.9610282356,65.5616378551,87.8113378494,23.5195794158,40.4976189238,7.70791213723,8.42318883497,23.2185610152,39.8256426649,186.982091694,225.572741922,22.8991286752,26.14056639,3.94673536568,5.67628908197,52.0341241933,61.6945101476,409.41511357,488.626583713,374.655025476,472.784016062,20.460983077,21.1968887007,42.7971668318,52.5719554799,146.060968898,181.654823001
1429,117.963517971,136.901109052,14.1317687995,15.959422956,65.1600081009,87.071632183,23.5195794158,40.4976189238,8.00636403177,7.62101793489,23.2252214654,39.8256426649,186.307180557,225.572788065,22.9023248246,26.1397921446,3.94813984721,5.67628908197,53.4059926519,61.7342232239,407.635875377,486.293402646,374.381429663,472.441622546,20.4005059971,21.2312875182,42.9602419636,52.7526317732,146.327894876,182.619349512
1430,121.248200022,140.195555202,14.2050834257,16.032934548,64.9938789313,87.0084059218,23.5195794158,40.4976189238,7.70791213723,8.63471559648,23.2605841143,39.8532437022,185.855925368,225.784818278,19.2290152178,22.470116594,3.94673536568,5.67628908197,52.6799278645,60.4101145432,394.6218218,473.03263097,370.801739028,468.811903063,19.8562325555,20.7794334399,44.5346642637,56.2929406671,149.99414111,193.971145251
1431,121.017985932,139.996894649,14.2032298469,16.0309203756,64.9963052947,87.011902644,23.5195794158,40.4976189238,8.11891817446,7.65098262058,23.2819025444,39.8887499863,185.856284053,225.786414227,19.2203564043,22.4621726519,3.94673536568,5.67628908197,53.4210846685,60.4101145432,394.633930985,473.046881104,370.638138874,468.610042873,19.8000563675,20.8071647877,44.5403873545,56.3663170334,149.109928321,193.138885448
1432,108.02921228,125.012587636,11.6958078673,13.5235517571,64.9928530495,87.008144496,21.2458355762,36.0277343152,7.70791213723,8.78675040004,20.7960373469,35.6182479259,185.844567661,225.798576704,19.2118061604,22.4535530186,3.67173268448,5.17842177437,48.1468353632,49.3147865542,287.558890051,353.380560113,303.423819039,384.639502742,19.5007815216,20.6239250316,49.3308717203,62.0469280958,162.084230835,209.16962471
1433,107.716756286,124.61284477,11.6903523758,13.5183735952,64.9959163271,87.0119170199,21.2458355762,36.0277343152,8.20144774933,7.67103898367,20.8118319271,35.6434577848,185.84739442,225.820277693,19.2101782734,22.4519651387,3.67173268448,5.17842177437,49.1038566723,49.3147865542,319.936430071,373.438237217,303.400972907,384.605679793,19.4553222024,20.6461116932,49.3279496114,62.1084604201,162.453549414,209.489159591
1434,77.2368513652,87.5568720917,11.6531516182,13.4812628997,27.8229742982,32.7620421539,11.1888245912,16.5881061292,7.70791213723,8.9101042356,10.3468034075,14.8064488759,58.9867072484,65.5528211652,19.1720202059,22.4133712275,3.67173268448,5.17842177437,49.182936403,48.672588752,275.367359714,321.157675515,283.617855375,364.817865552,16.6646265987,17.9457721264,46.5825002329,58.2739936889,150.990738446,193.495477194
1435,77.9959936813,88.2516187623,11.6522331352,13.4802403389,27.8353510075,32.7723822461,11.1888245912,16.5881061292,8.25886246544,7.68606469863,10.3468034075,14.8064488759,59.0140772297,65.5752050937,19.1694998958,22.4120388131,3.67173268448,5.17842177437,49.1267240807,48.672588752,275.369461313,321.162524151,283.566627497,364.754955901,16.6412238476,17.9584578713,46.6830160769,58.3625107879,152.114244357,195.652809502
1436,53.9125657146,56.7742443066,11.5982621937,13.4263478713,27.7643539816,32.706919927,7.5534996038,9.6585699883,7.70791213723,8.96399897219,6.28484183022,8.04812819733,58.8733584977,65.4395405073,19.1150659449,22.357185447,2.526513406,2.9808780324,20.8083001057,23.8378400826,174.678392777,192.30507454,249.555951874,308.214249953,13.0499245517,14.5437393131,33.3544717766,42.8297552742,118.030193581,152.846291393
1437,54.4968420759,57.6233258749,11.596529456,13.4248122809,27.7692012748,32.7093605302,7.5534996038,9.6585699883,8.28460372229,7.69372388415,6.28484183022,8.04812819733,58.8847336665,65.4485630653,19.113020972,22.3549808628,2.526513406,2.9808780324,20.8083001057,23.8378400826,174.678392596,192.305074356,249.43212883,308.068150015,13.0221180312,14.5609137129,33.1429624004,42.5302094452,117.447554989,152.00625644
1438,71.7995268645,75.5640176423,12.4219515291,14.2504760701,28.1559185311,33.0944276832,7.5534996038,9.6585699883,7.70791213723,9.00008653026,6.28484183022,8.04812819733,59.3156704076,65.8767264033,19.5531098037,22.7954629544,2.3890120654,2.7319443786,19.4680920998,21.7341120883,149.996013139,161.392604015,249.401633261,307.972112382,9.96060389771,11.689355937,22.164371387,28.2928989126,82.7250146247,103.14058338
1439,68.6362597723,72.3702384973,11.9145386599,13.74312508,28.1040632665,33.0379871325,7.5534996038,9.6585699883,8.30906458381,7.70262826505,6.28484183022,8.04812819733,59.3910303696,65.9459735456,19.4316578501,22.673931104,2.3890120654,2.7319443786,19.4680920998,21.7341120883,149.996013175,161.392604053,249.314724171,307.840968287,9.93323268735,11.7276798375,21.8134188393,27.8537328437,81.6841450478,101.407286776
1440,58.9593735384,62.7798630603,7.04908316329,8.1358732153,27.7770681101,32.7095277955,7.5534996038,9.6585699883,7.70791213723,9.03856952359,6.28484183022,8.04812819733,58.8991080963,65.4502270237,11.1513386471,13.8847477987,2.3890120654,2.7319443786,19.4680920998,21.7341120883,143.884914336,155.281505214,242.915255395,301.413930313,8.04499209464,9.92918772366,19.0123847119,24.0352615202,62.6994074082,75.0210332724
1441,53.8733336836,58.3603795558,6.84958027774,7.93802261574,27.780281527,32.7101890166,7.5534996038,9.6585699883,8.32879911575,7.70828220149,6.28484183022,8.04812819733,58.9058357543,65.4525968395,11.1233086211,13.8531247131,2.3890120654,2.7319443786,19.4680920998,21.7341120883,143.884914374,155.28150525,242.981151678,301.488988297,8.03120314074,9.95252693441,18.8354963971,23.8496605316,62.366887041,74.6967850104
1442,52.1816605024,56.9859430162,4.81555093044,5.27960433057,27.780272342,32.7092559615,7.5534996038,9.6585699883,7.70791213723,9.03056564462,6.28484183022,8.04812819733,58.9060581177,65.4515493298,7.39812947798,7.97897849073,2.3890120654,2.7319443786,19.4680920998,21.7341120883,143.884914372,155.281505248,242.820914841,301.306877667,7.73336961941,9.67449199179,17.8994299061,22.4660256697,58.5998209473,69.2747746204
1443,51.8008947981,56.9195435928,4.84231554767,5.28407495135,27.7801722055,32.7097949758,7.5534996038,9.6585699883,8.32558762511,7.70823834559,6.28484183022,8.04812819733,58.9068857374,65.4533919979,7.42698602356,7.98018609518,2.3890120654,2.7319443786,19.4680920998,21.7341120883,143.884914312,155.281505189,242.924958553,301.428677676,7.73091247728,9.68296786151,17.8037636497,22.3319573715,58.2804159017,68.8393899858
1444,51.4479234081,56.8721385888,4.84415158774,5.28163534383,27.7789471111,32.7093726821,7.5534996038,9.6585699883,7.70791213723,9.00931748726,6.28484183022,8.04812819733,58.9052120203,65.4530182221,7.42420797712,7.97515112675,2.3890120654,2.7319443786,19.4680920998,21.7341120883,143.884914322,155.2815052,242.956194537,301.473312251,7.58040026522,9.55814022396,16.7400637285,20.6856302537,54.1812530993,62.7928258021
1445,51.1493182601,56.8413838649,4.85070072478,5.28069220734,27.7778272279,32.7089194551,7.5534996038,9.6585699883,8.32472508439,7.71178711206,6.28484183022,8.04812819733,58.903775982,65.4525362649,7.43120953381,7.97361534442,2.3890120654,2.7319443786,19.4680920998,21.7341120883,143.884914272,155.28150515,243.329948928,301.910909739,7.58379746717,9.56550947245,16.6953242325,20.6047485802,54.1724945972,62.7995928708
1446,50.9364647724,56.9148821818,4.85398811349,5.28016619436,27.7770820051,32.7087106457,7.5534996038,9.6585699883,7.70791213723,9.01380707362,6.28484183022,8.04812819733,58.9028234623,65.4523541543,7.43413567054,7.97232636323,2.3890120654,2.7319443786,19.4680920998,21.7341120883,143.884914293,155.281505171,243.859510751,302.543283383,7.51251312656,9.50034573128,16.649101302,20.5464697091,54.1385598678,62.7674548175
1447,50.812477096,57.0564931167,4.85728637647,5.28011606199,27.7762980997,32.7085319746,7.5534996038,9.6585699883,8.31581102882,7.71287276274,6.28484183022,8.04812819733,58.9017285286,65.4521471669,7.43745751009,7.97180842218,2.3890120654,2.7319443786,19.4680920998,21.7341120883,143.884914251,155.28150513,244.460914101,303.272223971,7.5130696465,9.51898219087,16.571410024,20.4708287142,54.0308918506,62.6003211202
1448,62.2484206521,68.7014255677,5.19779673598,5.62029648769,28.322638069,33.2562391722,7.5534996038,9.6585699883,7.70791213723,9.0231947232,6.28484183022,8.04812819733,59.9946778443,66.5471383353,7.77724076929,8.31134316701,2.3890120654,2.7319443786,19.4680920998,21.7341120883,149.996013183,161.392604062,291.289573235,372.677253058,8.55566590555,10.5555130524,17.3479988943,21.2369090027,57.6605757421,66.2456032011
1449,62.2744708914,68.8856723558,5.20096917363,5.62108146747,28.323923251,33.2575155933,7.5534996038,9.6585699883,8.30423398853,7.71432862356,6.28484183022,8.04812819733,59.9976406868,66.5507068605,7.78046222058,8.31180477844,2.3890120654,2.7319443786,19.4680920998,21.7341120883,149.996013148,161.392604028,291.719793678,373.193568191,8.5575295885,10.5467689327,17.3393406315,21.2201593809,57.8766746973,66.6500161453
1450,62.2469007233,68.97947715,7.22868544895,8.2728369958,28.3233574093,33.2569844765,7.5534996038,9.6585699883,7.70791213723,9.00045714338,6.28484183022,8.04812819733,59.9967509279,66.5504275015,11.4993619282,14.2086784262,2.526513406,2.9808780324,20.8083001057,23.8378400826,174.679100741,192.305782499,292.66863975,374.300203506,10.8336754298,12.806196137,21.1632370849,26.1277760716,71.6651848271,84.062197164
1451,62.3054954258,69.1137962251,7.18925015885,8.2756468222,28.1536436478,33.0849713468,7.5534996038,9.6585699883,8.32768879958,7.7142988572,6.28484183022,8.04812819733,59.6589712102,66.2101609509,11.4562684896,14.1970423087,2.526513406,2.9808780324,20.8083001057,23.8378400826,174.67910084,192.305782601,292.480799198,374.170295902,10.8389710439,12.7820729101,21.2327491728,26.1879359531,72.3750329246,85.3772067845
1452,84.2333276376,98.4415822977,14.290580455,16.1180986336,32.952178737,38.9713687635,10.78927907,15.6885443485,9.43586759362,11.7712363241,9.48239222495,16.3322985284,97.5713379442,119.160222554,19.3120267036,22.553312329,3.41309716735,4.68055446677,51.4272040606,37.5772607629,213.118878905,234.139216145,407.494889931,517.266330519,13.5138350568,15.4119885602,37.3175800862,44.1945688153,122.181964176,143.250112092
1453,84.8976286878,97.4378602002,14.2931119868,16.1237757918,32.8863157877,38.8584431972,10.78927907,15.6885443485,9.43586759362,11.7712363241,9.45436480577,16.3622548651,97.4683275085,118.925507669,19.3012378892,22.5557021284,3.40413649516,4.68055446677,51.3794919408,37.5772607629,212.962213752,233.917963182,408.191188003,518.133504183,13.5499486682,15.3589460991,37.7216733679,44.557715415,123.504759748,145.839924213
1454,83.4944044212,93.9303893156,12.8897598697,14.5008664975,60.7282415188,81.8025720973,8.68210405739,15.8685804894,15.2194038444,13.1246369282,9.33369506334,18.0120320343,176.872974374,214.979312062,20.8099462658,23.636036637,2.79523536568,4.29328908197,51.9913545663,42.7069035095,249.372544717,290.057371961,462.239108916,586.637703591,12.3411586761,13.5906753616,44.5005931212,48.0676351435,144.830785386,192.1981632
1455,81.8422459639,91.8021130837,12.8942321485,14.5051077353,60.6958672377,81.7609465829,8.68210405739,15.8685804894,15.2194038444,13.1246369282,9.23052315305,17.8453515312,176.845594819,214.940697157,20.811888566,23.6444190693,2.79523536568,4.29328908197,46.5970508309,42.733488115,249.285202978,289.948304605,462.721876755,587.393749722,12.4123019161,13.4790256034,45.3209733137,49.0907490368,147.395584095,185.822897488
1456,124.955783097,140.948127584,10.3991247377,12.0099099361,83.595209576,104.507800972,15.5033355762,29.2782343152,24.9586402561,19.4512376933,16.7226745149,30.6781357266,223.505381741,260.927075031,20.8135646168,23.6244949835,5.85120095952,8.69197420405,73.1756907399,86.880503227,540.71929035,660.303120428,483.896947055,608.620723721,12.00381045,13.5338047981,37.8348593511,42.1988695534,126.03324827,156.483947939
1457,106.058093643,121.808988009,10.3973192516,12.0084325959,84.0470795163,105.327632563,15.5033355762,29.2782343152,24.9586402561,19.4512376933,16.6327228373,30.5392879844,224.114589802,260.94680265,20.8118804106,23.6526892172,5.83966765292,8.70682243351,67.6947652631,87.0164564204,542.203658239,662.237462056,484.052321265,608.862803553,12.1877873994,13.4239857448,38.2944835776,43.4190131905,126.127859863,153.905039951
1458,129.175110778,153.501126119,10.4036610985,12.015197686,84.6702563989,106.250361475,23.6994740226,46.2589358376,30.9456646915,23.1631716976,25.4333381861,46.549611087,225.01480241,260.982389539,17.072746245,19.903848048,5.82611111827,8.73405002543,62.7717811513,82.8508498997,526.215853762,646.966111677,500.868748647,625.713639677,10.7937970354,11.974968083,35.7381406821,42.0512480287,113.080055212,139.622164229
1459,129.341423225,153.550086398,10.4053546651,12.0166369661,85.0604720652,106.820087067,23.6994740226,46.2589358376,30.9456646915,23.1631716976,25.4143112347,46.549611087,225.607007212,260.976741941,17.0684008684,19.8891482175,5.83078959278,8.72442132604,61.3173744171,82.9130106539,539.560160782,658.776074751,501.11372059,625.939787486,11.0216839138,11.9493697754,36.2724666263,42.9840489249,113.403482956,139.163583904
1460,126.587266758,150.914695281,12.9015212831,14.5126426638,87.4394518232,109.362052973,23.6994740226,46.2589358376,30.9456646915,23.1631716976,25.4143112347,46.549611087,229.223089654,263.972969676,20.8146960851,23.6526135323,5.85855940896,8.79151904934,60.1981107742,81.9647250606,520.753247005,646.267841727,504.964398572,629.862054755,9.66593770106,10.4587545926,26.6302662341,32.1832714149,88.9721772644,109.112408824
1461,124.474626277,148.660710073,12.9102879056,14.5207209643,87.7822585637,109.890769001,23.6994740226,46.2589358376,30.9456646915,23.1631716976,25.4143112347,46.549611087,229.888204227,263.990751079,20.8200124248,23.6361274015,5.84723347449,8.83037227322,60.3959339079,81.9041923267,522.55535503,648.65380877,505.133333543,629.978819618,9.57733890535,10.4338284405,26.2733849099,31.9804213624,88.4123689083,108.708072834
1462,133.696553413,157.714847127,13.6932870727,15.3045593117,88.4577368592,110.739260792,23.6994740226,46.2589358376,30.9456646915,23.1631716976,25.4143112347,46.549611087,230.758724783,264.252724093,21.2164131434,24.0538845113,5.91376604794,8.9026246546,61.4581317891,82.8724721731,524.254245228,650.892399056,505.80791063,630.669864747,9.88511705954,10.4814589047,26.7272224493,32.3956785205,89.0578257848,110.085826571
1463,142.410511904,166.316805867,13.2300820638,14.8409245459,88.6909558566,111.019995526,23.6994740226,46.2589358376,30.9456646915,23.1631716976,25.4143112347,46.549611087,231.584639724,264.614429235,21.1315408655,23.9647787655,5.86260612686,8.86187089277,61.8001156222,82.8332309162,525.527880568,652.577768395,506.287439952,631.168983012,9.69590914763,10.4689850117,26.2949059461,31.8211936781,88.3133403308,109.096384627
1464,131.501921511,155.443058359,13.1600908926,14.7706999492,88.6312284624,111.091163983,23.6994740226,46.2589358376,27.6992525542,21.0543047759,25.4200026431,46.549611087,231.695673834,266.254149992,20.8777868457,23.7082183546,5.63154184257,8.62157205791,62.3702436381,82.5331607994,502.5741165,630.247349655,485.160215923,610.193109011,9.78044347789,10.225840856,26.9410771231,32.4166306057,88.4103009505,109.903546049
1465,128.59250371,152.639628954,12.9148597854,14.5255449437,88.6528906152,110.991063568,23.6994740226,46.2589358376,27.6992525542,21.0543047759,25.4730929982,46.549611087,231.966549351,270.320685173,20.8203456374,23.6403239683,5.64479934569,8.74600431641,61.9481423162,82.554590654,503.176841236,631.042272291,484.976678995,610.129320569,9.91262650863,10.2075206131,27.2501715253,32.7999122746,88.5510505425,110.790225609
1466,129.520082586,153.543242397,12.9305095815,14.5410384844,86.8260066337,109.002570969,23.6994740226,46.2589358376,30.9456646915,23.1631716976,25.4939600321,46.549611087,229.164981146,272.174962945,17.0891243504,19.9116545704,5.96171469225,9.20869938429,61.4614171769,83.7366161843,528.486292915,656.509228766,501.477355242,626.589962109,9.8359308119,10.1506708921,27.4169308146,33.3209936468,83.7432974823,106.142369878
1467,127.475809704,151.526781859,12.9291376199,14.5401149643,86.8820045554,109.003398906,23.6994740226,46.2589358376,30.9456646915,23.1631716976,25.489115035,46.549611087,229.263128397,272.700418202,17.0804714025,19.9045699676,5.94850382058,9.26623809385,60.9279309425,83.7411195022,528.849072369,656.999707,501.267663665,626.286304374,9.82579693097,10.1672591139,27.4194904913,33.3719300153,83.6990753132,106.296130487
1468,125.615279869,149.647944753,10.434337619,12.0452840288,87.1772602357,109.337836415,23.6994740226,46.2589358376,30.9456646915,23.1631716976,25.5105683017,46.549611087,229.848982802,275.38679059,17.0848520597,19.9093227134,5.9700844124,9.35415214885,59.0541955399,81.9956438859,530.281981885,658.897018619,501.129670357,626.039162923,9.81923002789,10.1253376568,27.5215017011,33.4873207245,84.0311922477,107.007202746
1469,125.108222232,149.131306051,10.4239960655,12.0358798892,86.8003180555,108.794722722,23.6994740226,46.2589358376,30.9456646915,23.1631716976,25.4927799113,46.549611087,229.284080028,273.157505363,17.0809299225,19.9059983435,5.97116506984,9.35789778866,58.8614580997,81.960862672,528.79708642,656.958331151,500.753705151,625.668922996,9.78699661087,10.1182010323,27.4507290611,33.3641453321,83.5930859245,106.302629814
1470,122.876519029,146.889274167,10.4158718207,12.0284790238,85.6078450616,107.485495847,23.6994740226,46.2589358376,30.9456646915,23.1631716976,25.4978890939,46.549611087,225.045054135,267.576995225,17.0701907656,19.8963465691,5.98008544534,9.38266617058,58.8208637865,81.9313136524,527.98361812,655.923149656,500.419576545,625.317964009,10.4891478159,10.7938272936,27.3321658813,33.0436578795,83.416965901,106.019210637
1471,122.48598842,146.475172689,10.4099320902,12.0228788191,84.7853182108,106.558337828,23.6994740226,46.2589358376,30.9456646915,23.1631716976,25.4143112347,46.549611087,223.77798014,257.21605975,17.0672793369,19.8933315955,5.87854361605,9.16996129374,58.757937781,81.8345071138,525.080499413,652.116821387,499.952504078,624.613109997,10.1311997972,10.7254858654,26.670273053,31.9988966137,82.0296179198,103.198810977
1472,122.216432192,146.191570102,10.3656171166,11.9789539717,83.9765444224,105.732253491,23.6994740226,46.2589358376,30.9456646915,23.1631716976,25.4143112347,46.549611087,220.150372011,254.542154822,20.7751380206,23.6109888199,5.89180627664,9.10740616225,60.1622728853,83.2017238303,546.668506111,672.822285936,502.959237542,627.541768413,13.945860552,14.4626127914,28.9635236345,33.7378584095,95.712242061,116.751032725
1473,122.029148489,146.010395539,10.3651663229,11.9765483842,83.6298845499,105.227108154,23.6994740226,46.2589358376,30.9456646915,23.1631716976,25.4143112347,46.549611087,219.36851952,254.52834991,20.779869721,23.5983781746,5.85535414538,8.9982034752,60.3264002884,83.1716706508,544.6950512,670.235087202,502.739773825,627.235029636,13.8301695599,14.5030020115,28.7080320927,32.9046807175,94.5644129324,114.575976979
1474,128.818081455,154.217431198,14.1285160038,15.956794592,66.1111354103,88.6091020482,29.4419740226,53.0084358376,14.7065362507,12.7223804315,29.5473112347,51.547111087,187.995406198,225.56705655,22.896524269,26.1397226882,4.77174340928,6.95571454325,65.4645043276,83.4977266759,511.809240237,616.953540268,510.430306055,637.563919077,19.3290743885,20.1312267095,39.1684948359,46.189694855,119.660825603,143.273429078
1475,128.800132953,154.233168738,14.133609269,15.9599195149,65.9299374789,88.3480925715,29.4419740226,53.0084358376,14.8678601128,12.3114006041,29.5473112347,51.547111087,187.629211266,225.571466729,22.8986737575,26.139656369,4.78094376809,6.94702637837,66.8032949069,83.4977266759,510.860410122,615.576489836,510.471349763,637.584891066,19.2908260564,20.1656952445,39.1472838945,45.9947279061,119.535086862,142.655983096
1476,136.953693979,155.872784257,14.1329953103,15.9603998701,65.735781882,88.069749502,23.5195794158,40.4976189238,7.70791213723,8.43162936997,23.2233662019,39.8256426649,187.314134682,225.576105385,22.8993022079,26.1405505069,3.94673536568,5.67628908197,51.4865887463,61.6945101476,410.352644144,489.877096404,373.900295021,471.801030401,20.3746422767,21.2086290715,42.657360995,52.3638527134,146.411230634,181.83512733
1477,117.910393192,136.826288401,14.132583791,15.9602836539,65.7450682898,88.0883076573,23.5195794158,40.4976189238,8.01737631001,7.61901560199,23.2441936187,39.8256426649,187.263118902,225.575862739,22.9033976849,26.1412414684,3.94959526602,5.67628908197,52.63147181,61.735399212,410.26826113,489.764691181,373.892015538,471.78908411,20.3608564628,21.2252056472,42.8884325267,52.6248145455,147.218265356,183.324824141
1478,117.851449253,136.782108306,14.132765173,15.9603422758,65.5575849485,87.8132634249,23.5195794158,40.4976189238,7.70791213723,8.58428795712,23.2713187688,39.8587845434,186.906570932,225.563031052,19.1565275202,22.3971837986,3.94673536568,5.67628908197,51.6808059937,60.4101145432,397.150947424,476.362565295,370.147051236,468.044730728,19.8421254148,20.7636471401,44.4976813851,56.2210092591,150.930626582,194.83452196
1479,117.696368352,136.661323716,14.1317462966,15.9595148682,65.3610586622,87.5225858049,23.5195794158,40.4976189238,8.1122242299,7.64373470721,23.2887211512,39.8910175098,186.591215658,225.564081212,19.148559928,22.3903798319,3.94673536568,5.67628908197,52.4080867283,60.4101145432,396.306791846,475.247567483,369.987244865,467.864513854,19.7896452208,20.7834487133,44.5028979989,56.3200944335,150.375162017,194.524342244
1480,104.690109904,121.652730745,11.630623584,13.4587217165,65.1629270348,87.0829509206,21.2458355762,36.0277343152,7.70791213723,8.66699836956,20.796827465,35.6139730304,186.270433868,225.566946818,19.1464008747,22.3883814417,3.67173268448,5.17842177437,46.9369316526,49.3147865542,320.707870627,374.454519399,302.864164789,384.005299293,19.5034526764,20.5853657219,49.3141719427,62.0364538997,163.235507892,211.503432702
1481,104.393994538,121.256669472,11.6256621592,13.4537043497,64.8900662733,86.9095684738,21.2458355762,36.0277343152,8.17809871417,7.66085917082,20.8098460642,35.6361872816,185.636481211,225.574600317,19.144178432,22.3867166308,3.67173268448,5.17842177437,47.5691953209,49.3147865542,319.934616453,373.43393768,302.678789465,383.790710818,19.4597534203,20.6049667895,49.3135941216,62.0955563609,163.088835551,211.614844858
1482,74.5298349584,84.8239263185,11.604774446,13.4330325924,27.7482033611,32.686969802,11.1888245912,16.5881061292,7.70791213723,8.75354830425,10.3468034075,14.8064488759,58.8389849773,65.4057000619,19.1226135679,22.3644806207,3.67173268448,5.17842177437,47.194583534,48.672588752,307.705426879,321.130030702,282.906564568,364.001450189,16.6886501321,17.890502791,46.6161423353,58.3176376347,151.272100455,196.304037276
1483,75.0998689827,85.3564825863,11.6033981667,13.4314808107,27.7604789932,32.6972495962,11.1888245912,16.5881061292,8.21945670319,7.67279397224,10.3468034075,14.8064488759,58.8675223569,65.4296696413,19.1202802585,22.362278094,3.67173268448,5.17842177437,48.0193816312,48.672588752,275.360916802,321.146407958,282.806868477,363.887668717,16.6372585533,17.9143049629,46.6473161443,58.3315308014,151.737492533,197.175445967
1484,53.4232559452,56.2797994194,11.6021432551,13.4304338387,27.7692030948,32.7100771942,7.5534996038,9.6585699883,7.70791213723,8.81781675959,6.28484183022,8.04812819733,58.8864303985,65.4502440661,19.1180761658,22.3603083787,2.526513406,2.9808780324,20.8083001057,23.8378400826,174.678392765,192.305074529,249.180952884,307.752837657,13.0577548654,14.4910911282,33.364550553,42.8528583916,117.591061607,154.851861899
1485,53.9264801051,57.3961728472,11.6002930613,13.4285950027,27.7736690475,32.7123229791,7.5534996038,9.6585699883,8.25665732916,7.68426157331,6.28484183022,8.04812819733,58.8971509129,65.459322515,19.115351719,22.3575314331,2.526513406,2.9808780324,20.8083001057,23.8378400826,174.678392925,192.305074693,249.10146739,307.668491176,13.0125075536,14.5269338823,33.1081196947,42.498639412,116.639412437,153.147027844
1486,71.2355546759,75.2117871734,12.4220523359,14.2505447269,28.1561155489,33.0935944416,7.5534996038,9.6585699883,7.70791213723,8.88726652249,6.28484183022,8.04812819733,59.3190239612,65.8793051402,19.5519990202,22.7944759373,2.3890120654,2.7319443786,19.4680920998,21.7341120883,149.996013278,161.392604073,249.434608914,307.996141739,9.97189552268,11.6444105189,22.2058417145,28.3349320093,82.1955850524,105.025195159
1487,68.4280661528,72.5061292934,11.9230396795,13.7516185139,28.1128923682,33.0459419426,7.5534996038,9.6585699883,8.28224006024,7.69265198186,6.28484183022,8.04812819733,59.4104673075,65.9650883526,19.4385568619,22.6810037949,2.3890120654,2.7319443786,19.4680920998,21.7341120883,149.996013234,161.392604122,249.551903249,308.110360111,9.93724849657,11.6799665621,21.8599335196,27.9019122142,81.3111465094,103.502859282
1488,58.5711287775,62.8025172849,7.05503513703,8.1410393862,27.7811604167,32.7129281033,7.5534996038,9.6585699883,7.70791213723,8.91809752079,6.28484183022,8.04812819733,58.9106018443,65.4614739469,11.1539443571,13.8873288833,2.3890120654,2.7319443786,19.4680920998,21.7341120883,143.884914423,155.281505311,243.233103933,301.790103428,8.04873209145,9.88652706534,19.0321067566,24.0712443938,62.3715076304,73.5741114916
1489,53.4261357799,58.3396728736,6.85029383966,7.94020158224,27.7837390971,32.7131040723,7.5534996038,9.6585699883,8.29656866637,7.69893468099,6.28484183022,8.04812819733,58.9160164656,65.4627585242,11.125589246,13.8557861981,2.3890120654,2.7319443786,19.4680920998,21.7341120883,143.884914386,155.281505274,243.348177341,301.929978966,8.03110797561,9.91983816629,18.8396912573,23.8704459482,62.059992015,73.4543244407
1490,51.8162023484,56.9784008545,4.81683841372,5.28110932114,27.7840803438,32.7115895842,7.5534996038,9.6585699883,7.70791213723,8.95702689594,6.28484183022,8.04812819733,58.917220591,65.4604166751,7.39975358487,7.98092196906,2.3890120654,2.7319443786,19.4680920998,21.7341120883,143.884914424,155.281505312,243.235220248,301.807964275,7.72744424585,9.66231213488,17.8607982943,22.4419566564,58.2550962563,68.0632278872
1491,51.5073393052,56.9636370641,4.84425035871,5.28644144978,27.7836309209,32.712093332,7.5534996038,9.6585699883,8.31314143439,7.70492829511,6.28484183022,8.04812819733,58.917439375,65.4621715811,7.42879485263,7.98261745267,2.3890120654,2.7319443786,19.4680920998,21.7341120883,143.884914394,155.281505282,243.534658852,302.155439985,7.72638465621,9.66692057628,17.7945525811,22.3244262406,58.0322453223,67.8799429076
1492,51.2305116238,56.9962465797,4.84616457062,5.28428054323,27.78257233,32.7119109522,7.5534996038,9.6585699883,7.70791213723,8.95706117502,6.28484183022,8.04812819733,58.9160066611,65.462210889,7.42604852099,7.97780190822,2.3890120654,2.7319443786,19.4680920998,21.7341120883,143.884914441,155.281505328,243.672371637,302.330859241,7.5786610057,9.5409094501,16.7360082798,20.6832323484,53.9624340511,61.9586090491
1493,51.00329207,57.0163735344,4.85277391089,5.28349264939,27.7814019996,32.7115469792,7.5534996038,9.6585699883,8.31257444948,7.70774665364,6.28484183022,8.04812819733,58.9144265023,65.4618841538,7.43309000864,7.97640201128,2.3890120654,2.7319443786,19.4680920998,21.7341120883,143.884914416,155.281505304,243.755838541,302.435009221,7.58151569484,9.54772953928,16.6850493479,20.6003479519,53.956852431,62.0115106637
1494,50.8026897033,57.0259042148,4.85599734838,5.28228957885,27.7806062202,32.7113227889,7.5534996038,9.6585699883,7.70791213723,8.95432040065,6.28484183022,8.04812819733,58.9133768543,65.4616807712,7.43599388765,7.97451266947,2.3890120654,2.7319443786,19.4680920998,21.7341120883,143.88491447,155.281505358,243.997345234,302.725021781,7.50864004307,9.48630347286,16.6249381182,20.5278065759,53.9090951927,61.9930866668
1495,50.7113946739,57.1296953709,4.85977440536,5.2823149798,27.7803326662,32.7116980797,7.5534996038,9.6585699883,8.29769744548,7.70770885638,6.28484183022,8.04812819733,58.913430837,65.4626720045,7.43982649898,7.97409075127,2.3890120654,2.7319443786,19.4680920998,21.7341120883,143.884914451,155.281505338,244.500419013,303.323999639,7.50907902234,9.48707547058,16.5785115939,20.4810787377,53.86990201,61.9832001118
1496,54.0585622846,60.6666766558,4.93648276779,5.3566303033,27.8909502732,32.8229587131,7.5534996038,9.6585699883,7.70791213723,8.93288432113,6.28484183022,8.04812819733,59.135115882,65.685237888,7.51660321435,8.04801393707,2.3890120654,2.7319443786,19.4680920998,21.7341120883,149.996013413,161.392604301,289.928526581,371.310697906,8.55064093767,10.521711316,17.3469578953,21.2485246674,57.1599502282,65.3115501302
1497,53.9876912925,60.7322453762,4.93841071726,5.35603278043,27.8902642319,32.8227678604,7.5534996038,9.6585699883,8.31962506058,7.70874824198,6.28484183022,8.04812819733,59.1340505323,65.6848128009,7.51864119545,8.04713792078,2.3890120654,2.7319443786,19.4680920998,21.7341120883,149.996013398,161.392604285,290.472479957,371.962050129,8.5506986921,10.5308672193,17.2994851833,21.1948768955,57.3029495625,65.5786679881
1498,53.7675604659,60.6501772675,6.96801652767,8.0093008968,27.882201716,32.815308965,7.5534996038,9.6585699883,7.70791213723,8.93863117322,6.28484183022,8.04812819733,59.1182914858,65.66996048,11.2394028737,13.9414109733,2.526513406,2.9808780324,20.8083001057,23.8378400826,174.679100484,192.305782255,291.752906231,373.468496129,10.8272382793,12.7866038543,21.1433573093,26.1119762063,71.1253043993,83.0677776282
1499,53.8463352195,60.8400760489,6.92485095604,8.01368422126,27.8824107483,32.8155492412,7.5534996038,9.6585699883,8.33334875737,7.71190513491,6.28484183022,8.04812819733,59.1190516493,65.6714386696,11.1923681435,13.9247724937,2.526513406,2.9808780324,20.8083001057,23.8378400826,174.679100855,192.305782624,292.346896446,374.227094243,10.8306032128,12.7711865191,21.1883144856,26.1455310272,71.7655176525,84.2043858564
